CITY_1	LONDON|CITY OF LONDON
CITY_2	LONDON|CITY OF LONDON
CITY_3	LONDON|CITY OF LONDON
CITY_4	LONDON|CITY OF LONDON
CITY_5	LONDON|CITY OF LONDON
CITY_6	LONDON|CITY OF LONDON
CITY_7	LONDON|CITY OF LONDON
CITY_8	LONDON|CITY OF LONDON
CITY_9	LONDON|CITY OF LONDON
CITY_10	LONDON|CITY OF LONDON
CITY_11	LONDON|CITY OF LONDON
CITY_12	LONDON|CITY OF LONDON
CITY_13	LONDON|CITY OF LONDON
CITY_14	LONDON|CITY OF LONDON
CITY_15	LONDON|CITY OF LONDON
CITY_16	LONDON|CITY OF LONDON
CITY_17	LONDON|CITY OF LONDON
CITY_18	LONDON|CITY OF LONDON
CITY_19	LONDON|CITY OF LONDON
CITY_20	LONDON|CITY OF LONDON
CITY_21	LONDON|CITY OF LONDON
CITY_22	CITY OF CITY OF LONDON|LONDON|CITY OF LONDON
CITY_23	LONDON|CITY OF LONDON
CITY_24	LONDON|CITY OF LONDON
CITY_25	LONDON|CITY OF LONDON
CITY_26	LONDON|CITY OF LONDON
CITY_27	LONDON|CITY OF LONDON
CITY_28	LONDON|CITY OF LONDON
CITY_29	LONDON|CITY OF LONDON
CITY_30	LONDON|CITY OF LONDON
CITY_31	LONDON|CITY OF LONDON
CITY_32	LONDON|CITY OF LONDON
CITY_33	LONDON|CITY OF LONDON
CITY_34	LONDON|CITY OF LONDON
CITY_35	LONDON|CITY OF LONDON
CITY_36	LONDON|CITY OF LONDON
CITY_37	LONDON|CITY OF LONDON
CITY_38	LONDON|CITY OF LONDON
CITY_39	LONDON|CITY OF LONDON
CITY_40	LONDON|CITY OF LONDON
CITY_41	LONDON|CITY OF LONDON
CITY_42	LONDON|CITY OF LONDON
CITY_43	LONDON|CITY OF LONDON
CITY_44	LONDON|CITY OF LONDON
CITY_45	LONDON|CITY OF LONDON
CITY_46	LONDON|CITY OF LONDON
CITY_47	LONDON|CITY OF LONDON
CITY_48	LONDON|CITY OF LONDON
CITY_49	LONDON|CITY OF LONDON
CITY_50	LONDON|CITY OF LONDON
CITY_51	LONDON|CITY OF LONDON
CITY_52	LONDON|CITY OF LONDON
CITY_53	LONDON|CITY OF LONDON
CITY_54	LONDON|CITY OF LONDON
CITY_55	LONDON|CITY OF LONDON
CITY_56	LONDON|CITY OF LONDON
CITY_57	LONDON|CITY OF LONDON
CITY_58	LONDON|CITY OF LONDON
CITY_59	LONDON|CITY OF LONDON
CITY_60	LONDON|CITY OF LONDON
CITY_61	LONDON|CITY OF LONDON
CITY_62	LONDON|CITY OF LONDON
CITY_63	LONDON|CITY OF LONDON
CITY_64	LONDON|CITY OF LONDON
CITY_65	LONDON|CITY OF LONDON
CITY_66	LONDON|CITY OF LONDON
CITY_67	LONDON|CITY OF LONDON
CITY_68	LONDON|CITY OF LONDON
CITY_69	LONDON|CITY OF LONDON
CITY_70	LONDON|CITY OF LONDON
CITY_71	LONDON|CITY OF LONDON
CITY_72	LONDON|CITY OF LONDON
CITY_73	LONDON|CITY OF LONDON
CITY_74	LONDON|CITY OF LONDON
CITY_75	LONDON|CITY OF LONDON
CITY_76	LONDON|CITY OF LONDON
CITY_77	LONDON|CITY OF LONDON
CITY_78	LONDON|CITY OF LONDON
CITY_79	LONDON|CITY OF LONDON
CITY_80	LONDON|CITY OF LONDON
CITY_81	LONDON|CITY OF LONDON
CITY_82	LONDON|CITY OF LONDON
CITY_83	LONDON|CITY OF LONDON
CITY_84	LONDON|CITY OF LONDON
CITY_85	LONDON|CITY OF LONDON
CITY_86	LONDON|CITY OF LONDON
CITY_87	LONDON|CITY OF LONDON
CITY_88	LONDON|CITY OF LONDON
CITY_89	LONDON|CITY OF LONDON
CITY_90	LONDON|CITY OF LONDON
CITY_91	LONDON|CITY OF LONDON
CITY_92	LONDON|CITY OF LONDON
CITY_93	LONDON|CITY OF LONDON
CITY_94	LONDON|CITY OF LONDON
CITY_95	LONDON|CITY OF LONDON
CITY_96	LONDON|CITY OF LONDON
CITY_97	LONDON|CITY OF LONDON
CITY_98	LONDON|CITY OF LONDON|ENGLAND
CITY_99	LONDON|CITY OF LONDON
CITY_100	LONDON|CITY OF LONDON
CITY_101	LONDON|CITY OF LONDON
CITY_102	LONDON|CITY OF LONDON
CITY_103	LONDON|CITY OF LONDON
CITY_104	LONDON|CITY OF LONDON
CITY_105	LONDON|CITY OF LONDON
CITY_106	LONDON|CITY OF LONDON
CITY_107	LONDON|CITY OF LONDON
CITY_108	LONDON|CITY OF LONDON
CITY_109	LONDON|CITY OF LONDON
CITY_110	LONDON|CITY OF LONDON
CITY_111	LONDON|CITY OF LONDON
CITY_112	LONDON|CITY OF LONDON
CITY_113	LONDON|CITY OF LONDON
CITY_114	LONDON|CITY OF LONDON
CITY_115	LONDON|CITY OF LONDON
CITY_116	LONDON|CITY OF LONDON
CITY_117	LONDON|CITY OF LONDON
CITY_118	LONDON|CITY OF LONDON
CITY_119	LONDON|CITY OF LONDON
CITY_120	LONDON|CITY OF LONDON
CITY_121	LONDON|CITY OF LONDON
CITY_122	LONDON|CITY OF LONDON
CITY_123	LONDON|CITY OF LONDON
CITY_124	LONDON|CITY OF LONDON
CITY_125	LONDON|CITY OF LONDON
CITY_126	LONDON|CITY OF LONDON
CITY_127	LONDON|CITY OF LONDON
CITY_128	LONDON|CITY OF LONDON
CITY_129	LONDON|CITY OF LONDON
CITY_130	LONDON|CITY OF LONDON
CITY_131	LONDON|CITY OF LONDON
CITY_132	LONDON|CITY OF LONDON
CITY_133	LONDON|CITY OF LONDON
CITY_134	LONDON|CITY OF LONDON
CITY_135	LONDON|CITY OF LONDON
CITY_136	LONDON|CITY OF LONDON
CITY_137	LONDON|CITY OF LONDON
CITY_138	LONDON|CITY OF LONDON
CITY_139	LONDON|CITY OF LONDON
CITY_140	LONDON|CITY OF LONDON
CITY_141	LONDON|CITY OF LONDON
CITY_142	LONDON|CITY OF LONDON
CITY_143	LONDON|CITY OF LONDON
CITY_144	LONDON|CITY OF LONDON
CITY_145	LONDON|CITY OF LONDON
CITY_146	LONDON|CITY OF LONDON
CITY_147	LONDON|CITY OF LONDON
CITY_148	LONDON|CITY OF LONDON
CITY_149	LONDON|CITY OF LONDON
CITY_150	LONDON|CITY OF LONDON
CITY_151	LONDON|CITY OF LONDON
CITY_152	LONDON|CITY OF LONDON
CITY_153	LONDON|CITY OF LONDON
CITY_154	LONDON|CITY OF LONDON
CITY_155	LONDON|CITY OF LONDON
CITY_156	LONDON|CITY OF LONDON
CITY_157	LONDON|CITY OF LONDON
CITY_158	LONDON|CITY OF LONDON
CITY_159	LONDON|CITY OF LONDON
CITY_160	LONDON|CITY OF LONDON
CITY_161	LONDON|CITY OF LONDON
CITY_162	LONDON|CITY OF LONDON
CITY_163	LONDON|CITY OF LONDON
CITY_164	LONDON|CITY OF LONDON
CITY_165	LONDON|CITY OF LONDON
CITY_166	LONDON|CITY OF LONDON
CITY_167	LONDON|CITY OF LONDON
CITY_168	LONDON|CITY OF LONDON
CITY_169	LONDON|CITY OF LONDON
CITY_170	LONDON|CITY OF LONDON
CITY_171	LONDON|CITY OF LONDON
CITY_172	LONDON|CITY OF LONDON
CITY_173	LONDON|CITY OF LONDON
CITY_174	LONDON|CITY OF LONDON
CITY_175	LONDON|CITY OF LONDON
CITY_176	LONDON|CITY OF LONDON
CITY_177	LONDON|CITY OF LONDON
CITY_178	LONDON|CITY OF LONDON
CITY_179	LONDON|CITY OF LONDON
CITY_180	LONDON|CITY OF LONDON
CITY_181	LONDON|CITY OF LONDON
CITY_182	LONDON|CITY OF LONDON
CITY_183	LONDON|CITY OF LONDON
CITY_184	LONDON|CITY OF LONDON
CITY_185	LONDON|CITY OF LONDON
CITY_186	LONDON|CITY OF LONDON
CITY_187	LONDON|CITY OF LONDON
CITY_188	LONDON|CITY OF LONDON
CITY_189	LONDON|CITY OF LONDON
CITY_190	LONDON|CITY OF LONDON
CITY_191	LONDON|CITY OF LONDON
CITY_192	LONDON|CITY OF LONDON
CITY_193	LONDON|CITY OF LONDON
CITY_194	LONDON|CITY OF LONDON
CITY_195	LONDON|CITY OF LONDON
CITY_196	LONDON|CITY OF LONDON
CITY_197	LONDON|CITY OF LONDON
CITY_198	LONDON|CITY OF LONDON
CITY_199	LONDON|CITY OF LONDON
CITY_200	CITY OF CITY OF LONDON|LONDON|CITY OF LONDON
CITY_201	LONDON|CITY OF LONDON
CITY_202	LONDON|CITY OF LONDON
CITY_203	LONDON|CITY OF LONDON
CITY_204	LONDON|CITY OF LONDON
CITY_205	LONDON|CITY OF LONDON
CITY_206	LONDON|CITY OF LONDON
CITY_207	LONDON|CITY OF LONDON
CITY_208	LONDON|CITY OF LONDON
CITY_209	LONDON|CITY OF LONDON
CITY_210	LONDON|CITY OF LONDON|HOLBORN
CITY_211	LONDON|CITY OF LONDON
CITY_212	LONDON|CITY OF LONDON
CITY_213	LONDON|CITY OF LONDON
CITY_214	LONDON|CITY OF LONDON
CITY_215	LONDON|CITY OF LONDON
CITY_216	LONDON|CITY OF LONDON
CITY_217	LONDON|CITY OF LONDON
CITY_218	LONDON|CITY OF LONDON
CITY_219	LONDON|CITY OF LONDON
CITY_220	LONDON|CITY OF LONDON
CITY_221	LONDON|CITY OF LONDON
CITY_222	LONDON|CITY OF LONDON
CITY_223	LONDON|CITY OF LONDON
CITY_224	LONDON|CITY OF LONDON
CITY_225	LONDON|CITY OF LONDON
CITY_226	LONDON|CITY OF LONDON
CITY_227	LONDON|CITY OF LONDON
CITY_228	LONDON|CITY OF LONDON
CITY_229	LONDON|CITY OF LONDON
CITY_230	LONDON|CITY OF LONDON
CITY_231	LONDON|CITY OF LONDON
CITY_232	LONDON|CITY OF LONDON
CITY_233	LONDON|CITY OF LONDON
CITY_234	LONDON|CITY OF LONDON
CITY_235	LONDON|CITY OF LONDON
CITY_236	LONDON|CITY OF LONDON
CITY_237	LONDON|CITY OF LONDON
CITY_238	LONDON|CITY OF LONDON
CITY_239	LONDON|CITY OF LONDON
CITY_240	LONDON|CITY OF LONDON
CITY_241	LONDON|CITY OF LONDON
CITY_242	LONDON|CITY OF LONDON
CITY_243	LONDON|CITY OF LONDON
CITY_244	LONDON|CITY OF LONDON
CITY_245	LONDON|CITY OF LONDON
CITY_246	LONDON|CITY OF LONDON
CITY_247	LONDON|CITY OF LONDON
CITY_248	LONDON|CITY OF LONDON
CITY_249	LONDON|CITY OF LONDON
CITY_250	LONDON|CITY OF LONDON
CITY_251	LONDON|CITY OF LONDON
CITY_252	LONDON|CITY OF LONDON
CITY_253	LONDON|CITY OF LONDON
CITY_254	LONDON|CITY OF LONDON
CITY_255	LONDON|CITY OF LONDON
CITY_256	LONDON|CITY OF LONDON
CITY_257	LONDON|CITY OF LONDON
CITY_258	LONDON|CITY OF LONDON
CITY_259	LONDON|CITY OF LONDON
CITY_260	LONDON|CITY OF LONDON
CITY_261	LONDON|CITY OF LONDON
CITY_262	LONDON|CITY OF LONDON
CITY_263	LONDON|CITY OF LONDON
CITY_264	LONDON|CITY OF LONDON
CITY_265	LONDON|CITY OF LONDON
CITY_266	LONDON|CITY OF LONDON
CITY_267	LONDON|CITY OF LONDON
CITY_268	LONDON|CITY OF LONDON
CITY_269	LONDON|CITY OF LONDON
CITY_270	LONDON|CITY OF LONDON
CITY_271	LONDON|CITY OF LONDON
CITY_272	LONDON|CITY OF LONDON
CITY_273	LONDON|CITY OF LONDON
CITY_274	LONDON|CITY OF LONDON
CITY_275	LONDON|CITY OF LONDON
CITY_276	LONDON|CITY OF LONDON
CITY_277	LONDON|CITY OF LONDON
CITY_278	LONDON|CITY OF LONDON
CITY_279	LONDON|CITY OF LONDON
CITY_280	LONDON|CITY OF LONDON
CITY_281	LONDON|CITY OF LONDON
CITY_282	LONDON|CITY OF LONDON
CITY_283	LONDON|CITY OF LONDON
CITY_284	LONDON|CITY OF LONDON
CITY_285	LONDON|CITY OF LONDON
CITY_286	LONDON|CITY OF LONDON
CITY_287	LONDON|CITY OF LONDON
CITY_288	LONDON|CITY OF LONDON
CITY_289	LONDON|CITY OF LONDON
CITY_290	LONDON|CITY OF LONDON
CITY_291	LONDON|CITY OF LONDON
CITY_292	LONDON|CITY OF LONDON
CITY_293	LONDON|CITY OF LONDON
CITY_294	LONDON|CITY OF LONDON
CITY_295	LONDON|CITY OF LONDON
CITY_296	LONDON|CITY OF LONDON
CITY_297	LONDON|CITY OF LONDON
CITY_298	LONDON|CITY OF LONDON
CITY_299	LONDON|CITY OF LONDON
CITY_300	LONDON|CITY OF LONDON
CITY_301	LONDON|CITY OF LONDON
CITY_302	LONDON|CITY OF LONDON
CITY_303	LONDON|CITY OF LONDON
CITY_304	LONDON|CITY OF LONDON
CITY_305	LONDON|CITY OF LONDON
CITY_306	LONDON|CITY OF LONDON
CITY_307	LONDON|CITY OF LONDON
CITY_308	LONDON|CITY OF LONDON
CITY_309	LONDON|CITY OF LONDON
CITY_310	LONDON|CITY OF LONDON
CITY_311	LONDON|CITY OF LONDON
CITY_312	LONDON|CITY OF LONDON
CITY_313	LONDON|CITY OF LONDON
CITY_314	LONDON|CITY OF LONDON
CITY_315	LONDON|CITY OF LONDON
CITY_316	LONDON|CITY OF LONDON
CITY_317	LONDON|CITY OF LONDON
CITY_318	LONDON|CITY OF LONDON
CITY_319	LONDON|CITY OF LONDON
CITY_320	LONDON|CITY OF LONDON
CITY_321	LONDON|CITY OF LONDON
CITY_322	LONDON|CITY OF LONDON
CITY_323	LONDON|CITY OF LONDON
CITY_324	LONDON|CITY OF LONDON
CITY_325	LONDON|CITY OF LONDON
CITY_326	LONDON|CITY OF LONDON
CITY_327	LONDON|CITY OF LONDON
CITY_328	LONDON|CITY OF LONDON
CITY_329	LONDON|CITY OF LONDON
CITY_330	LONDON|CITY OF LONDON
CITY_331	LONDON|CITY OF LONDON
CITY_332	LONDON|CITY OF LONDON
CITY_333	LONDON|CITY OF LONDON
CITY_334	LONDON|CITY OF LONDON
CITY_335	LONDON|CITY OF LONDON
CITY_336	LONDON|CITY OF LONDON
CITY_337	LONDON|CITY OF LONDON
CITY_338	LONDON|CITY OF LONDON
CITY_339	LONDON|CITY OF LONDON
CITY_340	LONDON|CITY OF LONDON
CITY_341	LONDON|CITY OF LONDON
CITY_342	LONDON|CITY OF LONDON
CITY_343	LONDON|CITY OF LONDON
CITY_344	LONDON|CITY OF LONDON
CITY_345	LONDON|CITY OF LONDON
CITY_346	LONDON|CITY OF LONDON
CITY_347	LONDON|CITY OF LONDON
CITY_348	LONDON|CITY OF LONDON|ISLINGTON
CITY_349	LONDON|CITY OF LONDON
CITY_350	LONDON|CITY OF LONDON
CITY_351	LONDON|CITY OF LONDON
CITY_352	LONDON|CITY OF LONDON
CITY_353	LONDON|CITY OF LONDON
CITY_354	LONDON|CITY OF LONDON
CITY_355	LONDON|CITY OF LONDON
CITY_356	LONDON|CITY OF LONDON
CITY_357	LONDON|CITY OF LONDON
CITY_358	LONDON|CITY OF LONDON
CITY_359	LONDON|CITY OF LONDON
CITY_360	LONDON|CITY OF LONDON
CITY_361	LONDON|CITY OF LONDON
CITY_362	LONDON|CITY OF LONDON
CITY_363	LONDON|CITY OF LONDON
CITY_364	LONDON|CITY OF LONDON
CITY_365	LONDON|CITY OF LONDON
CITY_366	LONDON|CITY OF LONDON
CITY_367	LONDON|CITY OF LONDON
CITY_368	LONDON|CITY OF LONDON
CITY_369	LONDON|CITY OF LONDON
CITY_370	LONDON|CITY OF LONDON
CITY_371	LONDON|CITY OF LONDON
CITY_372	LONDON|CITY OF LONDON
CITY_373	LONDON|CITY OF LONDON
CITY_374	LONDON|CITY OF LONDON
CITY_375	LONDON|CITY OF LONDON
CITY_376	LONDON|CITY OF LONDON
CITY_377	LONDON|CITY OF LONDON
CITY_378	LONDON|CITY OF LONDON
CITY_379	LONDON|CITY OF LONDON
CITY_380	LONDON|CITY OF LONDON
CITY_381	LONDON|CITY OF LONDON
CITY_382	LONDON|CITY OF LONDON
CITY_383	LONDON|CITY OF LONDON
CITY_384	LONDON|CITY OF LONDON
CITY_385	LONDON|CITY OF LONDON
CITY_386	LONDON|CITY OF LONDON
CITY_387	LONDON|CITY OF LONDON
CITY_388	LONDON|CITY OF LONDON
CITY_389	LONDON|CITY OF LONDON
CITY_390	LONDON|CITY OF LONDON
CITY_391	LONDON|CITY OF LONDON
CITY_392	LONDON|CITY OF LONDON
CITY_393	LONDON|CITY OF LONDON
CITY_394	LONDON|CITY OF LONDON
CITY_395	LONDON|CITY OF LONDON
CITY_396	LONDON|CITY OF LONDON
CITY_397	LONDON|CITY OF LONDON
CITY_398	LONDON|CITY OF LONDON
CITY_399	LONDON|CITY OF LONDON
CITY_400	LONDON|CITY OF LONDON
CITY_401	LONDON|CITY OF LONDON
CITY_402	LONDON|CITY OF LONDON
CITY_403	LONDON|CITY OF LONDON
CITY_404	LONDON|CITY OF LONDON
CITY_405	LONDON|CITY OF LONDON
CITY_406	LONDON|CITY OF LONDON
CITY_407	LONDON|CITY OF LONDON
CITY_408	LONDON|CITY OF LONDON
CITY_409	LONDON|CITY OF LONDON
CITY_410	LONDON|CITY OF LONDON
CITY_411	LONDON|CITY OF LONDON
CITY_412	LONDON|CITY OF LONDON
CITY_413	LONDON|CITY OF LONDON
CITY_414	LONDON|CITY OF LONDON
CITY_415	LONDON|CITY OF LONDON
CITY_416	LONDON|CITY OF LONDON
CITY_417	LONDON|CITY OF LONDON
CITY_418	LONDON|CITY OF LONDON
CITY_419	LONDON|CITY OF LONDON
CITY_420	LONDON|CITY OF LONDON
CITY_421	LONDON|CITY OF LONDON
CITY_422	LONDON|CITY OF LONDON
CITY_423	LONDON|CITY OF LONDON
CITY_424	LONDON|CITY OF LONDON
CITY_425	LONDON|CITY OF LONDON
CITY_426	LONDON|CITY OF LONDON
CITY_427	LONDON|CITY OF LONDON
CITY_428	LONDON|CITY OF LONDON
CITY_429	LONDON|CITY OF LONDON
CITY_430	LONDON|CITY OF LONDON
CITY_431	LONDON|CITY OF LONDON
CITY_432	LONDON|CITY OF LONDON
CITY_433	LONDON|CITY OF LONDON
CITY_434	LONDON|CITY OF LONDON
CITY_435	LONDON|CITY OF LONDON
CITY_436	LONDON|CITY OF LONDON
CITY_437	LONDON|CITY OF LONDON
CITY_438	LONDON|CITY OF LONDON
CITY_439	LONDON|CITY OF LONDON
CITY_440	LONDON|CITY OF LONDON
CITY_441	LONDON|CITY OF LONDON
CITY_442	LONDON|CITY OF LONDON
CITY_443	LONDON|CITY OF LONDON
CITY_444	LONDON|CITY OF LONDON
CITY_445	LONDON|CITY OF LONDON
CITY_446	LONDON|CITY OF LONDON
CITY_447	LONDON|CITY OF LONDON
CITY_448	LONDON|CITY OF LONDON
CITY_449	LONDON|CITY OF LONDON
CITY_450	LONDON|CITY OF LONDON
CITY_451	LONDON|CITY OF LONDON
CITY_452	LONDON|CITY OF LONDON
CITY_453	LONDON|CITY OF LONDON
CITY_454	LONDON|CITY OF LONDON
CITY_455	LONDON|CITY OF LONDON
CITY_456	LONDON|CITY OF LONDON
CITY_457	LONDON|CITY OF LONDON
CITY_458	LONDON|CITY OF LONDON
CITY_459	LONDON|CITY OF LONDON
CITY_460	LONDON|CITY OF LONDON
CITY_461	LONDON|CITY OF LONDON
CITY_462	LONDON|CITY OF LONDON
CITY_463	LONDON|CITY OF LONDON
CITY_464	LONDON|CITY OF LONDON
CITY_465	LONDON|CITY OF LONDON
CITY_466	LONDON|CITY OF LONDON|ENGLAND
CITY_467	LONDON|CITY OF LONDON
CITY_468	LONDON|CITY OF LONDON
CITY_469	LONDON|CITY OF LONDON
CITY_470	LONDON|CITY OF LONDON
CITY_471	LONDON|CITY OF LONDON
CITY_472	LONDON|CITY OF LONDON
CITY_473	LONDON|CITY OF LONDON
CITY_474	LONDON|CITY OF LONDON
CITY_475	LONDON|CITY OF LONDON
CITY_476	LONDON|CITY OF LONDON
CITY_477	LONDON|CITY OF LONDON
CITY_478	LONDON|CITY OF LONDON
CITY_479	LONDON|CITY OF LONDON
CITY_480	LONDON|CITY OF LONDON
CITY_481	LONDON|CITY OF LONDON
CITY_482	LONDON|CITY OF LONDON
CITY_483	LONDON|CITY OF LONDON
CITY_484	LONDON|CITY OF LONDON
CITY_485	LONDON|CITY OF LONDON
CITY_486	LONDON|CITY OF LONDON
CITY_487	LONDON|CITY OF LONDON
CITY_488	LONDON|CITY OF LONDON
CITY_489	LONDON|CITY OF LONDON
CITY_490	LONDON|CITY OF LONDON
CITY_491	LONDON|CITY OF LONDON
CITY_492	LONDON|CITY OF LONDON
CITY_493	LONDON|CITY OF LONDON|HOLBORN
CITY_494	LONDON|CITY OF LONDON
CITY_495	LONDON|CITY OF LONDON
CITY_496	LONDON|CITY OF LONDON
CITY_497	LONDON|CITY OF LONDON
CITY_498	LONDON|CITY OF LONDON
CITY_499	LONDON|CITY OF LONDON
CITY_500	LONDON|CITY OF LONDON
CITY_501	LONDON|CITY OF LONDON
CITY_502	LONDON|CITY OF LONDON
CITY_503	LONDON|CITY OF LONDON
CITY_504	LONDON|CITY OF LONDON
CITY_505	LONDON|CITY OF LONDON
CITY_506	LONDON|CITY OF LONDON
CITY_507	LONDON|CITY OF LONDON
CITY_508	LONDON|CITY OF LONDON
CITY_509	LONDON|CITY OF LONDON
CITY_510	LONDON|CITY OF LONDON
CITY_511	LONDON|CITY OF LONDON
CITY_512	LONDON|CITY OF LONDON
CITY_513	LONDON|CITY OF LONDON
CITY_514	LONDON|CITY OF LONDON
CITY_515	LONDON|CITY OF LONDON
CITY_516	LONDON|CITY OF LONDON
CITY_517	LONDON|CITY OF LONDON
CITY_518	LONDON|CITY OF LONDON
CITY_519	LONDON|CITY OF LONDON
CITY_520	LONDON|CITY OF LONDON
CITY_521	LONDON|CITY OF LONDON
CITY_522	LONDON|CITY OF LONDON
CITY_523	LONDON|CITY OF LONDON
CITY_524	LONDON|CITY OF LONDON
CITY_525	LONDON|CITY OF LONDON
CITY_526	LONDON|CITY OF LONDON
CITY_527	LONDON|CITY OF LONDON
CITY_528	LONDON|CITY OF LONDON
CITY_529	LONDON|CITY OF LONDON
CITY_530	LONDON|CITY OF LONDON
CITY_531	LONDON|CITY OF LONDON
CITY_532	LONDON|CITY OF LONDON
CITY_533	LONDON|CITY OF LONDON
CITY_534	LONDON|CITY OF LONDON
CITY_535	LONDON|CITY OF LONDON
CITY_536	LONDON|CITY OF LONDON
CITY_537	LONDON|CITY OF LONDON
CITY_538	LONDON|CITY OF LONDON
CITY_539	LONDON|CITY OF LONDON
CITY_540	LONDON|CITY OF LONDON
CITY_541	LONDON|CITY OF LONDON
CITY_542	LONDON|CITY OF LONDON
CITY_543	LONDON|CITY OF LONDON
CITY_544	LONDON|CITY OF LONDON
CITY_545	LONDON|CITY OF LONDON
CITY_546	LONDON|CITY OF LONDON
CITY_547	LONDON|CITY OF LONDON
CITY_548	LONDON|CITY OF LONDON
CITY_549	LONDON|CITY OF LONDON
CITY_550	LONDON|CITY OF LONDON
CITY_551	LONDON|CITY OF LONDON
CITY_552	LONDON|CITY OF LONDON
CITY_553	LONDON|CITY OF LONDON
CITY_554	LONDON|CITY OF LONDON
CITY_555	LONDON|CITY OF LONDON
CITY_556	LONDON|CITY OF LONDON
CITY_557	LONDON|CITY OF LONDON
CITY_558	LONDON|CITY OF LONDON
CITY_559	LONDON|CITY OF LONDON
CITY_560	LONDON|CITY OF LONDON
CITY_561	LONDON|CITY OF LONDON
CITY_562	LONDON|CITY OF LONDON
CITY_563	LONDON|CITY OF LONDON
CITY_564	LONDON|CITY OF LONDON
CITY_565	LONDON|CITY OF LONDON
CITY_566	LONDON|CITY OF LONDON
CITY_567	LONDON|CITY OF LONDON
CITY_568	LONDON|CITY OF LONDON
CITY_569	LONDON|CITY OF LONDON
CITY_570	LONDON|CITY OF LONDON
CITY_571	LONDON|CITY OF LONDON
CITY_572	LONDON|CITY OF LONDON
CITY_573	LONDON|CITY OF LONDON
CITY_574	LONDON|CITY OF LONDON
CITY_575	LONDON|CITY OF LONDON
CITY_576	LONDON|CITY OF LONDON
CITY_577	LONDON|CITY OF LONDON
CITY_578	LONDON|CITY OF LONDON
CITY_579	LONDON|CITY OF LONDON
CITY_580	LONDON|CITY OF LONDON
CITY_581	LONDON|CITY OF LONDON
CITY_582	LONDON|CITY OF LONDON
CITY_583	LONDON|CITY OF LONDON
CITY_584	LONDON|CITY OF LONDON
CITY_585	LONDON|CITY OF LONDON
CITY_586	LONDON|CITY OF LONDON
CITY_587	LONDON|CITY OF LONDON
CITY_588	LONDON|CITY OF LONDON
CITY_589	LONDON|CITY OF LONDON
CITY_590	LONDON|CITY OF LONDON
CITY_591	LONDON|CITY OF LONDON
CITY_592	LONDON|CITY OF LONDON
CITY_593	LONDON|CITY OF LONDON
CITY_594	LONDON|CITY OF LONDON
CITY_595	LONDON|CITY OF LONDON
CITY_596	LONDON|CITY OF LONDON
CITY_597	LONDON|CITY OF LONDON
CITY_598	LONDON|CITY OF LONDON
CITY_599	LONDON|CITY OF LONDON
CITY_600	LONDON|CITY OF LONDON
CITY_601	LONDON|CITY OF LONDON
CITY_602	LONDON|CITY OF LONDON
CITY_603	LONDON|CITY OF LONDON
CITY_604	LONDON|CITY OF LONDON
CITY_605	LONDON|CITY OF LONDON
CITY_606	LONDON|CITY OF LONDON
CITY_607	LONDON|CITY OF LONDON
CITY_608	LONDON|CITY OF LONDON
CITY_609	LONDON|CITY OF LONDON
CITY_610	LONDON|CITY OF LONDON
CITY_611	LONDON|CITY OF LONDON
CITY_612	LONDON|CITY OF LONDON
CITY_613	LONDON|CITY OF LONDON
CITY_614	LONDON|CITY OF LONDON
CITY_615	LONDON|CITY OF LONDON
CITY_616	LONDON|CITY OF LONDON
CITY_617	LONDON|CITY OF LONDON
CITY_618	LONDON|CITY OF LONDON
CITY_619	LONDON|CITY OF LONDON
CITY_620	LONDON|CITY OF LONDON
CITY_621	LONDON|CITY OF LONDON
CITY_622	LONDON|CITY OF LONDON
CITY_623	LONDON|CITY OF LONDON
CITY_624	LONDON|CITY OF LONDON
CITY_625	LONDON|CITY OF LONDON
CITY_626	LONDON|CITY OF LONDON
CITY_627	LONDON|CITY OF LONDON
CITY_628	LONDON|CITY OF LONDON
CITY_629	LONDON|CITY OF LONDON
CITY_630	LONDON|CITY OF LONDON
CITY_631	LONDON|CITY OF LONDON
CITY_632	LONDON|CITY OF LONDON
CITY_633	LONDON|CITY OF LONDON
CITY_634	LONDON|CITY OF LONDON
CITY_635	LONDON|CITY OF LONDON|GREATER CITY OF LONDON|GREATER LONDON
CITY_636	LONDON|CITY OF LONDON
CITY_637	LONDON|CITY OF LONDON
CITY_638	LONDON|CITY OF LONDON
CITY_639	LONDON|CITY OF LONDON
CITY_640	LONDON|CITY OF LONDON
CITY_641	LONDON|CITY OF LONDON
CITY_642	LONDON|CITY OF LONDON
CITY_643	LONDON|CITY OF LONDON
CITY_644	LONDON|CITY OF LONDON
CITY_645	LONDON|CITY OF LONDON
CITY_646	LONDON|CITY OF LONDON
CITY_647	LONDON|CITY OF LONDON
CITY_648	LONDON|CITY OF LONDON
CITY_649	LONDON|CITY OF LONDON
CITY_650	LONDON|CITY OF LONDON
CITY_651	LONDON|CITY OF LONDON
CITY_652	LONDON|CITY OF LONDON
CITY_653	LONDON|CITY OF LONDON
CITY_654	CITY OF CITY OF LONDON|LONDON|CITY OF LONDON
CITY_655	LONDON|CITY OF LONDON
CITY_656	LONDON|CITY OF LONDON
CITY_657	LONDON|CITY OF LONDON
CITY_658	LONDON|CITY OF LONDON
CITY_659	LONDON|CITY OF LONDON
CITY_660	LONDON|CITY OF LONDON
CITY_661	LONDON|CITY OF LONDON
CITY_662	LONDON|CITY OF LONDON
CITY_663	LONDON|CITY OF LONDON
CITY_664	LONDON|CITY OF LONDON
CITY_665	LONDON|CITY OF LONDON
CITY_666	LONDON|CITY OF LONDON
CITY_667	LONDON|CITY OF LONDON
CITY_668	LONDON|CITY OF LONDON
CITY_669	LONDON|CITY OF LONDON
CITY_670	LONDON|CITY OF LONDON
CITY_671	LONDON|CITY OF LONDON
CITY_672	LONDON|CITY OF LONDON
CITY_673	LONDON|CITY OF LONDON
CITY_674	LONDON|CITY OF LONDON
CITY_675	LONDON|CITY OF LONDON
CITY_676	LONDON|CITY OF LONDON|UNITED KINGDOM
CITY_677	LONDON|CITY OF LONDON
CITY_678	LONDON|CITY OF LONDON
CITY_679	LONDON|CITY OF LONDON
CITY_680	LONDON|CITY OF LONDON
CITY_681	LONDON|CITY OF LONDON
CITY_682	LONDON|CITY OF LONDON
CITY_683	LONDON|CITY OF LONDON
CITY_684	LONDON|CITY OF LONDON
CITY_685	LONDON|CITY OF LONDON
CITY_686	LONDON|CITY OF LONDON
CITY_687	LONDON|CITY OF LONDON
CITY_688	LONDON|CITY OF LONDON
CITY_689	LONDON|CITY OF LONDON
CITY_690	LONDON|CITY OF LONDON
CITY_691	LONDON|CITY OF LONDON
CITY_692	LONDON|CITY OF LONDON
CITY_693	LONDON|CITY OF LONDON
CITY_694	CITY OF CITY OF LONDON|LONDON|CITY OF LONDON
CITY_695	LONDON|CITY OF LONDON
CITY_696	LONDON|CITY OF LONDON
CITY_697	LONDON|CITY OF LONDON
CITY_698	LONDON|CITY OF LONDON
CITY_699	LONDON|CITY OF LONDON
CITY_700	LONDON|CITY OF LONDON
CITY_701	LONDON|CITY OF LONDON
CITY_702	LONDON|CITY OF LONDON
CITY_703	LONDON|CITY OF LONDON
CITY_704	LONDON|CITY OF LONDON
CITY_705	CITY OF CITY OF LONDON|LONDON|CITY OF LONDON
CITY_706	LONDON|CITY OF LONDON
CITY_707	LONDON|CITY OF LONDON
CITY_708	LONDON|CITY OF LONDON
CITY_709	LONDON|CITY OF LONDON
CITY_710	LONDON|CITY OF LONDON
CITY_711	LONDON|CITY OF LONDON
CITY_712	LONDON|CITY OF LONDON
CITY_713	LONDON|CITY OF LONDON
CITY_714	LONDON|CITY OF LONDON
CITY_715	LONDON|CITY OF LONDON
CITY_716	LONDON|CITY OF LONDON
CITY_717	LONDON|CITY OF LONDON
CITY_718	LONDON|CITY OF LONDON
CITY_719	LONDON|CITY OF LONDON
CITY_720	LONDON|CITY OF LONDON
CITY_721	LONDON|CITY OF LONDON
CITY_722	LONDON|CITY OF LONDON
CITY_723	LONDON|CITY OF LONDON
CITY_724	LONDON|CITY OF LONDON
CITY_725	LONDON|CITY OF LONDON
CITY_726	LONDON|CITY OF LONDON
CITY_727	LONDON|CITY OF LONDON
CITY_728	LONDON|CITY OF LONDON
CITY_729	LONDON|CITY OF LONDON
CITY_730	LONDON|CITY OF LONDON
CITY_731	LONDON|CITY OF LONDON
CITY_732	LONDON|CITY OF LONDON
CITY_733	LONDON|CITY OF LONDON
CITY_734	LONDON|CITY OF LONDON
CITY_735	LONDON|CITY OF LONDON
CITY_736	LONDON|CITY OF LONDON
CITY_737	LONDON|CITY OF LONDON
CITY_738	LONDON|CITY OF LONDON
CITY_739	LONDON|CITY OF LONDON
CITY_740	CITY OF CITY OF LONDON|LONDON|CITY OF LONDON
CITY_741	LONDON|CITY OF LONDON
CITY_742	LONDON|CITY OF LONDON
CITY_743	LONDON|CITY OF LONDON
CITY_744	LONDON|CITY OF LONDON
CITY_745	LONDON|CITY OF LONDON
CITY_746	LONDON|CITY OF LONDON
CITY_747	LONDON|CITY OF LONDON
CITY_748	LONDON|CITY OF LONDON
CITY_749	LONDON|CITY OF LONDON
CITY_750	LONDON|CITY OF LONDON
CITY_751	LONDON|CITY OF LONDON
CITY_752	LONDON|CITY OF LONDON
CITY_753	LONDON|CITY OF LONDON
CITY_754	LONDON|CITY OF LONDON
CITY_755	LONDON|CITY OF LONDON
CITY_756	LONDON|CITY OF LONDON
CITY_757	LONDON|CITY OF LONDON
CITY_758	LONDON|CITY OF LONDON
CITY_759	LONDON|CITY OF LONDON
CITY_760	LONDON|CITY OF LONDON
CITY_761	LONDON|CITY OF LONDON
CITY_762	LONDON|CITY OF LONDON
CITY_763	LONDON|CITY OF LONDON
CITY_764	LONDON|CITY OF LONDON
CITY_765	LONDON|CITY OF LONDON
CITY_766	LONDON|CITY OF LONDON
CITY_767	LONDON|CITY OF LONDON
CITY_768	LONDON|CITY OF LONDON
CITY_769	LONDON|CITY OF LONDON
CITY_770	LONDON|CITY OF LONDON
CITY_771	LONDON|CITY OF LONDON
CITY_772	LONDON|CITY OF LONDON
CITY_773	LONDON|CITY OF LONDON
CITY_774	LONDON|CITY OF LONDON
CITY_775	LONDON|CITY OF LONDON
CITY_776	LONDON|CITY OF LONDON
CITY_777	LONDON|CITY OF LONDON
CITY_778	LONDON|CITY OF LONDON
CITY_779	LONDON|CITY OF LONDON
CITY_780	CITY OF CITY OF LONDON|LONDON|CITY OF LONDON
CITY_781	LONDON|CITY OF LONDON
CITY_782	LONDON|CITY OF LONDON
CITY_783	LONDON|CITY OF LONDON
CITY_784	LONDON|CITY OF LONDON
CITY_785	LONDON|CITY OF LONDON
CITY_786	LONDON|CITY OF LONDON
CITY_787	LONDON|CITY OF LONDON
CITY_788	LONDON|CITY OF LONDON
CITY_789	LONDON|CITY OF LONDON
CITY_790	LONDON|CITY OF LONDON
CITY_791	LONDON|CITY OF LONDON
CITY_792	LONDON|CITY OF LONDON
CITY_793	LONDON|CITY OF LONDON
CITY_794	LONDON|CITY OF LONDON
CITY_795	LONDON|CITY OF LONDON
CITY_796	LONDON|CITY OF LONDON
CITY_797	LONDON|CITY OF LONDON
CITY_798	CITY OF CITY OF LONDON|LONDON|CITY OF LONDON
CITY_799	LONDON|CITY OF LONDON
CITY_800	LONDON|CITY OF LONDON
CITY_801	LONDON|CITY OF LONDON
CITY_802	LONDON|CITY OF LONDON
CITY_803	LONDON|CITY OF LONDON
CITY_804	LONDON|CITY OF LONDON
CITY_805	LONDON|CITY OF LONDON
CITY_806	LONDON|CITY OF LONDON
CITY_807	LONDON|CITY OF LONDON
CITY_808	LONDON|CITY OF LONDON
CITY_809	LONDON|CITY OF LONDON
CITY_810	LONDON|CITY OF LONDON
CITY_811	LONDON|CITY OF LONDON
CITY_812	LONDON|CITY OF LONDON
CITY_813	LONDON|CITY OF LONDON
CITY_814	LONDON|CITY OF LONDON
CITY_815	LONDON|CITY OF LONDON
CITY_816	LONDON|CITY OF LONDON
CITY_817	LONDON|CITY OF LONDON
CITY_818	LONDON|CITY OF LONDON
CITY_819	LONDON|CITY OF LONDON
CITY_820	LONDON|CITY OF LONDON
CITY_821	LONDON|CITY OF LONDON
CITY_822	LONDON|CITY OF LONDON
CITY_823	LONDON|CITY OF LONDON
CITY_824	LONDON|CITY OF LONDON
CITY_825	LONDON|CITY OF LONDON
CITY_826	LONDON|CITY OF LONDON
CITY_827	LONDON|CITY OF LONDON
CITY_828	LONDON|CITY OF LONDON
CITY_829	LONDON|CITY OF LONDON
CITY_830	LONDON|CITY OF LONDON
CITY_831	LONDON|CITY OF LONDON
CITY_832	LONDON|CITY OF LONDON
CITY_833	LONDON|CITY OF LONDON
CITY_834	LONDON|CITY OF LONDON
CITY_835	LONDON|CITY OF LONDON
CITY_836	LONDON|CITY OF LONDON
CITY_837	LONDON|CITY OF LONDON
CITY_838	LONDON|CITY OF LONDON
CITY_839	LONDON|CITY OF LONDON
CITY_840	LONDON|CITY OF LONDON
CITY_841	LONDON|CITY OF LONDON
CITY_842	LONDON|CITY OF LONDON
CITY_843	LONDON|CITY OF LONDON
CITY_844	LONDON|CITY OF LONDON
CITY_845	LONDON|CITY OF LONDON
CITY_846	LONDON|CITY OF LONDON
CITY_847	LONDON|CITY OF LONDON
CITY_848	LONDON|CITY OF LONDON
CITY_849	CITY OF CITY OF LONDON|LONDON|CITY OF LONDON
CITY_850	LONDON|CITY OF LONDON
CITY_851	LONDON|CITY OF LONDON
CITY_852	LONDON|CITY OF LONDON
CITY_853	LONDON|CITY OF LONDON
CITY_854	LONDON|CITY OF LONDON
CITY_855	LONDON|CITY OF LONDON
CITY_856	LONDON|CITY OF LONDON
CITY_857	LONDON|CITY OF LONDON
CITY_858	LONDON|CITY OF LONDON
CITY_859	LONDON|CITY OF LONDON
CITY_860	LONDON|CITY OF LONDON
CITY_861	LONDON|CITY OF LONDON
CITY_862	LONDON|CITY OF LONDON
CITY_863	LONDON|CITY OF LONDON
CITY_864	LONDON|CITY OF LONDON
CITY_865	LONDON|CITY OF LONDON
CITY_866	LONDON|CITY OF LONDON
CITY_867	LONDON|CITY OF LONDON
CITY_868	LONDON|CITY OF LONDON
CITY_869	LONDON|CITY OF LONDON
CITY_870	LONDON|CITY OF LONDON
CITY_871	LONDON|CITY OF LONDON
CITY_872	LONDON|CITY OF LONDON
CITY_873	LONDON|CITY OF LONDON
CITY_874	LONDON|CITY OF LONDON
CITY_875	LONDON|CITY OF LONDON
CITY_876	LONDON|CITY OF LONDON
CITY_877	LONDON|CITY OF LONDON
CITY_878	LONDON|CITY OF LONDON
CITY_879	LONDON|CITY OF LONDON
CITY_880	LONDON|CITY OF LONDON
CITY_881	LONDON|CITY OF LONDON
CITY_882	LONDON|CITY OF LONDON
CITY_883	LONDON|CITY OF LONDON
CITY_884	LONDON|CITY OF LONDON
CITY_885	LONDON|CITY OF LONDON
CITY_886	LONDON|CITY OF LONDON
CITY_887	LONDON|CITY OF LONDON
CITY_888	LONDON|CITY OF LONDON
CITY_889	LONDON|CITY OF LONDON
CITY_890	LONDON|CITY OF LONDON
CITY_891	LONDON|CITY OF LONDON
CITY_892	LONDON|CITY OF LONDON
CITY_893	LONDON|CITY OF LONDON
CITY_894	LONDON|CITY OF LONDON
CITY_895	LONDON|CITY OF LONDON
CITY_896	LONDON|CITY OF LONDON
CITY_897	LONDON|CITY OF LONDON
CITY_898	CITY OF CITY OF LONDON|LONDON|CITY OF LONDON
CITY_899	LONDON|CITY OF LONDON
CITY_900	LONDON|CITY OF LONDON
CITY_901	LONDON|CITY OF LONDON
CITY_902	LONDON|CITY OF LONDON
CITY_903	LONDON|CITY OF LONDON
CITY_904	LONDON|CITY OF LONDON
CITY_905	LONDON|CITY OF LONDON
CITY_906	LONDON|CITY OF LONDON
CITY_907	LONDON|CITY OF LONDON
CITY_908	LONDON|CITY OF LONDON
CITY_909	LONDON|CITY OF LONDON
CITY_910	LONDON|CITY OF LONDON
CITY_911	LONDON|CITY OF LONDON
CITY_912	LONDON|CITY OF LONDON
CITY_913	LONDON|CITY OF LONDON
CITY_914	LONDON|CITY OF LONDON
CITY_915	LONDON|CITY OF LONDON
CITY_916	LONDON|CITY OF LONDON
CITY_917	LONDON|CITY OF LONDON
CITY_918	LONDON|CITY OF LONDON
CITY_919	LONDON|CITY OF LONDON
CITY_920	LONDON|CITY OF LONDON
CITY_921	LONDON|CITY OF LONDON
CITY_922	LONDON|CITY OF LONDON
CITY_923	LONDON|CITY OF LONDON
CITY_924	LONDON|CITY OF LONDON
CITY_925	LONDON|CITY OF LONDON
CITY_926	LONDON|CITY OF LONDON
CITY_927	LONDON|CITY OF LONDON
CITY_928	LONDON|CITY OF LONDON
CITY_929	LONDON|CITY OF LONDON
CITY_930	LONDON|CITY OF LONDON
CITY_931	LONDON|CITY OF LONDON
CITY_932	LONDON|CITY OF LONDON
CITY_933	LONDON|CITY OF LONDON
CITY_934	LONDON|CITY OF LONDON
CITY_935	LONDON|CITY OF LONDON
CITY_936	LONDON|CITY OF LONDON
CITY_937	LONDON|CITY OF LONDON
CITY_938	LONDON|CITY OF LONDON
CITY_939	LONDON|CITY OF LONDON
CITY_940	LONDON|CITY OF LONDON
CITY_941	LONDON|CITY OF LONDON
CITY_942	LONDON|CITY OF LONDON
CITY_943	LONDON|CITY OF LONDON
CITY_944	LONDON|CITY OF LONDON
CITY_945	LONDON|CITY OF LONDON
CITY_946	LONDON|CITY OF LONDON
CITY_947	LONDON|CITY OF LONDON
CITY_948	LONDON|CITY OF LONDON
CITY_949	LONDON|CITY OF LONDON
CITY_950	LONDON|CITY OF LONDON
CITY_951	LONDON|CITY OF LONDON
CITY_952	LONDON|CITY OF LONDON
CITY_953	LONDON|CITY OF LONDON
CITY_954	LONDON|CITY OF LONDON
CITY_955	LONDON|CITY OF LONDON
CITY_956	LONDON|CITY OF LONDON
CITY_957	LONDON|CITY OF LONDON
CITY_958	LONDON|CITY OF LONDON
CITY_959	LONDON|CITY OF LONDON
CITY_960	LONDON|CITY OF LONDON
CITY_961	LONDON|CITY OF LONDON|ENGLAND
CITY_962	LONDON|CITY OF LONDON
CITY_963	LONDON|CITY OF LONDON
CITY_964	LONDON|CITY OF LONDON
CITY_965	LONDON|CITY OF LONDON
CITY_966	LONDON|CITY OF LONDON
CITY_967	LONDON|CITY OF LONDON
CITY_968	ABERDEEN|ABEROADEEN
CITY_969	BRACKNELL
CITY_970	EAST SUSSEX|EASTREET SUSSEX|BRIGHTON
CITY_971	LONDON|CITY OF LONDON
CITY_972	HOUNSLOW|MIDDLESEX
CITY_973	MIDDLESEX|HARROW
CITY_974	EAST SUSSEX|EASTREET SUSSEX|HOVE
CITY_975	LONDON|CITY OF LONDON
CITY_976	ROMFOROAD|ROMFORD
CITY_977	SURREY
CITY_978	LANCASHIRE|CARNFORTH
CITY_979	SURREY|FARNHAM
CITY_980	LONDON|CITY OF LONDON
CITY_981	ILFOROAD|ILFORD|ESSEX
CITY_982	GLOUCESTREETERSHIRE|GLOUCESTER|GLOUCESTERSHIRE|GLOUCESTREETER
CITY_983	CAMBRIDGE
CITY_984	LONDON|CITY OF LONDON
CITY_985	CHESHIRE|STOCKPORT|STREETOCKPORT
CITY_986	LONDON|CITY OF LONDON
CITY_987	COULSDON|SURREY
CITY_988	MERSEYSIDE
CITY_989	STANMORE|MIDDLESEX|STREETANMORE
CITY_990	EAST SUSSEX|EASTREET SUSSEX|HOVE
CITY_991	ESSEX|LEIGH-ON-SEA
CITY_992	NORFOLK
CITY_993	CAMBRIDGE
CITY_994	COBHAM|SURREY
CITY_995	BIRMINGHAM
CITY_996	RUTLAND
CITY_997	SURREY|HASLEMERE
CITY_998	NORWICH|NORFOLK
CITY_999	LONDON|CITY OF LONDON
CITY_1000	LONDON|CITY OF LONDON
