ID	NAME
DICT_1	1 MOBILE LIMITED 30 CITY ROAD LONDON EC1Y 2AB
DICT_2	1 TECH LTD 57 CHARTERHOUSE STREET LONDON EC1M 6HA
DICT_3	23 SNAPS LIMITED 16 BOWLING GREEN LANE LONDON EC1R 0BD
DICT_4	2E2 SERVICES LIMITED 200 200 ALDERSGATE ALDERSGATE STREET LONDON EC1A 4HD
DICT_5	2E2 UK LIMITED 200 ALDERSGATE ALDERSGATE STREET LONDON EC1A 4HD
DICT_6	40 50 MEDIA LTD 145-157 ST JOHN STREET LONDON EC1V 4PW
DICT_7	4D DATA CENTRES LIMITED 30 CITY ROAD LONDON EC1 2AB
DICT_8	4GETMOBILE LIMITED 152 KEMP HOUSE CITY ROAD LONDON EC1V 2NX
DICT_9	4SL CONSULTING LIMITED 4 SNOW HILL LONDON EC1A 2DJ
DICT_10	4TC SERVICES LIMITED 355 GOSWELL ROAD LONDON EC1V 7JL
DICT_11	"A-INFINITY LIMITED AKIN PALMER LLP 3, ANGEL GATE 326 CITY ROAD LONDON EC1V 2PT"
DICT_12	A-TEK SOLUTIONS LIMITED KEMP HOUSE 152-160 CITY ROAD LONDON EC1V 2NX
DICT_13	A.I. TALENT LTD LONGBOW HOUSE CHISWELL STREET LONDON EC1Y 4TW
DICT_14	AAA CONSULT LTD 2ND FLOOR 145-157 ST. JOHN STREET LONDON EC1V 4PY
DICT_15	AARDVARK UPRISING LIMITED UNIT 36 88-90 HATTON GARDEN LONDON EC1N 8PN
DICT_16	AB TECHSYS LTD INTERNATIONAL HOUSE 24 HOLBORN VIADUCT LONDON EC1A 2BN
DICT_17	"ABLINX LIMITED 7TH FLOOR, 16 ST. MARTIN'S LE GRAND LONDON EC1A 4EE"
DICT_18	ABSU LIMITED THIRD FLOOR 111 CHARTERHOUSE STREET LONDON EC1M 6AW
DICT_19	ABV SOLUTIONS LTD C/O CAYOS CONSULTING SERVICES 40 BOWLING GREEN LANE LONDON EC1R 0NE
DICT_20	ACTION FOR THE FUTURE LTD 145-157 ST JOHN STREET LONDON EC1V 4PW
DICT_21	ACTIVATED THINKING LIMITED KEMP HOUSE 152 CITY ROAD LONDON EC1V 2NX
DICT_22	ACTIVON PROJECTS LIMITED INTERNATIONAL HOUSE 24 HOLBORN VIADUCT CITY OF LONDON LONDON EC1A 2BN
DICT_23	ACTURIS LIMITED COURTYARD SUITE 100 HATTON GARDEN LONDON EC1N 8NX
DICT_24	AD PEPPER MEDIA UK LIMITED 20 FARRINGDON ROAD LONDON EC1M 3HE
DICT_25	ADCOMPASS LTD. 6-8 SYCAMORE STREET LONDON EC1Y 0SW
DICT_26	ADD TO CART LTD 145-157 ST JOHN STREET LONDON EC1V 4PW
DICT_27	ADFORM LONDON LIMITED GATE HOUSE 1 ST JOHN'S SQUARE LONDON EC1M 4DH
DICT_28	ADLUDIO LIMITED 1 HARDWICK STREET HARDWICK STREET LONDON EC1R 4RB
DICT_29	AFIN-IT GROUP LIMITED KEMP HOUSE 160 CITY ROAD LONDON EC1V 2NX
DICT_30	AFTER THE FLOOD LIMITED 140-142 ST. JOHN STREET LONDON EC1V 4UB
DICT_31	AGILE ALLIANCE LIMITED 24 INTERNATIONAL HOUSE HOLBORN VIADUCT LONDON EC1A 2BN
DICT_32	AGM SOLUTIONS LIMITED 152 KEMP HOUSE CITY ROAD LONDON EC1V 2NX
DICT_33	AGOC DIGITAL PRIVATE LIMITED KEMP HOUSE 160 CITY ROAD LONDON EC1V 2NX
DICT_34	AI CONTROLPOINT LIMITED LONGBOW HOUSE CHISWELL STREET LONDON EC1Y 4TW
DICT_35	AIM ITC LTD UNIT/OFFICE 36 88-90 HATTON GARDEN LONDON EC1N 8PG
DICT_36	ALCHEMYWORKS LTD KEMP HOUSE 160 CITY ROAD LONDON EC1V 2NX
DICT_37	ALCHERA TECHNOLOGIES LIMITED INTERNATIONAL HOUSE 24 HOLBORN VIADUCT CITY OF LONDON LONDON EC1A 2BN
DICT_38	ALMARADIX LTD 145-157 ST JOHN STREET LONDON EC1V 4PW
DICT_39	ALTIASERVICES LTD. KEMP HOUSE 152 CITY ROAD LONDON EC1V 2NX
DICT_40	ALTIATECH LTD 152 CITY ROAD LONDON EC1V 2NX
DICT_41	AM TECHNICAL LIMITED DEVONSHIRE HOUSE 60 GOSWELL ROAD LONDON EC1M 7AD
DICT_42	AMBIENCE INVESTMENT LTD 145-157 ST JOHN STREET LONDON EC1V 4PW
DICT_43	AMISSION LTD LANDON SEAMER 335 CITY ROAD LONDON EC1V 1LJ
DICT_44	AMLEU SOFTWARE DEVELOPMENT UK LIMITED 1 CHARTERHOUSE MEWS LONDON LONDON EC1M 6BB
DICT_45	ANGELLIST LIMITED 2ND FLOOR WHITE BEAR YARD CLERKENWELL ROAD LONDON EC1R 5DF
DICT_46	"ANGLO PAK SOLUTION LIMITED KEMP HOUSE,152 CITY ROAD LONDON EC1V 2NX"
DICT_47	ANOMALIES LIMITED 123 ALDERSGATE STREET LONDON EC1A 4JQ
DICT_48	ANVIL RECRUITMENT LIMITED KEMP HOUSE 152 CITY ROAD LONDON EC1V 2NX
DICT_49	APP-ALACARTE LIMITED KEMP HOUSE 160 CITY ROAD LONDON LONDON EC1V 2NX
DICT_50	APPDRAGON LIMITED KEMP HOUSE 152 CITY ROAD LONDON EC1V 2NX
DICT_51	ARCHON DEVELOPMENT UK LTD SUITE A 6 HONDURAS STREET LONDON EC1Y 0TH
DICT_52	ARCTOUS LIMITED KEMP HOUSE 152 CITY ROAD LONDON EC1V 2NX
DICT_53	ARCTREE CONSULTING LIMITED GROUND FLOOR 1 BAKER'S ROW LONDON EC1R 3DB
DICT_54	AREZA LIMITED 24 HOLBORN VIADUCT LONDON EC1A 2BN
DICT_55	ARGUS INTELLIGENCE LIMITED 152 KEMP HOUSE CITY ROAD LONDON EC1V 2NX
DICT_56	ARKA ASSOCIATES LIMITED 24 INTERNATIONAL HOUSE HOLBORN VIADUCT LONDON EC1A 2BN
DICT_57	ARROW DIGITAL MEDIA PRIVATE LIMITED KEMP HOUSE 160 CITY ROAD LONDON LONDON EC1V 2NX
DICT_58	ARTANEON LTD ARTANEON LTD UNIT 36 88-90 HATTON GARDEN LONDON EC1N 8PG
DICT_59	ARTESAN STUDIOS LIMITED THE DRILL HALL 57A FARRINGDON ROAD LONDON EC1M 3JB
DICT_60	ARTLINES MEDIA LIMITED DEVONSHIRE HOUSE 60 GOSWELL ROAD LONDON EC1M 7AD
DICT_61	ARUBACLOUD LIMITED 17-18 AYLESBURY STREET LONDON EC1R 0DB
DICT_62	ASITY LTD INTERNATIONAL HOUSE HOLBORN VIADUCT LONDON EC1A 2BN
DICT_63	ASSERTIVE MEDIA SOLUTIONS LTD INTERNATIONAL HOUSE HOLBORN VIADUCT LONDON EC1A 2BN
DICT_64	ASSET ICT LTD OFFICE 36 88-90 HATTON GARDEN LONDON EC1N 8PN
DICT_65	ATRI SERVICES LTD KEMP HOUSE 152-160 CITY RD LONDON EC1V 2NX
DICT_66	ATTICMEDIA LIMITED WESTBURY 2ND FLOOR 145-157 ST JOHN STREET LONDON EC1V 4PY
DICT_67	AUDEZA LTD KEMP HOUSE 152 CITY ROAD LONDON EC1V 2NX
DICT_68	AVENIR TECHNOLOGY LIMITED SUITE A 6 HONDURAS STREET LONDON EC1Y 0TH
DICT_69	AYIMA LIMITED SUITE 1A 1 LINDSEY STREET LONDON EC1A 9HP
DICT_70	AYSCIO LTD 145-157 ST JOHN STREET LONDON EC1V 4PW
DICT_71	AZUROS LIMITED KEMP HOUSE 152-160 CITY ROAD LONDON EC1V 2NX
DICT_72	BABY BEAUTY GROUP LTD. KEMP HOUSE 160 CITY ROAD LONDON EC1V 2NX
DICT_73	BACKUP AND RUNNING PLC LONGBOW HOUSE CHISWELL STREET LONDON EC1Y 4TW
DICT_74	BCSG LTD 130 OLD STREET LONDON EC1V 9BD
DICT_75	BEDBUG STUDIO LTD 1 CHARTERHOUSE MEWS LONDON EC1M 6BB
DICT_76	BEDROOM LONDON LIMITED 15 BOWLING GREEN LANE LONDON EC1R 0BD
DICT_77	BEMOIR LIMITED KEMP HOUSE 152 CITY ROAD LONDON EC1V 2NX
DICT_78	BEN YOUNG CONSULTANCY LTD SUITE 34 67-68 HATTON GARDEN LONDON EC1N 8JY
DICT_79	BETTER CITIES LIMITED URBAN INNOVATION CENTRE 1 SEKFORDE STREET LONDON EC1R 0BE
DICT_80	BETTER WEB SOLUTIONS LIMITED KEMP HOUSE 160 CITY ROAD LONDON EC1V 2NX
DICT_81	BIFF TRADING LIMITED 24 GREVILLE STREET LONDON EC1N 8SS
DICT_82	BIOSCITEX LTD. 152 CITY RD LONDON EC1V 2NX
DICT_83	BITOK LTD KEMP HOUSE 160 CITY ROAD LONDON EC1V 2NX
DICT_84	BIZ ANALYSIS SERVICES LTD 108 WORCESTER POINT CENTRAL STREET LONDON EC1V 8BJ
DICT_85	BLAHTECH LIMITED 15 BOWLING GREEN LANE LONDON EC1R 0BD
DICT_86	BLANCHE SYSTEMS LIMITED GROUND FLOOR 1 BAKER'S ROW LONDON EC1R 3DB
DICT_87	BLINKIT LIMITED CENTRAL HOUSE 142 CENTRAL STREET LONDON EC1V 8AR
DICT_88	BLUE VISION CONSULTING LTD 88-90 HATTON GARDEN LONDON EC1N 8PG
DICT_89	BLUESHED.CO.UK LIMITED 28 ELY PLACE 3RD FLOOR LONDON EC1N 6TD
DICT_90	BM STUDIOS LIMITED KEMP HOUSE CITY ROAD LONDON EC1V 2NX
DICT_91	BODOR LIMITED SUITE 36 88-90  HATTON GARDEN HOLBORN LONDON EC1N 8PN
DICT_92	BOENISCH LIMITED SUITE 48 88-90 HATTON GARDEN LONDON EC1N 8PN
DICT_93	BOLYX INVESTMENTS LIMITED 145-157 ST. JOHN STREET LONDON EC1V 4PW
DICT_94	"BONDSMEN GROUP LTD INTERNATIONAL HOUSE, 24 HOLBORN VIADUCT CITY OF LONDON LONDON EC1A 2BN"
DICT_95	BORDER CAPITAL LIMITED GRESHAM HOUSE 24 HOLBORN VIADUCT LONDON EC1A 2BN
DICT_96	BORNE DIGITAL LIMITED 63-66 (2ND FLOOR) HATTON GARDEN LONDON EC1N 8LE
DICT_97	BOWATER DATA SERVICES LIMITED 200 ALDERSGATE LONDON EC1A 4HD
DICT_98	BRADLINK LTD 145-157 ST. JOHN STREET LONDON ENGLAND EC1V 4PW
DICT_99	BRAINSHOWCASE LTD 145-157 ST JOHN STREET LONDON EC1V 4PW
DICT_100	BRAVOSOLUTION TECHNOLOGIES LTD 22-24 ELY PLACE LONDON EC1N 6TE
DICT_101	BRILLIO UK LIMITED DEVONSHIRE HOUSE 60 GOSWELL ROAD LONDON EC1M 7AD
DICT_102	BRISQQ LTD. 2 ANGEL SQUARE 2 ANGEL SQUARE LONDON EC1V 1NY
DICT_103	BROADBAND &  HOSTING UK LIMITED KEMP HOUSE 160 CITY ROAD LONDON EC1V 2NX
DICT_104	BT CORNWALL LIMITED 81 NEWGATE STREET LONDON EC1A 7AJ
DICT_105	BT LANCASHIRE SERVICES LIMITED 81 NEWGATE STREET LONDON EC1A 7AJ
DICT_106	BURST TIMES LIMITED ROOM 2 FINSBURY BUSINESS CENTRE 40 BOWLING GREEN LANE LONDON EC1R 0NE
DICT_107	BUSINESS CENTRIC SERVICES GROUP LIMITED 130 OLD STREET LONDON EC1V 9BD
DICT_108	BYNDER LIMITED 45 LEATHER LANE LONDON EC1N 7TJ
DICT_109	CABLETECH NETWORKS LIMITED KEMP HOUSE 152 CITY ROAD LONDON EC1V 2NX
DICT_110	CAIMAN COMMUNICATIONS LIMITED KEMP HOUSE 152 CITY ROAD LONDON EC1V 2NX
DICT_111	CALLSQUAD LIMITED UNIT 1.02 27/31 CLERKENWELL CLOSE LONDON EC1R 0AT
DICT_112	CAMFOLIO LIMITED KEMP HOUSE 152 CITY ROAD LONDON EC1V 2NX
DICT_113	CAPILLA LIMITED 101 CLERKENWELL ROAD LONDON EC1R 5BX
DICT_114	CARRINGTON SOLUTIONS LTD BM ADVISORY 82 ST JOHN STREET LONDON EC1M 4JN
DICT_115	CASE ANALYSIS SOLUTIONS LIMITED SUITE 36 88-90 HATTON GARDEN LONDON EC1N 8PG
DICT_116	CASH ON MOBILE LTD 145-157 ST JOHN STREET LONDON EC1V 4PW
DICT_117	CATIPH SERVICES LIMITED 80-83 LONG LANE LONDON EC1A 9ET
DICT_118	CEE CHANGERS LTD 145-157 ST. JOHN STREET LONDON EC1V 4PW
DICT_119	CEELOGIC LIMITED 145-157 ST JOHN STREET LONDON EC1V 4PW
DICT_120	CELERITY INFORMATION SERVICES LIMITED 82 ST JOHN STREET LONDON EC1M 4JN
DICT_121	CENTRILLIUM LIMITED 2ND FLOOR 145-157 ST JOHN STREET LONDON EC1V 4PY
DICT_122	CHANNEL-C LIMITED 1-3 DUFFERIN STREET LONDON EC1Y 8NA
DICT_123	CHERRYPICKIT LTD 5 ST. JOHN'S LANE LONDON EC1M 4BH
DICT_124	"CHI DIGITAL DESIGN LTD. INTERNATIONAL HOUSE 24 HOLBORN VIADUCT, CITY OF LONDON LONDON EC1A 2BN"
DICT_125	CHOCOLATEY LIMITED INTERNATIONAL HOUSE 24 HOLBORN VIADUCT LONDON EC1A 2BN
DICT_126	CIRCUIT BAKERY LTD 15 BOWLING GREEN LANE LONDON EC1R 0BD
DICT_127	CISILION (GROUP) LIMITED 150 ALDERSGATE STREET LONDON EC1A 4AB
DICT_128	CISILION LIMITED 150 ALDERSGATE STREET LONDON EC1A 4AB
DICT_129	CLEAR CONSULTING LIMITED THE CHEMISTRY LAB 57 KINGSWAY PLACE SANS WALK LONDON EC1R 0LY
DICT_130	CLEBBR LTD KEMP HOUSE 160 CITY ROAD LONDON EC1V 2NX
DICT_131	CLICK A SERVICE LIMITED KEMP HOUSE 160 CITY ROAD LONDON EC1V 2NX
DICT_132	CLICK PERFORMANCE LIMITED SUITE 1 6 OWEN STREET LONDON EC1V 7JX
DICT_133	CLICK PROFITS LTD KEMP HOUSE 152 CITY ROAD LONDON EC1V 2NX
DICT_134	CLICKS2CUSTOMERS (UK) LIMITED 80-83 LONG LANE LONDON EC1A 9ET
DICT_135	CLICKUNI LTD 145-157 ST. JOHN STREET LONDON EC1V 4PW
DICT_136	CLIENTWIRE LTD KEMP HOUSE 160 CITY ROAD LONDON EC1V 2NX
DICT_137	CLOUD VEND LIMITED KEMP HOUSE 160 CITY ROAD LONDON EC1V 2NX
DICT_138	CLOUDBIZ LIMITED SUITE 36 88-90 HATTON GARDON LONDON EC1N LONDON EC1N 8PG
DICT_139	CLOUDE-SCORM LIMITED KEMP HOUSE 152-160 CITY ROAD LONDON EC1V 2NX
DICT_140	CLOUDIFIE LIMITED INTERNATIONAL HOUSE 24 HOLBORN VIADUCT LONDON EC1A 2BN
DICT_141	CO-D LONDON LIMITED FINSGATE 5-7 CRANWOOD STREET LONDON EC1V 9EE
DICT_142	COBWEB OUTSOURCE LIMITED 130 OLD STREET LONDON EC1V 9BD
DICT_143	COGNITIVE FINANCE GROUP LTD KEMP HOUSE 160 CITY ROAD LONDON EC1V 2NX
DICT_144	COGNITIVE OPTIMUM LTD KEMP HOUSE 160 CITY ROAD LONDON EC1V 2NX
DICT_145	COLLABERA EUROPE LIMITED DEVONSHIRE HOUSE 60 GOSWELL ROAD LONDON EC1M 7AD
DICT_146	COLUX RECRUITMENT LIMITED 130 OLD STREET LONDON EC1V 9BD
DICT_147	COMMERA CAPITAL LTD OFFICE 36 88-90 HATTON GARDEN LONDON EC1N 8PG
DICT_148	COMPIT COMPUTING LTD 82 ST. JOHN STREET LONDON EC1M 4JN
DICT_149	COMPOUND FREEDOM LIMITED KEMP HOUSE 160 CITY ROAD LONDON EC1V 2NX
DICT_150	COMPUSERVICES LTD INTERNATIONAL HOUSE HOLBORN VIADUCT LONDON EC1A 2BN
DICT_151	COMPUTAGEEKS LIMITED RAMON LEE AND PARTNERS KEMP HOUSE 152-160 CITY ROAD LONDON EC1V 2DW
DICT_152	COMPUTER TERRORISM (UK) LTD 2ND FLOOR 145-157 ST.JOHN STREET LONDON EC1V 4PY
DICT_153	COMYOUCOM LTD DEPARTMENT 16 101 CLERKENWELL ROAD LONDON EC1R 5BX
DICT_154	CONCRETE MEDIA LIMITED HARELLA HOUSE 2ND FLOOR 90-98 GOSWELL ROAD LONDON EC1V 7DF
DICT_155	CONSERP LIMITED 30 CITY ROAD LONDON EC1Y 2AB
DICT_156	CONSULTING SPIRIT LIMITED C/O GROSS KLEIN 5 ST. JOHN'S LANE LONDON EC1M 4BH
DICT_157	CONSUMERTHINK UK LTD KEMP HOUSE 160 CITY ROAD LONDON EC1V 2NX
DICT_158	CONTEC-GLOBAL LIMITED KLACO HOUSE 28-30 SAINT JOHNS SQUARE LONDON EC1M 4DN
DICT_159	CONTORNO-INK LIMITED EDWARD BALDRY INTERNATIONAL HOUSE 24 HOLBORN VIADUCT LONDON EC1A 2BN
DICT_160	COOLEA DEVELOPERS LIMITED GROUND FLOOR 1 BAKER'S ROW LONDON EC1R 3DB
DICT_161	CRAFTS AND LOOMS LIMITED 372 OLD STREET LONDON EC1V 9AU
DICT_162	CRASH MEDIA GROUP LIMITED 78 - 80 ST. JOHN STREET LONDON EC1M 4EH
DICT_163	CREATIVENERDS LTD LOWER GROUND FLOOR 111 CHARTERHOUSE STREET LONDON EC1M 6AW
DICT_164	CREDIT MARKET ANALYSIS LIMITED MILTON GATE 60 CHISWELL STREET LONDON EC1Y 4SA
DICT_165	CRESCENDO WORLDWIDE LIMITED 145-157 ST. JOHN STREET LONDON EC1V 4PW
DICT_166	CRIBFINDER LTD KEMP HOUSE 152 CITY ROAD LONDON EC1V 2NX
DICT_167	CROGTECH LTD 145-157 ST JOHN STREET LONDON EC1V 4PW
DICT_168	CROSSITE LTD FINSGATE 5-7 CRANWOOD STREET LONDON EC1V 9EE
DICT_169	CROWDSCORES LTD 28 ELY PLACE LONDON EC1N 6TD
DICT_170	CRUCIAL MEDIA GROUP LTD. KEMP HOUSE 152 CITY ROAD LONDON EC1V 2NX
DICT_171	CSVCONSULT LTD KEMP HOUSE 160 CITY ROAD LONDON LONDON EC1V 2NX
DICT_172	CT CONSULTANTS LTD 145-157 ST JOHN STREET LONDON EC1V 4PW
DICT_173	CTS TECHNOLOGY LTD INTERNATIONAL HOUSE 24 HOLBORN VIADUCT LONDON EC1A 2BN
DICT_174	CUBE 33 DESIGN LIMITED C/O KLSA CHARTERED ACCOUNTANTS KLACO HOUSE 28-30 ST. JOHN'S SQUARE LONDON EC1M 4DN
DICT_175	CUBE19 LIMITED THIRD FLOOR 111 CHARTERHOUSE STREET LONDON EC1M 6AW
DICT_176	CYBACORE LTD KEMP HOUSE 152 CITY ROAD LONDON EC1V 2NX
DICT_177	CYBERISK SECURITY SOLUTION (UK) LIMITED 1 CHARTERHOUSE MEWS LONDON EC1M 6BB
DICT_178	DALMARTIN LTD 145-157 ST. JOHN STREET LONDON EC1V 4PW
DICT_179	DANDAN DIGITAL LTD 57-61 CHARTERHOUSE STREET LONDON EC1M 6HA
DICT_180	DAOTEC LTD WESTBURY 2ND FLOOR 145-157 ST JOHN STREET LONDON EC1V 4PY
DICT_181	DASHHOUND LTD KEMP HOUSE 160 CITY ROAD LONDON LONDON EC1V 2NX
DICT_182	DATA SYNOPSIS LIMITED GROUND FLOOR 1 BAKER'S ROW LONDON EC1R 3DB
DICT_183	DAZZLE TECHNOLOGY LIMITED 50 FARRINGDON ROAD LONDON EC1M 3HE
DICT_184	DC INTELLIGENCE LIMITED KEMP HOUSE 160 CITY ROAD LONDON EC1V 2NX
DICT_185	DEALPIPS LTD 145-157 ST JOHN STREET LONDON EC1V 4PW
DICT_186	DECIMAL FACTOR SOFTWARE LIMITED 145-157 ST JOHN STREET LONDON EC1V 4PW
DICT_187	DECODE DIGITAL LTD 145-157 ST. JOHN STREET LONDON EC1V 4PW
DICT_188	DEENATH LIMITED GOUND FLOOR 1 BAKER'S ROW LONDON EC1R 3DB
DICT_189	DELBRY LTD GROUND FLOOR 1 BAKER'S ROW LONDON EC1R 3DB
DICT_190	DELIVER BRAND MARKETING LTD 34 NEW HOUSE 67-68 HATTON GARDENS LONDON EC1N 8JY
DICT_191	DENTAL BUSINESS BUTLERS LIMITED SUITE 36 88-90 HATTON GARDEN HOLBORN LONDON EC1N 8PG
DICT_192	DESIGN AND PROSPER LIMITED LEVEL 3 91-93 FARRINGDON RD LONDON EC1M 3LN
DICT_193	DESIGN FOR ME LIMITED 80-83 LONG LANE LONDON EC1A 9ET
DICT_194	DESIGNOPOLY LIMITED KEMP HOUSE 152-160 CITY ROAD LONDON EC1V 2NX
DICT_195	DHPM LIMITED 2ND FLOOR 145-157 ST JOHN STREET LONDON EC1V 4PY
DICT_196	DIG LONDON LIMITED 57-61 CHARTERHOUSE STREET LONDON EC1M 6HA
DICT_197	DIGIPOLIS LIMITED 15 BOWLING GREEN LANE LONDON EC1R 0BD
DICT_198	DIGITAL ACUMEN PLC KEMP HOUSE 152-160 CITY ROAD LONDON EC1V 2DW
DICT_199	DIGITAL CAPACITY LIMITED KEMP HOUSE 160 CITY ROAD LONDON EC1V 2NX
DICT_200	DIGITAL GOODS STORE LTD INTERNATIONAL HOUSE 24 HOLBORN VIADUCT LONDON CITY OF LONDON EC1A 2BN
DICT_201	DIGITAL HUB MEDIA PRIVATE LIMITED KEMP HOUSE 160 CITY ROAD LONDON LONDON EC1V 2NX
DICT_202	DIGITAL INCLUSION TECHNOLOGY GROUP (CST PROGRAMMES) LIMITED 30 CITY ROAD LONDON EC1Y 2AB
DICT_203	DIGITAL INCLUSION TECHNOLOGY GROUP (IAP) LIMITED 30 CITY ROAD LONDON EC1Y 2AB
DICT_204	DIGITAL INK DROP C.I.C. INTERNATIONAL HOUSE 24 HOLBORN VIADUCT LONDON EC1A 2BN
DICT_205	DIMANCHE LIMITED GROUND FLOOR 1 BAKER'S ROW LONDON EC1R 3DB
DICT_206	DISPATCH MESSENGER LIMITED THE TRAMPERY 239 OLD STREET LONDON EC1V 9EY
DICT_207	DMS NETWORK LIMITED KEMP HOUSE 152-160 CITY ROAD LONDON EC1V 2NX
DICT_208	DOMAIN SECURITIES LIMITED KEMP HOUSE 152 CITY ROAD LONDON EC1V 2NX
DICT_209	"DREAMBYTE STUDIO LTD KEMP HOUSE, 152-160 CITY ROAD LONDON EC1V 2NX"
DICT_210	DREW AND GREGORIES LTD SUITE 36 88-90 HATTON GARDEN HOLBORN LONDON EC1N 8PN
DICT_211	DRG TEC LIMITED GF 1 BAKER'S ROW LONDON EC1R 3DB
DICT_212	DRP WICKHAM CONSULTANCY LIMITED 145-157 ST. JOHN ST. JOHN STREET LONDON EC1V 4PW
DICT_213	"DT TECHNOLOGY LTD KEMP HOUSE, 152 CITY ROAD LONDON EC1V 2NX"
DICT_214	DTM INVEST LIMITED 130 OLD STREET LONDON EC1V 9BD
DICT_215	E&S SOFTWARE LTD 10 COLDBATH SQUARE LONDON EC1R 5HL
DICT_216	EALING MANAGEMENT ACCOUNTANCY LIMITED KEMP HOUSE 152 CITY ROAD LONDON EC1V 2NX
DICT_217	EASYWARE SOFTWARE SOLUTIONS LIMITED 145-157 ST JOHN STREET LONDON EC1V 4PY
DICT_218	EC1 TECHNOLOGIES LIMITED PETERSHAM HOUSE 57A HATTON GARDEN LONDON EC1N 8JN
DICT_219	ECHOSIXTY LIMITED INTERNATIONAL HOUSE 24 HOLBORN VIADUCT LONDON EC1A 2BN
DICT_220	EI SQUARE LIMITED GROUND FLOOR 1 BAKER'S ROW LONDON EC1R 3DB
DICT_221	EKTBLY LTD 145-157 ST JOHN STREET LONDON EC1V 4PW
DICT_222	ELECTRONIC MARKET SYSTEMS LTD 82 ST JOHN STREET LONDON EC1M 4JN
DICT_223	ELITE TECHNOLOGICAL SOLUTIONS LTD INTERNATIONAL HOUSE 24 HOLBORN VIADUCT LONDON EC1A 2BN
DICT_224	ENRO SOLUTIONS LIMITED 145-157 ST JOHN STREET LONDON EC1V 4PW
DICT_225	ENTROM LIMITED SUITE 36 88-90 HATTON GARDEN LONDON EC1N 8PG
DICT_226	ENVISION MEDIA &  PUBLICATIONS LIMITED KEMP HOUSE 160 CITY ROAD LONDON EC1V 2NX
DICT_227	EQ ENTERPRISES LIMITED KEMP HOUSE 160 CITY ROAD LONDON EC1V 2NX
DICT_228	ERICA LABS LTD KEMP HOUSE 160 CITY ROAD LONDON LONDON EC1V 2NX
DICT_229	ESCHMANN LIMITED KEMP HOUSE 152-160 CITY ROAD LONDON EC1V 2DW
DICT_230	ESTORA LTD FINSGATE 5-7 CRANWOOD STREET LONDON EC1V 9EE
DICT_231	EUMIS LIMITED 15 BOWLING GREEN LANE LONDON EC1R 0BD
DICT_232	EUREKA NETWORKS LIMITED UNIT 34 67-68 HATTON GARDEN LONDON EC1N 8JY
DICT_233	EUROPEAN CENTRE FOR RESEARCH &  CONSULTANCY LTD 24 HOLBORN VIADUCT LONDON EC1A 2BN
DICT_234	EVA GALO LTD. KEMP HOUSE 160 CITY ROAD LONDON EC1V 2NX
DICT_235	EVORI LIMITED 16 BOWLING GREEN LANE LONDON EC1R 0BD
DICT_236	EXACT EDITIONS LIMITED COLONIAL BUILDINGS 59 - 61 HATTON GARDEN LONDON EC1N 8LS
DICT_237	EXCEL IT TECHNOLOGIES LTD 145-157 ST JOHN STREET LONDON EC1V 4PY
DICT_238	EXPATGLOBAL LIMITED 82 ST JOHN STREET LONDON EC1M 4JN
DICT_239	EXPOSHOPS LTD 152 CITY ROAD LONDON EC1V 2NX
DICT_240	EXTREME ELECTRONICS LTD. 80-83 LONG LANE LONDON EC1A 9ET
DICT_241	"EXWAL LTD. KEMP HOUSE, 152 CITY ROAD, LONDON EC1V 2NX LONDON EC1V 2NX"
DICT_242	F6S NETWORK LIMITED 152-160 KEMP HOUSE CITY ROAD LONDON EC1V 2NX
DICT_243	FACTOM FOUNDATION LIMITED 150 ALDERSGATE STREET LONDON EC1A 4AB
DICT_244	FALLYFIN IT &  ELECTRONICS LTD. 372 OLD STREET LONDON EC1V 9AU
DICT_245	FAN DOMAINS LTD 145-157 ST JOHN STREET LONDON EC1V 4PW
DICT_246	"FARNTRON LIMITED C/O AMIN PATEL AND SHAH ACCOUNTANTS, 334-336 GOSWELL ROAD LONDON EC1V 7RP"
DICT_247	FEELSFLOW LTD KEMP HOUSE 160 CITY ROAD LONDON EC1V 2NX
DICT_248	FENERGO UK LIMITED 200 ALDERSGATE LONDON EC1A 4HD
DICT_249	FENGSTONE UK LTD 145-157 ST JOHN STREET LONDON EC1V 4PW
DICT_250	FINTIA LTD INTERNATIONAL HOUSE 24 HOLBORN VIADUCT LONDON EC1A 2BN
DICT_251	FIRE MEDIA INTERACTIVE LTD KEMP HOUSE 152-160 CITY ROAD LONDON EC1V 2NX
DICT_252	FIREBIRD MEDIA LIMITED KEMP HOUSE 160 CITY ROAD LONDON LONDON EC1V 2NX
DICT_253	FIRST EASYTEC LTD KEMP HOUSE CITY ROAD 152 LONDON EC1V 2NX
DICT_254	FISHEREK LIMITED C/O GOLDER BAQA GROUND FLOOR 1 BAKER'S ROW LONDON EC1R 3DB
DICT_255	FLASH CLOUD SOLUTIONS LIMITED INTERNATIONAL HOUSE HOLBORN VIADUCT LONDON EC1A 2BN
DICT_256	FLIP SPORTS LIMITED 24 GREVILLE STREET LONDON EC1N 8SS
DICT_257	FLOWSTATE LIMITED C/O WESTBURY 2ND FLOOR 145-157 ST JOHN STREET LONDON EC1V 4PY
DICT_258	FLOYD TECHNOLOGIES LIMITED 80-83 LONG LANE LONDON EC1A 9ET
DICT_259	FLUID ADS LIMITED 4TH FLOOR 35-39 OLD STREET LONDON EC1V 9HX
DICT_260	FOOTFALLS LIMITED SUITE 48 88-90 HATTON GARDEN LONDON EC1N 8PN
DICT_261	FOR TOMORROW LTD INTERNATIONAL HOUSE 24 HOLBORN VIADUCT LONDON EC1A 2BN
DICT_262	FOREX ADVISER LIMITED 26-28 ELY PLACE 3RD FLOOR LONDON EC1N 6TD
DICT_263	FORIS HOLDINGS LIMITED KEMP HOUSE 160 CITY ROAD LONDON LONDON EC1V 2NX
DICT_264	FOURCUBE LIMITED KEMP HOUSE 152-160 CITY ROAD LONDON EC1V 2DW
DICT_265	FREAKINWARE LIMITED KEMP HOUSE 152 - 160 CITY ROAD LONDON EC1V 2NX
DICT_266	FRIENDSHIPUK LTD 145-157 ST. JOHN STREET LONDON EC1V 4PW
DICT_267	FROGNATION LTD. FINSGATE 5-7 CRANWOOD STREET LONDON EC1V 9EE
DICT_268	FRUUMI LIMITED KEMP HOUSE 160 CITY ROAD LONDON EC1V 2NX
DICT_269	FUNKY LEMON WEB LTD 145-157 ST JOHN STREET LONDON EC1V 4PW
DICT_270	FURTHERMORE LTD 411 DAVINA HOUSE 137-149 GOSWELL ROAD LONDON EC1V 7ET
DICT_271	FUTURA TECHNOLOGIES LIMITED OFFICE 34 67-68 HATTON GARDEN NEW HOUSE LONDON EC1N 8JY
DICT_272	GENERALCONSULT LIMITED 34 NEW HOUSE 67-68 HATTON GARDEN LONDON EC1N 8JY
DICT_273	GENESIS GLOBAL TECHNOLOGY LIMITED C/O GOLDER BAQA GROUND FLOOR 1 BAKER'S ROW LONDON EC1R 3DB
DICT_274	GENESIS TECHNOLOGY ARCHITECTURE LIMITED C/O GOLDER BAQA GROUND FLOOR 1 BAKER'S ROW LONDON EC1R 3DB
DICT_275	GEOHUBB LIMITED KEMP HOUSE 160 CITY ROAD LONDON EC1V 2NX
DICT_276	GEORGIE LIMITED LASER HOUSE 132-140 GOSWELL ROAD LONDON EC1V 7DY
DICT_277	GHOSTERY LIMITED 21 HOLBORN VIADUCT LONDON EC1A 2DY
DICT_278	GIOASS DOMAINS LIMITED 1 CHARTERHOUSE MEWS LONDON EC1M 6BB
DICT_279	"GLOBAL PUBLISHING SOLUTIONS LTD DEVONSHIRE HOUSE, 60 GOSWELL ROAD LONDON EC1M 7AD"
DICT_280	GLOBAL TECHNOLOGY LONDON LIMITED KEMP HOUSE 160 CITY ROAD LONDON LONDON EC1V 2NX
DICT_281	GLOOMLASH INCORPORATION LIMITED KEMP HOUSE 160 CITY ROAD LONDON LONDON EC1V 2NX
DICT_282	GLOPAY LIMITED 145-157 ST JOHN STREET LONDON EC1V 4PW
DICT_283	GMCFAR LIMITED KEMP HOUSE 160 CITY ROAD LONDON EC1V 2NX
DICT_284	GOCARDLESS LTD 338-346 GOSWELL ROAD LONDON EC1V 7LQ
DICT_285	GOLDFISH DIGITAL MEDIA LIMITED 145-157 ST JOHN STREET LONDON EC1V 4PW
DICT_286	GOLDSTAR ELECTRONICS LTD KEMP HOUSE 152 CITY ROAD LONDON EC1V 2NX
DICT_287	GOLFERS' MATCH LIMITED KEMP HOUSE 152-160 CITY ROAD LONDON EC1V 2NX
DICT_288	GOMABU LIMITED 130 OLD STREET LONDON EC1V 9BD
DICT_289	GOOD IDEAS FOR INTERNET LTD 145-157 ST JOHN STREET LONDON EC1V 4PW
DICT_290	GOTHAM STREET UK LIMITED DEVONSHIRE HOUSE 60 GOSWELL ROAD LONDON EC1M 7AD
DICT_291	GREEN FIELDS TECHNOLOGY LIMITED BIG STUDIOS 1 EAST POULTRY AVENUE LONDON EC1A 9PT
DICT_292	GVC LIMITED 15 BUNHILL ROW LONDON EC1Y 8LP
DICT_293	GX2 TECHNOLOGY LIMITED 353-355 GOSWELL ROAD LONDON EC1V 7JL
DICT_294	HALAL SPOT LTD KEMP HOUSE 152 CITY ROAD LONDON EC1V 2NX
DICT_295	HANDYMARTIAN LTD C/O GOLDER BAQA GROUND FLOOR 1 BAKER'S ROW LONDON EC1R 3DB
DICT_296	HAYFORD RECRUITMENT LIMITED LANSDOWNE HOUSE CITY FORUM 250 CITY ROAD LONDON EC1V 2QZ
DICT_297	HAZELTREE TREASURY UK LTD. THIRD FLOOR 24 CHISWELL STREET LONDON EC1Y 4YX
DICT_298	HCF AUTOMATION LIMITED KEMP HOUSE CITY ROAD LONDON EC1V 2NX
DICT_299	HEALTHFORGE LTD LASER HOUSE 132-140 GOSWELL ROAD LONDON EC1V 7DY
DICT_300	HIGHGOLD COMMUNICATIONS LIMITED 145-157 ST. JOHN STREET LONDON EC1V 4PY
DICT_301	HOB CONSULTING LTD 145-157 ST JOHN STREET LONDON EC1V 4PW
DICT_302	HOMES YOU SHARE LIMITED 130 OLD STREET LONDON EC1V 9BD
DICT_303	HOPESTEAD MANAGEMENT LTD 145-157 ST JOHN STREET LONDON EC1V 4PW
DICT_304	HU BU LIMITED GROUND FLOOR 1 BAKER'S ROW LONDON EC1R 3DB
DICT_305	HUUPE LIMITED 3RD FLOOR 24 CHISWELL STREET LONDON EC1Y 4YX
DICT_306	HYBRID SMART CONTRACTS MEDIA LIMITED KEMP HOUSE 160 CITY ROAD LONDON EC1V 2NX
DICT_307	HYDROAUTOMATION LTD UNIT 36 88-90 HATTON GARDEN LONDON EC1N 8PN
DICT_308	HYPERCYBERNETICS COMPUTATIONAL FINANCE RESEARCH CENTER LTD 145-157 ST JOHN STREET LONDON EC1V 4PW
DICT_309	IDEABUILDER LIMITED CLERKENWELL WORKSHOPS 31 CLERKENWELL CLOSE LONDON EC1R 0AT
DICT_310	"IDN PROJECTS LIMITED KINGSTON SMITH LLP, DEVONSHIRE HOUSE 60 GOSWELL ROAD LONDON EC1M 7AD"
DICT_311	IGNITE UTILITY LIMITED INTERNATIONAL HOUSE 24 HOLBORN VIADUCT LONDON EC1A 2BN
DICT_312	ILAB LIMITED THIRD FLOOR 112 CLERKENWELL ROAD LONDON EC1M 5SA
DICT_313	IMPORT.IO LIMITED 30 CITY ROAD LONDON EC1Y 2AB
DICT_314	IMRAN BAIG MOBILE SOFTWARE TECHNOLOGIES LIMITED C/O GOLDER BAQA GROUND FLOOR 1 BAKER'S ROW LONDON EC1R 3DB
DICT_315	INCOMMON LTD 145-157 ST JOHN STREET LONDON EC1V 4PW
DICT_316	INFERENTIAL LTD KEMP HOUSE 152 CITY ROAD LONDON LONDON EC1V 2NX
DICT_317	INFINITY HOT TUBS LIMITED C/O GOLDER BAQA GROUND FLOOR 1 BAKER'S ROW LONDON EC1R 3DB
DICT_318	INFO STOR LIMITED DEVONSHIRE HOUSE 60 GOSWELL ROAD LONDON EC1M 7AD
DICT_319	INFODOCS LIMITED KEMP HOUSE 152-160 CITY ROAD LONDON EC1V 2NX
DICT_320	INFORMATION EXPERIENCE LIMITED 28 ELY PLACE 3RD FLOOR LONDON EC1N 6TD
DICT_321	"INFORMATION SERVICES EXTENDED, UK LTD 150 ALDERSGATE STREET LONDON EC1A 4AB"
DICT_322	INFORMATION TECHNOLOGY EUROPE PUBLIC SECTOR LIMITED 30 CITY ROAD LONDON EC1Y 2AB
DICT_323	INFOSAAS LTD 145-157 ST JOHN STREET LONDON EC1V 4PW
DICT_324	"INFOSECO LTD 152 KEMP HOUSE, CITY ROAD LONDON EC1V 2NX"
DICT_325	INFYLINE LIMITED 145-157 ST JOHN STREET LONDON EC1V 4PW
DICT_326	INGENIOUS BUSINESS SOLUTIONS LIMITED 150 ALDERSGATE STREET LONDON EC1A 4AB
DICT_327	"INKU CONSULTANTS LIMITED GROUND FLOOR , 1 BAKER'S ROW LONDON EC1R 3DB"
DICT_328	INNOVA8E LIMITED KEMP HOUSE 160 CITY ROAD LONDON EC1V 2NX
DICT_329	INSIGHT INTERNATIONAL (UK) LTD 145-157 ST JOHN STREET LONDON EC1V 4PW
DICT_330	INSOLYTICS LIMITED KEMP HOUSE 160 CITY ROAD LONDON LONDON EC1V 2NX
DICT_331	"INSTAPRISE SOLUTIONS LIMITED SUITE 34, 68 HATTON GARDEN LONDON EC1N 8JY"
DICT_332	INTCOMMERCE LTD 2ND FLOOR 145-157 ST JOHN STREET LONDON EC1V 4PY
DICT_333	INTEGRATION AND SOFTWARE LIMITED 4TH FLOOR CLERKS WELL HOUSE 20 BRITTON STREET LONDON EC1M 5UA
DICT_334	INTERFAX UK LIMITED THIRD FLOOR 24 CHISWELL STREET LONDON EC1Y 4YX
DICT_335	INTERNET E-MAIL LIMITED 3 BAKER'S ROW LONDON EC1R 3DB
DICT_336	INTERPRETERS-ON-CALL LTD THIRD FLOOR 12 EAST PASSAGE LONDON EC1A 7LP
DICT_337	INTERPRETERSPORTAL LTD THIRD FLOOR 12 EAST PASSAGE LONDON EC1A 7LP
DICT_338	INVESTIN LTD KEMP HOUSE 152-160 CITY ROAD LONDON EC1V 2NX
DICT_339	IOLOGICS LIMITED SUITE 10 MINERVA HOUSE 26-27 HATTON GARDEN LONDON EC1N 8BR
DICT_340	IONOVA LIMITED 152-160 CITY ROAD LONDON EC1V 2NX
DICT_341	IPROCURE LIMITED KEMP HOUSE 152-160 CITY ROAD LONDON EC1V 2NX
DICT_342	IPUBLIC SOLUTIONS LIMITED 2ND FLOOR 145-157 ST JOHN STREET LONDON EC1V 4PY
DICT_343	IQ PROFESSIONAL LIMITED 88-90 HATTON GARDEN LONDON EC1N 8PG
DICT_344	IQSYS SECURITY LTD KEMP HOUSE 160 CITY ROAD LONDON LONDON EC1V 2NX
DICT_345	IRATEU LTD 152 CITY ROAD LONDON EC1V 2NX
DICT_346	IRATEU VENTURES LTD 152 CITY ROAD LONDON EC1V 2NX
DICT_347	IRISATION LTD INTERNATIONAL HOUSE 24 HOLBORN VIADUCT LONDON EC1A 2BN
DICT_348	IS IT MEANT TO DO THAT? LTD 88 GOLDEN LANE LONDON ISLINGTON EC1Y 0UA
DICT_349	ISTOP KIOSKS LIMITED 334 - 336 GOSWELL ROAD LONDON EC1V 7RP
DICT_350	IT SYSTEMS SOLUTIONS LIMITED GROUND FLOOR 1 BAKER'S ROW LONDON EC1R 3DB
DICT_351	IT XPERT LTD ST JOHNS HOUSE 54 ST JOHN'S SQUARE LONDON EC1V 4JL
DICT_352	ITEXTPORTAL LTD KEMP HOUSE 152 CITY ROAD LONDON EC1V 2NX
DICT_353	ITFINSG LTD INTERNATIONAL HOUSE 24 HOLBORN VIADUCT LONDON EC1A 2BN
DICT_354	ITSALLWEDO LIMITED 39 HATTON GARDEN LONDON EC1N 8EH
DICT_355	J.M. COMPUTING LIMITED BIG STUDIOS 1 EAST POULTRY AVENUE LONDON EC1A 9PT
DICT_356	JABO LTD GROUND FLOOR 1 BAKER'S ROW LONDON EC1R 3DB
DICT_357	JAJ CAPITAL LTD UNIT 34 HATTON GARDEN LONDON EC1N 8JY
DICT_358	JARVIS MARKETING LTD 137-139 WHITECROSS STREET LONDON EC1Y 8JL
DICT_359	JAVELIN BROADBAND LIMITED 28 ELY PLACE 3RD FLOOR LONDON EC1N 6TD
DICT_360	JIGZONE.COM LIMITED KLACO HOUSE 28-30 ST JOHN'S SQUARE LONDON EC1M 4DN
DICT_361	JINITO LTD KEMP HOUSE 160 CITY ROAD LONDON LONDON EC1V 2NX
DICT_362	JMC. IT GROUP LIMITED BIG STUDIOS 1 EAST POULTRY AVENUE LONDON EC1A 9PT
DICT_363	JS INFORMATION SYSTEMS LIMITED 33 HOLBORN LONDON EC1N 2HT
DICT_364	JULIUS CAESAR CONSULTANCY LTD INTERNATIONAL HOUSE 24 HOLBORN VIADUCT LONDON EC1A 2BN
DICT_365	JWR TRADING LIMITED THIRD FLOOR 111 CHARTERHOUSE STREET LONDON EC1M 6AW
DICT_366	KANDOLA LUXURIES LTD 145-157 ST JOHN STREET LONDON EC1V 4PW
DICT_367	KARTEPAY TECHNOLOGIES LTD KEMP HOUSE 160 CITY ROAD LONDON EC1V 2NX
DICT_368	KAWIKY LIMITED 30 ELY PLACE THIRD FLOOR OFFICE 30 ELY PLACE LONDON EC1N 6TD
DICT_369	KEEBOO UK LTD 17TH FLOOR 200 ALDERSGATE STREET LONDON EC1A 4HD
DICT_370	KEEP IT SIMPLE LIMITED KEMP HOUSE 160 CITY ROAD LONDON LONDON EC1V 2NX
DICT_371	KEMLING LTD 145-157 ST JOHN STREET LONDON EC1V 4PW
DICT_372	KENNETIQ LTD. 145-147 ST. JOHN STREET LONDON EC1V 4PW
DICT_373	KETZEN LTD INTERNATIONAL HOUSE 24 HOLBORN VIADUCT LONDON EC1A 2BN
DICT_374	KINGSTON WEB SERVICES LIMITED KEMP HOUSE 160 CITY ROAD LONDON EC1V 2NX
DICT_375	KITENZI LTD INTERNATIONAL HOUSE 24 HOLBORN VIADUCT LONDON EC1A 2BN
DICT_376	KIWANO LTD KEMP HOUSE 152 CITY ROAD LONDON EC1V 2NX
DICT_377	KIYATA LIMITED KEMP HOUSE 152 CITY ROAD LONDON EC1V 2NX
DICT_378	KLARKWERK LTD GROUND FLOOR 1 BAKER'S ROW LONDON EC1R 3DB
DICT_379	KNOWLEDGE WORKERS LIMITED GROUND FLOOR 1 BAKER'S ROW LONDON EC1R 3DB
DICT_380	KUKZY TECHNOLOGIES LIMITED KEMP HOUSE 152 CITY ROAD LONDON EC1V 2NX
DICT_381	LABGRAPHIQUE. LIMITED LASER HOUSE 132-140 GOSWELL ROAD LONDON EC1V 7DY
DICT_382	LADIES SAFE LTD KEMP HOUSE 152-160 CITY ROAD LONDON EC1V 2NX
DICT_383	LAPTOPFRIENDLY LTD KEMP HOUSE 160 CITY ROAD LONDON EC1V 2NX
DICT_384	LATTISPHERE LTD 33 EYRE STREET HILL LONDON EC1R 5ET
DICT_385	LAUGHTON IT SERVICES LIMITED LASER HOUSE 132-140 GOSWELL ROAD LONDON EC1V 7DY
DICT_386	LAURENCE POSTGATE LIMITED 28 ELY PLACE LONDON EC1N 6AA
DICT_387	LAZY FACTORY LTD KEMP HOUSE 160 CITY ROAD LONDON EC1V 2NX
DICT_388	LEAD LOGIC LTD OFFICE 36 88-90 HATTON GARDEN LONDON EC1N 8PG
DICT_389	LEAN PERSPECTIVE LTD SILK HOUSE 61A GEE STREET LONDON EC1V 3RS
DICT_390	LEFT SHIFT IT LIMITED 02-Jul CLERKENWELL GREEN LONDON EC1R 0DE
DICT_391	LEGALEYE (INTERNATIONAL) LIMITED SUITE 36 88-90 HATTON GARDEN LONDON EC1N 8PG
DICT_392	LEGALSURE LTD 145-157 ST JOHN STREET LONDON EC1V 4PW
DICT_393	LEMON YETI MEDIA LTD 145-157 ST JOHN STREET LONDON EC1V 4PW
DICT_394	LENDERWIZE LIMITED 1 CHARTERHOUSE MEWS LONDON EC1M 6BB
DICT_395	LENOLA LTD UNIT 36 88-90 HATTON GARDEN LONDON EC1N 8PG
DICT_396	LIFE DESIGN GROUP LIMITED KEMP HOUSE 160 CITY ROAD LONDON EC1V 2NX
DICT_397	LIGHTNESS IT LTD KEMP HOUSE 152 CITY ROAD LONDON EC1V 2NX
DICT_398	LINKAGE DESIGN LIMITED KEMP HOUSE 152-160 CITY ROAD LONDON EC1V 2NX
DICT_399	"LITTLEBIRD ONLINE LTD BIG STUDIOS, 1 EAST POULTRY AVENUE LONDON EC1A 9PT"
DICT_400	LIVE SMARTER LTD. FIRST FLOOR THAVIES INN HOUSE 3-4 HOLBORN CIRCUS LONDON EC1N 2HA
DICT_401	LOCALSTARS LTD 35-39 4TH FLOOR OLD STREET LONDON EC1V 9HX
DICT_402	LOCATA (HOUSING SERVICES) LIMITED 3 BUNHILL ROW LONDON EC1Y 8YZ
DICT_403	LOGIC REPLACE LIMITED KEMP HOUSE 160 CITY ROAD LONDON LONDON EC1V 2NX
DICT_404	LOGIC SOFT LTD KEMP HOUSE 160 CITY ROAD LONDON LONDON EC1V 2NX
DICT_405	LOGINWORK LTD INTERNATIONAL HOUSE 24 HOLBORN VIADUCT LONDON EC1A 2BN
DICT_406	LOKI INTERNET LIMITED INTERNATIONAL HOUSE 24 HOLBORN VIADUCT LONDON LONDON EC1A 2BN
DICT_407	LONDON COLLEGE OF INFORMATION TECHNOLOGY LTD 34 NEW HOUSE 67-68 HATTON GARDEN LONDON EC1N 8JY
DICT_408	LOYALTY PRIME LIMITED DEVONSHIRE HOUSE 60 GOSWELL ROAD LONDON EC1M 7AD
DICT_409	LUCKY YOU STUDIO LTD INTERNATIONAL HOUSE 24 HOLBORN VIADUCT LONDON EC1A 2BN
DICT_410	LUMINEA IT SOLUTIONS LIMITED SUITE 48 88-90 HATTON GARDEN LONDON EC1N 8PN
DICT_411	LUPON MEDIA LTD FIRST FLOOR THAVIES INN HOUSE / 3-4 HOLBORN CIRCUS LONDON EC1N 2HA
DICT_412	LUX REPAIR LTD 145-157 ST JOHN STREET LONDON EC1V 4PW
DICT_413	LYCOM CORPORATION LTD 145-157 ST JOHN STREET LONDON EC1V 4PW
DICT_414	LYTRIBE LTD KEMP HOUSE 160 CITY ROAD LONDON EC1V 2NX
DICT_415	M/A WORK LIMITED 15 BOWLING GREEN LANE LONDON EC1R 0BD
DICT_416	MAC CREATIONS LTD KEMP HOUSE 152 CITY ROAD LONDON EC1V 2NX
DICT_417	MADDOX MARKETING LTD 145-157 ST JOHN STREET LONDON EC1V 4PW
DICT_418	MAGENTA IT CONSULTING LTD BM ADVISORY LLLP 82 ST JOHN STREET LONDON EC1M 4JN
DICT_419	MAGNETIC IT LIMITED 16 ST. MARTIN'S LE GRAND LONDON EC1A 4EN
DICT_420	MAILJET SAAS LTD INTERNATIONAL HOUSE 24 HOLBORN VIADUCT LONDON EC1A 2BN
DICT_421	MANAGIS LTD 1 EAST POULTRY AVENUE EAST POULTRY AVENUE FIRST FLOOR LONDON EC1A 9PT
DICT_422	MANDIANT LTD. 21 HOLBORN VIADUCT LONDON EC1A 2DY
DICT_423	MAR IT SERVICES LTD KEMP HOUSE 160 CITY ROAD LONDON EC1V 2NX
DICT_424	MASTER IN RESEARCH LTD KEMP HOUSE 152 - 160 CITY ROAD LONDON EC1V 2NX
DICT_425	MASTERING MEDIA (PRODUCTION ADVICE) LTD KEMP HOUSE 152-160 CITY ROAD LONDON EC1V 2NX
DICT_426	MASTERS OF CEREMONIES LIMITED KEMP HOUSE 160 CITY ROAD LONDON EC1V 2NX
DICT_427	MBA INFORMATION TECHNOLOGY LIMITED 7 PEARTREE STREET LONDON EC1V 3AS
DICT_428	MBA TECHNOLOGIES LIMITED KEMP HOUSE 152 CITY ROAD LONDON EC1V 2NX
DICT_429	MC ITS LIMITED LASER HOUSE 132-140 GOSWELL ROAD LONDON EC1V 7DY
DICT_430	MCLEOD ENTERPRISES LTD 145-157 ST. JOHN STREET LONDON EC1V 4PW
DICT_431	MEDECARD LIMITED 84 ST. JOHN STREET LONDON EC1M 4JN
DICT_432	MEDIA72 HOSTING LIMITED OFFICE 36 88-90 HATTON GARDEN LONDON EC1N 8PN
DICT_433	MEGANETWORK LTD 145-157 ST JOHN STREET LONDON EC1V 4PW
DICT_434	MENDI ASSOCIATES LIMITED APEX HOUSE 24 59 BUNHILL ROW LONDON EC1Y 8QW
DICT_435	MENUKOOL FOODS LIMITED 34 NEW HOUSE 67-68 HATTON GARDEN LONDON EC1N 8JY
DICT_436	MILLHOUSE KAYSER LIMITED 80 OLD STREET LONDON EC1V 9AZ
DICT_437	MINT DIGITAL LIMITED WHITE BEAR YARD 144A CLERKENWELL ROAD LONDON EC1R 5DF
DICT_438	MIQAT TECHNOLOGIES LIMITED KEMP HOUSE 160 CITY ROAD LONDON EC1V 2NX
DICT_439	MISSINGLETTR LTD KEMP HOUSE 160 CITY ROAD LONDON LONDON EC1V 2NX
DICT_440	MOBILE TECTONICS LIMITED KEMP HOUSE 160 CITY ROAD LONDON EC1V 2NX
DICT_441	MONETIC LIMITED THIRD FLOOR 112 CLERKENWELL ROAD LONDON EC1M 5SA
DICT_442	MONGOOSE GRAY LTD KEMP HOUSE 160 CITY ROAD LONDON EC1V 2NX
DICT_443	MOODAWAY LIMITED DEVONSHIRE HOUSE 60 GOSWELL ROAD LONDON EC1M 7AD
DICT_444	MORNINGSTAR EUROPE LIMITED 1 OLIVER'S YARD 55-71 CITY ROAD LONDON EC1Y 1HQ
DICT_445	MORSE GROUP LIMITED 200 ALDERSGATE ALDERSGATE STREET LONDON EC1A 4HD
DICT_446	MOTION SOLUTIONS LIMITED GROUND FLOOR 1 BAKER'S ROW LONDON EC1R 3DB
DICT_447	MPSCOTT LTD UNIT 34 67-68 HATTON GARDEN NEW HOUSE LONDON EC1N 8JY
DICT_448	MTIVITY LIMITED KEMP HOUSE 152-160 CITY ROAD LONDON EC1V 2NX
DICT_449	MULROONEY MEDIA LIMITED C/O CAYOS CONSULTING SERVICES 40 BOWLING GREEN LANE LONDON EC1R 0NE
DICT_450	MUNKEY LIMITED C/O TOBIN ASSOCIATES 4TH FLOOR LONDON EC1N 8LE
DICT_451	MX STUDIO LTD PREMIER HOUSE 12-13 HATTON GARDEN LONDON EC1N 8AN
DICT_452	MYBUSKS LTD 145-157 ST JOHN STREET LONDON EC1V 4PW
DICT_453	MYCLOUDHOST LIMITED KEMP HOUSE 152/160 CITY ROAD LONDON EC1V 2DW
DICT_454	"MYTODDLR LTD INTERNATIONAL HOUSE, 24 HOLBORN VIADUCT LONDON EC1A 2BN"
DICT_455	N.KO ENGINEERING LIMITED FLAT 1 61 MYDDELTON SQUARE LONDON EC1R 1XX
DICT_456	NANOTEMPER TECHNOLOGIES LIMITED 17-18 AYLESBURY STREET LONDON EC1R 0DB
DICT_457	NARC INTERACTIVE SERVICES LTD KEMP HOUSE 152-160 CITY ROAD LONDON EC1V 2NX
DICT_458	NATICI LTD 15 BOWLING GREEN LANE LONDON EC1R 0BD
DICT_459	NATIVEAPPSTUDIO LTD KEMP HOUSE 160 CITY ROAD LONDON EC1V 2NX
DICT_460	NCP SOFTWARE &  CONSULTANT LTD 145-157 ST JOHN STREET LONDON EC1V 4PW
DICT_461	NCSOFT EUROPE LIMITED 30 CITY ROAD LONDON EC1Y 2AB
DICT_462	NEONSTREAM LIMITED 145-157 ST JOHN STREET LONDON EC1V 4PW
DICT_463	NEPHRITE CONSULTANCY LTD KEMP HOUSE 152 CITY ROAD LONDON EC1V 2NX
DICT_464	NERDABILITY LTD 145-157 ST JOHN STREET LONDON EC1V 4PW
DICT_465	NET SELECT LIMITED 335 CITY ROAD LONDON EC1V 1LJ
DICT_466	NETRESULT SOLUTIONS LIMITED THE JOHNSON BUILDING 77 HATTON GARDEN LONDON ENGLAND EC1N 8JS
DICT_467	NETSWITCH LIMITED KEMP HOUSE 160 CITY ROAD LONDON EC1V 2NX
DICT_468	NETWORK &  SECURITY LIMITED KEMP HOUSE 152-160 CITY ROAD LONDON EC1V 2NX
DICT_469	NETWORK FIBRE LIMITED KEMP HOUSE 160 CITY ROAD LONDON LONDON EC1V 2NX
DICT_470	NETWORKUP LTD KEMP HOUSE 152 CITY ROAD LONDON LONDON EC1V 2NX
DICT_471	"NEUTRINO NETWORKS LTD THIRD FLOOR, 24 CHISWELL STREET LONDON EC1Y 4YX"
DICT_472	NEW BYTE LIMITED 74 FLORIN COURT 6-9 CHARTERHOUSE SQUARE LONDON EC1M 6EX
DICT_473	"NEW GAME TECHNOLOGIES LIMITED SUITES 1.04 AND 1.05, EAGLE HOUSE 167 CITY ROAD LONDON EC1V 1AW"
DICT_474	NEW MODEL IDENTITY LIMITED KEMP HOUSE CITY ROAD LONDON EC1V 2NX
DICT_475	NEWGEN TECHNOLOGIES LTD 145-157 ST JOHN STREET LONDON EC1V 4PW
DICT_476	NEWNRG PTY LTD KEMP HOUSE 160 CITY ROAD LONDON LONDON EC1V 2NX
DICT_477	NINESTARS INFORMATION TECHNOLOGIES UK LIMITED DEVONSHIRE HOUSE 60 GOSWELL ROAD LONDON EC1M 7AD
DICT_478	NINETY NORTH LIMITED 10 COLDBATH SQUARE LONDON EC1R 5HL
DICT_479	NK IT SOLUTIONS LIMITED 145-157 ST. JOHN STREET LONDON EC1V 4PW
DICT_480	NMX IT SOLUTIONS LTD KEMP HOUSE 160 CITY ROAD LONDON EC1V 2NX
DICT_481	NOBLE WEB SOLUTIONS LTD KEMP HOUSE 160 CITY ROAD LONDON EC1V 2NX
DICT_482	NODEX LIMITED KEMP HOUSE 152-160 CITY ROAD LONDON EC1V 2NX
DICT_483	NOVELLIC LIMITED THIRD FLOOR 24 CHISWELL STREET LONDON EC1Y 4YX
DICT_484	NPIRE DIGITAL LTD KEMP HOUSE 160 CITY ROAD LONDON EC1V 2NX
DICT_485	NUMBER VIOLET LIMITED INTERNATIONAL HOUSE 24 HOLBORN VIADUCT CITY OF LONDON LONDON EC1A 2BN
DICT_486	"NUTRALIFE SOLUTION LIMITED INTERNATIONAL HOUSE, 24 HOLBORN VIADUCT LONDON EC1A 2BN"
DICT_487	O'HWAYS LTD KEMP HOUSE 152 CITY ROAD LONDON EC1V 2NX
DICT_488	ODEGRA LIMITED 6.4 ZIGGURAT BUILDING 60-66 SAFFRON HILL LONDON EC1N 8QX
DICT_489	OFFSITE DATA STORAGE LIMITED 145-157 ST JOHN STREET LONDON EC1V 4PW
DICT_490	OIL INTERNET LIMITED UNIT 410 27-31 CLERKENWELL CLOSE LONDON EC1R 0AU
DICT_491	ONLINE DIGITAL SOLUTIONS LIMITED 34 NEW HOUSE HATTON GARDEN LONDON EC1N 8JY
DICT_492	ONLINE SECURE LTD 145-157 ST JOHN STREET LONDON EC1V 4PW
DICT_493	OPEN SOURCE INNOVATIONS LIMITED UNIT 36 / SUITE 36 / OFFICE 36 UNIT 36 / SUITE 36 / OFFICE 36 88 - 90 HATTON GARDEN LONDON HOLBORN EC1N 8PG
DICT_494	OPSFACTORY LIMITED KEMP HOUSE 152-160 CITY ROAD LONDON EC1V 2NX
DICT_495	OPTICONVERT LTD 145-157 ST JOHN STREET LONDON EC1V 4PW
DICT_496	OPTIMALCORE LTD KEMP HOUSE 152 CITY ROAD LONDON EC1V 2NX
DICT_497	ORICLE DESIGNS LTD 24 HOLBORN VIADUCT LONDON EC1A 2BN
DICT_498	ORIEN ASSOCIATES LTD 145-157 ST. JOHN STREET LONDON EC1V 4PW
DICT_499	OTS CORPORATION LTD SUITE 48 88-90 HATTON GARDEN LONDON EC1N 8PN
DICT_500	OTT CONSULTANTS LTD 145-157 ST JOHN STREET LONDON EC1V 4PW
DICT_501	OUTCODE LTD 34 NEW HOUSE 67-68 HATTON GARDEN LONDON EC1N 8JY
DICT_502	P7WBB LIMITED GROUND FLOOR 1 BAKER'S ROW LONDON EC1R 3DB
DICT_503	PARALLAX SOLUTIONS LTD 270 DANCE SQUARE LONDON EC1V 3AN
DICT_504	PAUL COOPER ASSOCIATES LIMITED GROUND FLOOR 1 BAKER'S ROW LONDON EC1R 3DB
DICT_505	PC IT SOLUTIONS LIMITED 2ND FLOOR 145-157 ST JOHN STREET LONDON EC1V 4PY
DICT_506	PEAKWAVE LTD 145-157 ST JOHN STREET LONDON EC1V 4PW
DICT_507	PEAMEW DIGITAL LIMITED INTERNATIONAL HOUSE 24 HOLBORN VIADUCT LONDON EC1A 2BN
DICT_508	PEERIUS LTD PRINCE CONSORT HOUSE 109-111 FARRINGDON ROAD LONDON EC1R 3BW
DICT_509	PELASGUS LIMITED 3RD FLOOR 28 ELY PLACE LONDON EC1N 6TD
DICT_510	PERHAM UK LTD UNIT2 5 BALDWIN STREET LONDON EC1V 9NU
DICT_511	PERSONAL 24 LIMITED 3RD FLOOR 24 CHISWELL STREET LONDON EC1Y 4YX
DICT_512	PETER DIVOS CONSULTING LIMITED HOXTON MIX 86-90 PAUL ST LONDON EC1N 8JY
DICT_513	"PHMUSEUM LTD INTERNATIONAL HOUSE, 24 HOLBORN VIADUCT HOLBORN VIADUCT LONDON EC1A 2BN"
DICT_514	PINEMARTEN EDUCATION LTD KEMP HOUSE CITY ROAD LONDON EC1V 2NX
DICT_515	PINETEC LIMITED 15 BOWLING GREEN LANE LONDON EC1R 0BD
DICT_516	PIPSKI LIMITED C/O GOLDER BAQA GROUND FLOOR 1 BAKER'S ROW LONDON EC1R 3DB
DICT_517	PIXELRIGHTS LIMITED 27-31 CLERKENWELL CLOSE LONDON EC1R 0AT
DICT_518	PIXSENS LTD 160 CITY ROAD KEMP HOUSE LONDON EC1V 2NX
DICT_519	PLANETARY VISIONS LIMITED 52 KINGSWAY PLACE SANS WALK LONDON EC1R 0LU
DICT_520	PLATFI LTD 345 OLD STREET LONDON EC1V 9LL
DICT_521	PLATINUM BLUE LIMITED 1-3 DUFFERIN STREET LONDON EC1Y 8NA
DICT_522	POMEGRANATE HEALTH LTD 15 BOWLING GREEN LANE LONDON EC1R 0BD
DICT_523	POSSIBLE POINT PRIVATE LIMITED KEMP HOUSE 160 CITY ROAD LONDON LONDON EC1V 2NX
DICT_524	POST &  PLACE (UK) LTD 359 GOSWELL ROAD LONDON EC1V 7JL
DICT_525	PRAMATI TECHNOLOGIES EUROPE LIMITED DEVONSHIRE HOUSE 60 GOSWELL ROAD LONDON EC1M 7AD
DICT_526	PROCYON STUDIOS LIMITED 15 BOWLING GREEN LANE LONDON EC1R 0BD
DICT_527	PRODAPT (UK) LIMITED DEVONSHIRE HOUSE 60 GOSWELL ROAD LONDON EC1M 7AD
DICT_528	PRODATA TECHNOLOGY LIMITED CAPITAL OFFICE 152 CITY ROAD LONDON EC1V 2NX
DICT_529	PRODEMIC LTD KEMP HOUSE 152 CITY ROAD LONDON EC1V 2NX
DICT_530	"PROFIMO LTD KEMP HOUSE, 152-160 CITY ROAD CITY ROAD LONDON EC1V 2NX"
DICT_531	PROGRAMMATIC.LY LIMITED DYNAMIS HOUSE 6-8 SYCAMORE STREET LONDON EC1Y 0SW
DICT_532	PROMAST TECHNOLOGY LIMITED KEMP HOUSE 160 CITY ROAD LONDON EC1V 2NX
DICT_533	PROXIMA WEB LTD 145-157 ST JOHN STREET LONDON EC1V 4PW
DICT_534	QLMIETO LTD 31B ADEYFIELD HOUSE CRANWOOD STREET LONDON EC1V 9PD
DICT_535	QUCONT LIMITED KEMP HOUSE 160 CITY ROAD LONDON LONDON EC1V 2NX
DICT_536	QUEST TECHNOLOGIES (LONDON) LIMITED 195 WHITECROSS STREET LONDON EC1Y 8QP
DICT_537	QUINTAIN TECHNOLOGY SOLUTIONS LIMITED 3RD FLOOR 24 CHISWELL STREET LONDON EC1Y 4YX
DICT_538	RANK-1 (SOUTH) LIMITED 30 CITY ROAD LONDON EC1Y 2AB
DICT_539	RANKERS LIMITED SUITE 1A 1 LINDSEY STREET LONDON LONDON EC1A 9HP
DICT_540	RAPPIDLY LTD 2ND FLOOR 197 CITY ROAD LONDON EC1V 1JN
DICT_541	RCS (CAD) LTD 145-157 ST JOHN STREET LONDON EC1V 4PW
DICT_542	REAL DATACENTRES (EMEA) LIMITED KEMP HOUSE 160 CITY ROAD LONDON EC1V 2NX
DICT_543	REALITY HITS LTD 145-157 ST JOHN STREET LONDON EC1V 4PW
DICT_544	RED PANDA MEDIA LIMITED SUITE 48 88-90 HATTON GARDEN LONDON EC1N 8PN
DICT_545	RED RAINBOWS LTD OFFICE 36 88-90 HATTON GARDEN LONDON EC1N 8PG
DICT_546	REDHAT IT LTD 80 - 83 LONG LANE LONDON EC1A 9ET
DICT_547	REDSTONE DATA SOLUTIONS LIMITED KEMP HOUSE 160 CITY ROAD LONDON EC1V 2NX
DICT_548	REGIUM CONSULTING LIMITED KEMP HOUSE 152 CITY ROAD LONDON LONDON EC1V 2NX
DICT_549	REVERSE DELTA LIMITED KEMP HOUSE CITY ROAD LONDON EC1V 2NX
DICT_550	RIVERSIDE COMPUTING SOLUTIONS LTD 145-157 ST JOHN STREET LONDON EC1V 4PW
DICT_551	RJM.IT LIMITED INTERNATIONAL HOUSE 24 HOLBORN VIADUCT LONDON EC1A 2BN
DICT_552	RM &  JT CONSULTING LTD INTERNATIONAL HOUSE 24 HOLBORN VIADUCT LONDON EC1A 2BN
DICT_553	ROAD TO WORK LIMITED 1892 BUILDING 47 KINGSWAY PLACE LONDON EC1R 0LU
DICT_554	ROBUCODE LIMITED INTERNATIONAL HOUSE 24 HOLBORN VIADUCT LONDON EC1A 2BN
DICT_555	ROKK3R LABS EMEA LTD GROUND FLOOR WHITE BEAR YARD 144A CLERKENWELL ROAD LONDON EC1R 5DF
DICT_556	"ROOKA, LTD KEMP HOUSE 160 CITY ROAD LONDON EC1V 2NX"
DICT_557	ROOM ONE DESIGN LIMITED 12-14 BERRY STREET CLERKENWELL LONDON EC1V 0AU
DICT_558	ROOM ONE DIGITAL LIMITED 12-14 BERRY STREET CLERKENWELL LONDON EC1V 0AU
DICT_559	ROSAMAN LTD. 3RD FLOOR 49 FARRINGDON ROAD LONDON EC1M 3JP
DICT_560	ROSENDAHL CONCEPTKIOSK LTD 17-18 AYLESBURY STREET LONDON EC1R 0DB
DICT_561	RPM DIGITAL LTD 145-157 ST JOHN STREET LONDON EC1V 4PW
DICT_562	RTS (RESEARCH &  TECHNOLOGY SOLUTIONS) LTD KEMP HOUSE 152 CITY ROAD LONDON EC1V 2NX
DICT_563	RUMMBLE LIMITED KEMP HOUSE 152 CITY ROAD LONDON EC1V 2NX
DICT_564	"SAAIMO LTD KEMP HOUSE, 152-160 CITY ROAD LONDON EC1V 2NX"
DICT_565	SAHY INTERNATIONAL MANAGEMENT LTD KEMP HOUSE 152 - 160 CITY ROAD LONDON EC1V 2NX
DICT_566	SATCHCORP LTD KEMP HOUSE 152 CITY ROAD LONDON EC1V 2NX
DICT_567	SAVVY EYE MEDIA LIMITED 11 AMWELL STREET LONDON EC1R 1UL
DICT_568	SAVWIRE LTD 145-157 ST JOHN STREET LONDON EC1V 4PW
DICT_569	SCHOOLS MATTER PARTNERS LIMITED SUITE 48 88-90 HATTON GARDEN LONDON EC1N8PN
DICT_570	SEARCH MAGNET MARKETING LTD 145-157 ST JOHN STREET LONDON EC1V 4PW
DICT_571	SECONDBYTE MICROS LTD KEMP HOUSE 152-160 CITY ROAD LONDON EC1V 2NX
DICT_572	SECURE GLOBAL TECHNOLOGIES LTD DIRECT ACCOUNTANTS UK LIMITED WHITECROSS STREET 137-139 LONDON EC1Y 8JL
DICT_573	SECURITY HEADS LIMITED THIRD FLOOR 111 CHARTERHOUSE STREET LONDON EC1M 6AW
DICT_574	SECURYS LIMITED 2ND FLOOR 197 CITY ROAD LONDON EC1V 1JN
DICT_575	SEFRICAN LIMITED 1 BAKER'S ROW LONDON EC1R 3DB
DICT_576	SERVICE4SERVER LIMITED SUITE 48 88-90 HATTON GARDEN LONDON EC1N 8PN
DICT_577	SHARK DIGITAL CONSULTANCY LTD 4TH FLOOR CLERK'S WELL HOUSE 20 BRITTON STREET LONDON EC1M 5UA
DICT_578	SHARK HOSTING LIMITED KEMP HOUSE 160 CITY ROAD LONDON EC1V 2NX
DICT_579	SHARK TANK LIMITED CLERKS COURT 5TH FLOOR 18-20 FARRINGDON LANE LONDON EC1R 3AU
DICT_580	SHARP DIGITAL ASSEMBLY LTD 145-157 ST JOHN STREET LONDON EC1V 4PW
DICT_581	SHEERIE LIMITED INTERNATIONAL HOUSE 24 HOLBORN VIADUCT LONDON EC1A 2BN
DICT_582	SHINY IDEAS LTD 231 ROSDEN HOUSE 372 OLD STREET LONDON EC1V 9AU
DICT_583	SHUFFZCO LIMITED 130 OLD STREET LONDON EC1V 9BD
DICT_584	SIENTECH LTD 145-157 ST JOHN STREET LONDON EC1V 4PW
DICT_585	SIGMA VENTURES LIMITED 2ND FLOOR 145-157 ST.JOHN STREET LONDON EC1V 4PY
DICT_586	SILVERLAKE SYMMETRI (EUROPE) LIMITED CHALLONER HOUSE 19 CLERKENWELL CLOSE LONDON EC1R 0RR
DICT_587	SIM GLOBAL MARKETS LIMITED FINSGATE 5-7 CRANWOOD STREET LONDON EC1V 9EE
DICT_588	SIMBOLIC LTD 4 DOMECQ HOUSE 12 DALLINGTON STREET LONDON EC1V 0BJ
DICT_589	SIMON MARSDEN LIMITED KEMP HOUSE 152-160 CITY ROAD LONDON EC1V 2NX
DICT_590	SIMPLE DIGITAL LTD 152 CITY ROAD LONDON EC1V 2NX
DICT_591	SKWILE LTD. 1 CHARTERHOUSE MEWS LONDON EC1M 6BB
DICT_592	SKYGATE DIGITAL LTD 145-157 ST JOHN STREET LONDON EC1V 4PW
DICT_593	SLEEK NETWORKS LIMITED 150 ALDERSGATE STREET LONDON EC1A 4AB
DICT_594	SMART STORAGE TECHNOLOGIES LIMITED UG06 14 GREVILLE STREET LONDON EC1N 8SB
DICT_595	SMARTERKEY LIMITED 146B ST. JOHN STREET LONDON EC1V 4UA
DICT_596	SMARTLOGIC SCHEMASERVER LIMITED 200 ALDERSGATE STREET LONDON EC1A 4HD
DICT_597	SMARTSESSION LTD FINSGATE 5-7 CRANWOOD STREET LONDON EC1V 9EE
DICT_598	SNET GLOBAL LTD INTERNATIONAL HOUSE 24 HOLBORN VIADUCT LONDON EC1A 2BN
DICT_599	SNS TECHNOLOGIES LIMITED KLACO HOUSE 28-30 ST JOHNS SQUARE LONDON EC1M 4DN
DICT_600	SOFTWARE SOLUTIONS (UK) LIMITED SAFFRON HOUSE 6-10 KIRBY STREET LONDON EC1N 8TS
DICT_601	SOKAM ONLINE LIMITED INTERNATIONAL HOUSE 24 HOLBORN VIADUCT LONDON EC1A 2BN
DICT_602	SOL MARKET LTD UNIT 34 67-68 HATTON GARDEN LONDON EC1N 8JY
DICT_603	SOLID STATE INFLIGHT LIMITED INTERNATIONAL HOUSE 24 HOLBORN VIADUCT LONDON EC1A 2BN
DICT_604	SOLISTECH SOLUTIONS LTD 152-160 CITY ROAD LONDON EC1V 2NX
DICT_605	SPARKLE &  FLOW LIMITED 144A CLERKENWELL ROAD LONDON EC1R 5DF
DICT_606	SPECIALISTSUK LIMITED 21 HOLBORN VIADUCT LONDON EC1A 2DY
DICT_607	SPEECHBUBBLE CONSULTANCY LIMITED 130 OLD STREET LONDON EC1V 9BD
DICT_608	SPIRISICAL LIMITED FLAT 28 BREWERS BUILDINGS RAWSTORNE STREET LONDON EC1V 7NB
DICT_609	SPOTAHOME LTD 2ND FLOOR WHITE BEAR YARD 144A CLERKENWELL ROAD LONDON EC1R 5DF
DICT_610	SPRING DIGITAL LIMITED BIG STUDIOS 1 EAST POULTRY AVENUE LONDON EC1A 9PT
DICT_611	SPRINKLR UK LTD GATE HOUSE 1 ST. JOHN'S SQUARE LONDON EC1M 4DH
DICT_612	SQUARE EYE LIMITED 5 ST. JOHN'S LANE LONDON EC1M 4BH
DICT_613	STACK EXCHANGE LTD BENTIMA HOUSE 168-172 OLD STREET LONDON EC1V 9BP
DICT_614	STANDARD GLOBAL SOLUTIONS LTD 145-157 ST JOHN STREET LONDON EC1V 4PW
DICT_615	STANFORD ELECTRICAL CONTRACTING LTD 145-157 ST JOHN STREET LONDON EC1V 4PW
DICT_616	STAR DOT HELP COMPUTER CONSULTING LIMITED THIRD FLOOR 24 CHISWELL STREET LONDON EC1Y 4YX
DICT_617	STARKWAY LTD. KEMP HOUSE 160 CITY ROAD LONDON EC1V 2NX
DICT_618	STARTIDE LIMITED KEMP HOUSE 152-160 CITY ROAD LONDON EC1V 2NX
DICT_619	STEHLE CONSULTING LIMITED 150 ALDERSGATE STREET LONDON EC1A 4AB
DICT_620	STREAM UK MEDIA SERVICES LIMITED UNIT 27-28 ANGEL GATE LONDON EC1V 2PT
DICT_621	STREAMESS LIMITED 160 CITY ROAD KEMP HOUSE LONDON EC1V 2NX
DICT_622	STREAMTRAIN LIMITED KEMP HOUSE 152-160 CITY ROAD LONDON EC1V 2NX
DICT_623	STUDIOF CREATIVE LTD 1 CHARTERHOUSE MEWS LONDON EC1M 6BB
DICT_624	SUCCESSFUL INTERNET LIMITED SUITE 36 88-90 HATTON GARDEN LONDON EC1N 8PN
DICT_625	SUN SYSTEMS IT SERVICES LIMITED 145-157 ST JOHN STREET LONDON EC1V 4PW
DICT_626	SUNNER CONSULTANCY LTD 82 ST. JOHN STREET LONDON EC1M 4JN
DICT_627	SUPREME SUCCESS STRATEGIES LTD CAPITAL OFFICE KEMP HOUSE 152-160 CITY ROAD OLD STREET LONDON EC1V 2NX
DICT_628	SURREY SYSTEMS PARTNERSHIP LTD KEMP HOUSE 160 CITY ROAD LONDON EC1V 2NX
DICT_629	SVVISH LIMITED KEMP HOUSE 152 CITY ROAD LONDON EC1V 2NX
DICT_630	SWIFTEE TECHNOLOGY LIMITED 130 OLD STREET LONDON EC1V 9BD
DICT_631	SYNAPSES IT LIMITED INTERNATIONAL HOUSE HOLBORN VIADUCT LONDON EC1A 2BN
DICT_632	SYZYGY UK LIMITED THE JOHNSON BUILDING 77 HATTON GARDEN LONDON EC1N 8JS
DICT_633	TAKEMEOUT LTD FLAT 1 100 LEATHER LANE LONDON EC1N 7TX
DICT_634	TAMETON SOLUTIONS LIMITED 28 ELY PLACE 3RD FLOOR LONDON EC1N 6TD
DICT_635	TAYSTME LTD KEMP HOUSE 152 CITY ROAD LONDON GREATER LONDON EC1V 2NX
DICT_636	TEAM IT CONSULTING LIMITED C/O GOLDER BAQA GROUND FLOOR 1 BAKER'S ROW LONDON EC1R 3DB
DICT_637	TEAMSPACE LTD. DEVONSHIRE HOUSE 60 GOSWELL ROAD LONDON EC1M 7AD
DICT_638	TECH TRAINERS LTD OFFICE 36 88-90 HATTON GARDEN LONDON EC1N 8PG
DICT_639	TECHPROWORLD LIMITED KEMP HOUSE 160 CITY ROAD LONDON LONDON EC1V 2NX
DICT_640	TELEFOTONIKA LIMITED KEMP HOUSE 160 CITY ROAD LONDON EC1V 2NX
DICT_641	TESSA CAPITAL LIMITED 26-28 BARTHOLOMEW SQUARE SUITE 1 LONDON EC1V 3QH
DICT_642	TESTING SOLUTIONS LIMITED 150 ALDERSGATE STREET LONDON EC1A 4AB
DICT_643	TESTING TRAINING SOLUTIONS LIMITED 150 ALDERSGATE STREET LONDON EC1A 4AB
DICT_644	THAMESTEC LTD 145-157 ST JOHN STREET LONDON EC1V 4PW
DICT_645	THE BULL STUDIO LTD INTERNATIONAL HOUSE 24 HOLBORN VIADUCT LONDON EC1A 2BN
DICT_646	THE DATACENTRE ADVISORY GROUP LIMITED KEMP HOUSE 160 CITY ROAD LONDON EC1V 2NX
DICT_647	THE LIGHT IT SUPPORT LTD 31A CLERKENWELL CLOSE LONDON EC1R 0AT
DICT_648	THE NEW BLACK CREATIVE STUDIO LIMITED FLAT 2 1 TYSOE STREET LONDON EC1R 4SA
DICT_649	THE PROSPEROUS SHOP LTD FINSGATE CRANWOOD STREET LONDON EC1V 9EE
DICT_650	THEHEALTHFINDER HOLDINGS LIMITED 50 FARRINGDON ROAD GROUND FLOOR LONDON EC1M 3HE
DICT_651	THEM DIGITAL ASSISTANCE LTD 4TH FLOOR 1-5 CLERKENWELL ROAD LONDON EC1M 5PA
DICT_652	THINGTHING LTD 3RD FLOOR 12 EAST PASSAGE LONDON EC1A 7LP
DICT_653	THINK DIGITALLY SOFTWARE LTD INTERNATIONAL HOUSE 24 HOLBORN VIADUCT LONDON EC1A 2BN
DICT_654	THINKING CIRCLE LIMITED INTERNATIONAL HOUSE 24 HOLBORN VIADUCT CITY OF LONDON LONDON EC1A 2BN
DICT_655	THOMPSON FLETCHER ASSOCIATES LIMITED 2ND FLOOR 145-157 ST JOHN STREET LONDON EC1V 4PY
DICT_656	THRIVE FINANCIAL LIMITED KEMP HOUSE 160 CITY ROAD LONDON EC1V 2NX
DICT_657	TIBTEC LTD GROUND FLOOR 1 BAKER'S ROW LONDON EC1R 3DB
DICT_658	TIKIT LIMITED 81 NEWGATE STREET LONDON EC1A 7AJ
DICT_659	TIMED LTD KEMP HOUSE 160 CITY ROAD LONDON LONDON EC1V 2NX
DICT_660	TIMTOMINC LIMITED KEMP HOUSE 152 CITY ROAD LONDON EC1V 2NX
DICT_661	"TLDOMAINS LTD OFFICE 34, NEW HOUSE 67-68 HATTON GARDEN LONDON EC1N 8JY"
DICT_662	TOBORSOFT LTD KEMP HOUSE 160 CITY ROAD LONDON EC1V 2NX
DICT_663	TOTAL MEDIA MARKETING LTD 145-157 ST JOHN STREET LONDON EC1V 4PW
DICT_664	"TRACEMEDIA PROJECTS LIMITED 10 GASTIGNY HOUSE PLEYDELL ESTATE, LEVER STREET LONDON EC1V 3SU"
DICT_665	TRADEWARE GLOBAL UK LIMITED 1 ST MARTINS LE GRAND LONDON EC1A 4AS
DICT_666	TRADEXPERT LIMITED KEMP HOUSE 160 CITY ROAD LONDON EC1V 2NX
DICT_667	TRAINLINE INTERNATIONAL LIMITED 120 HOLBORN LONDON EC1N 2TD
DICT_668	TRAINLINE.COM LIMITED 120 HOLBORN LONDON EC1N 2TD
DICT_669	TRANSCOMM UK LIMITED 81 NEWGATE STREET LONDON EC1A 7AJ
DICT_670	TRAVIOOR LTD 1 BAKER'S YARD LONDON EC1R 3DD
DICT_671	TREAT A FRIEND LIMITED 130 OLD STREET LONDON EC1V 9BD
DICT_672	TRIANA VENTURES LIMITED 14 GREVILLE STREET UNIT UG06 LONDON EC1N 8SB
DICT_673	TRIANGULATE IT LTD 145-157 ST JOHN STREET LONDON EC1V 4PW
DICT_674	TRIGENIS LIMITED 40 BOWLING GREEN LANE LONDON EC1R 0NE
DICT_675	TRONCAT LIMITED TOBIN ASSOCIATES LTD 4TH FLOOR 63-66 HATTON GARDEN LONDON EC1N 8LE
DICT_676	TSM INTERNATIONAL LTD 145-157 2ND FLOOR ST JOHN STREET LONDON UNITED KINGDOM EC1V 4PY
DICT_677	TURQUOISE SOLUTIONS LIMITED C/O GOLDER BAQA GROUND FLOOR 1 BAKER'S ROW LONDON EC1R 3DB
DICT_678	U-2-ME LTD KEMP HOUSE 152 CITY ROAD LONDON EC1V 2NX
DICT_679	U.K. BUSINESS FUNDING CENTRE LIMITED 1ST FLOOR THAVIES INN HOUSE 3-4 HOLBORN CIRCUS LONDON EC1N 2HA
DICT_680	UK PROPERTIES ONLINE LIMITED 145-157 ST. JOHN STREET LONDON EC1V 4PY
DICT_681	UNBIASED LIMITED 12-14 BERRY STREET LONDON EC1V 0AU
DICT_682	UNGM LIMITED 152-160 CITY ROAD LONDON EC1V 2NX
DICT_683	UNICORN COMPUTER GRAPHICS LIMITED 82 ST JOHN STREET LONDON EC1M 4JN
DICT_684	"UNIGLO FINANCIAL LIMITED OFFICE 36, 88-90 HATTON GARDEN LONDON EC1N 8PN"
DICT_685	UNIRISX LIMITED 10 CHISWELL STREET 2ND FLOOR LONDON EC1Y 4UQ
DICT_686	UNITED PIXELS LTD 145-157 ST. JOHN STREET LONDON EC1V 4PW
DICT_687	UNIVERSAL BASKET LIMITED 27-31 CLERKENWELL CLOSE UNIT 4.06 LONDON EC1R 0AT
DICT_688	UNIVERSAL RESEARCH &  CONSULTING LIMITED 145-157 ST. JOHN STREET LONDON EC1V 4PW
DICT_689	UNPICK LTD 372 OLD STREET LONDON SUITE 32 LONDON EC1V 9LT
DICT_690	UNYFY CONSULTING LIMITED C/O GOLDER BAQA GROUND FLOOR 1 BAKER'S ROW LONDON EC1R 3DB
DICT_691	URPASS.CO LIMITED 4TH FLOOR ST. CROSS STREET LONDON EC1N 8UN
DICT_692	UVIP LIMITED KEMP HOUSE 160 CITY ROAD LONDON LONDON EC1V 2NX
DICT_693	UWP LIMITED 3RD FLOOR 112 CLERKENWELL ROAD LONDON EC1M 5SA
DICT_694	V4TECH LIMITED INTERNATIONAL HOUSE 24 HOLBORN VIADUCT CITY OF LONDON LONDON EC1A 2BN
DICT_695	VAMA SOLUTIONS LIMITED KEMP HOUSE SUITE 454 152-160 CITY ROAD LONDON EC1V 2NX
DICT_696	VCE SOLUTIONS LIMITED BENTIMA HOUSE 4TH FLOOR 168-172 OLD STREET LONDON EC1V 9BP
DICT_697	VE INTERACTIVE LIMITED 15-19 BAKER'S ROW LONDON EC1R 3DG
DICT_698	VENDAVO UK LIMITED 3RD FLOOR 24 CHISWELL STREET LONDON EC1Y 4YX
DICT_699	VENEZZ LTD KEMP HOUSE 152 CITY ROAD LONDON EC1V 2NX
DICT_700	VERDANT SKY LIMITED UNIT C23 9 HERBAL HILL HERBAL HILL GARDENS LONDON EC1R 5XB
DICT_701	VERO SOLUTIONS LIMITED 15 BOWLING GREEN LANE LONDON EC1R 0BD
DICT_702	VIRCLOUD LTD 145-157 ST JOHN STREET LONDON EC1V 4PW
DICT_703	VIRTUALFILES LIMITED KEMP HOUSE 152/160 CITY ROAD LONDON EC1V 2DW
DICT_704	VISITED.ME LIMITED THIRD FLOOR 111 CHARTERHOUSE STREET LONDON EC1M 6AW
DICT_705	VIVACITY LABS LIMITED INTERNATIONAL HOUSE 24 HOLBORN VIADUCT CITY OF LONDON LONDON EC1A 2BN
DICT_706	VIVE FINANCIAL SERVICES LIMITED 15 BUNHILL ROW LONDON EC1Y 8LP
DICT_707	VIZAVIZ INTERNATIONAL LTD KEMP HOUSE 160 CITY ROAD LONDON EC1V 2NX
DICT_708	"VNETIC LTD INTERNATIONAL HOUSE, 24 HOLBORN VIADUCT LONDON EC1A 2BN"
DICT_709	VORBOSS LIMITED DEVONSHIRE HOUSE 60 GOSWELL ROAD LONDON EC1M 7AD
DICT_710	VZINTERNET LIMITED 82 ST JOHN STREET LONDON EC1M 4JN
DICT_711	WARD MARKETING SOLUTIONS LIMITED 15 BOWLING GREEN LANE LONDON EC1R 0BD
DICT_712	WARWICK COMPUTER REPAIRS LTD 145-157 ST JOHN STREET LONDON EC1V 4PW
DICT_713	WAY2G LIMITED 150 ALDERSGATE STREET LONDON EC1A 4AB
DICT_714	WE ARE EXPERIENCE LIMITED 3RD FLOOR 24 CHISWELL STREET LONDON EC1Y 4YX
DICT_715	WE ARE FRIDAY LIMITED HARELLA HOUSE 3RD FLOOR 90-98 GOSWELL ROAD LONDON EC1V 7DF
DICT_716	WE ARE LONDON LIMITED 3RD FLOOR 24 CHISWELL STREET LONDON EC1Y 4YX
DICT_717	WE MAKE WEBSITES LTD SWEEPS BUILDING C/O 6-7 ST. CROSS STREET LONDON EC1N 8UA
DICT_718	WEB ARCHITECTURE AND TECHNOLOGIES LTD IMPACT HUB ISLINGTON 5 TORRENS STREET 4TH FLOOR LONDON EC1V 1NQ
DICT_719	WEB KINGDOM LIMITED 160 CITY ROAD LONDON EC1V 2NX
DICT_720	WEBCODE LTD INTERNATIONAL HOUSE 24 HOLBORN VIADUCT LONDON EC1A 2BN
DICT_721	WHAT'S THE SCORE LIMITED 20 BUNHILL ROW LONDON EC1Y 8UE
DICT_722	WHITE WATER METALS LIMITED KEMP HOUSE 152 CITY ROAD LONDON EC1V 2NX
DICT_723	WHYM.GLOBAL LTD. THIRD FLOOR 12 EAST PASSAGE LONDON EC1A 7LP
DICT_724	WIIPIX LIMITED 1-5 CLERKENWELL ROAD LONDON EC1M 5PA
DICT_725	WILSON ROBOTICS LIMITED KEMP HOUSE 160 CITY ROAD LONDON LONDON EC1V 2NX
DICT_726	WINPHD LIMITED INTERNATIONAL HOUSE 24 HOLBORN VIADUCT LONDON EC1A 2BN
DICT_727	"WITH ASSOCIATES DIGITAL LIMITED SUITE 47, 372 OLD STREET LONDON EC1V 9LT"
DICT_728	WORDOWN LIMITED 130 OLD STREET LONDON EC1V 9BD
DICT_729	WORTH DYNAMICS LTD UNIT/OFFICE 36 88-90 HATTON GARDEN LONDON EC1N 8PN
DICT_730	X19 LIMITED DEVONSHIRE HOUSE 60 GOSWELL ROAD LONDON EC1M 7AD
DICT_731	XS NETWORKS LTD KEMP HOUSE 152 CITY ROAD LONDON EC1V 2NX
DICT_732	Y1 SYSTEMS LIMITED INTERNATIONAL HOUSE 24 HOLBORN VIADUCT LONDON EC1A 2BN
DICT_733	YARD NINE LIMITED KEMP HOUSE 152-160 CITY ROAD LONDON EC1V 2NX
DICT_734	YESQL SOLUTIONS LIMITED 145-157 ST. JOHN STREET LONDON EC1V 4PW
DICT_735	YOYO DATA LIMITED THIRD FLOOR 12 EAST PASSAGE LONDON EC1A 7LP
DICT_736	YULAIP TECHNOLOGIES LTD APARTMENT 34 67-68 HATTON GARDEN LONDON EC1N 8JY
DICT_737	ZENZIUM LTD KEMP HOUSE 160 CITY ROAD LONDON EC1V 2NX
DICT_738	ZEROONEONEZERO LIMITED 145-157 ST. JOHN STREET LONDON EC1V 4PW
DICT_739	ZINTERNETGROUP LTD KEMP HOUSE 160 CITY ROAD LONDON LONDON EC1V 2NX
DICT_740	ZOARING LIMITED OFFICE 34 NEW HOUSE 67-68 HATTON GARDEN CITY OF LONDON EC1N 8JY
DICT_741	ZULIOS LIMITED KEMP HOUSE 152 CITY ROAD LONDON EC1V 2NX
DICT_742	360 CLOUD NETWORKS LTD 145-157 ST JOHN STREET LONDON EC1V 4PW
DICT_743	360 DIGI MARKETING LTD KEMP HOUSE 160 CITY ROAD LONDON EC1V 2NX
DICT_744	3G OUTSOURCE LIMITED 152-160 KEMP HOUSE CITY ROAD EC1V 2NX LONDON EC1V 2NX
DICT_745	4T TECHNOLOGY LTD KEMP HOUSE 160 CITY ROAD LONDON EC1V 2NX
DICT_746	ACKNOWLEDGEMENT LIMITED 54 KINGSWAY PLACE SANS WALK LONDON EC1R 0LU
DICT_747	ACTIVISTIC (UK) LTD SUITE 907 KEMP HOUSE 152 - 160 CITY ROAD LONDON EC1V 2NX
DICT_748	AGITEK LTD INTERNATIONAL HOUSE 24 HOLBORN VIADUCT LONDON EC1A 2BN
DICT_749	AGORABYTES LIMITED SUITE / UNIT / OFFICE 36 88-90  HATTON GARDEN HOLBORN LONDON EC1N 8PG
DICT_750	"AH BUSINESS SERVICES AND CONSULTANCY LTD KEMP HOUSE 152-160, CITY ROAD LONDON EC1V 2NX"
DICT_751	AIR TUNNEL SOLUTIONS LIMITED SUITE 36 88-90 HATTON GARDEN HOLBORN LONDON EC1N 8PG
DICT_752	ALLE-IT LTD INTERNATIONAL HOUSE 24 HOLBORN VIADUCT LONDON EC1A 2BN
DICT_753	ASKIA UK LIMITED C/O WESTBURY 145-157 ST JOHN STREET LONDON EC1V 4PY
DICT_754	ASMISOFT TECHNOLOGIES LIMITED 2ND FLOOR 145-157 ST.JOHN STREET LONDON EC1V 4PY
DICT_755	ASTABIS IRM LTD SUITE 48 88-90 HATTON GARDEN LONDON EC1N 8PN
DICT_756	AUTONOWARE LIMITED 76-80 CITY ROAD LONDON EC1Y 2BJ
DICT_757	BCN INTEGRATED LTD. 145-157 ST JOHN STR LONDON EC1V 4PY
DICT_758	BEHIND PIXELS LTD 152 CITY ROAD KEMP HOUSE LONDON EC1V 2NX
DICT_759	BRAVOSOLUTION UK LIMITED 22-24 ELY PLACE LONDON EC1N 6TE
DICT_760	BROWN PAPER CONSULTING LIMITED 145-157 ST JOHN STREET LONDON EC1V 4PW
DICT_761	CAPACITAS LIMITED 69 TURNMILL STREET LONDON EC1M 5RR
DICT_762	CERBERUS SECURITY LABORATORIES LIMITED KEMP HOUSE 160 CITY ROAD LONDON LONDON EC1V 2NX
DICT_763	CIBANDO LTD DEVONSHIRE HOUSE 60 GOSWELL ROAD LONDON EC1M 7AD
DICT_764	CINSPIRED DESIGNS LIMITED 145-157 ST JOHN STREET LONDON EC1V 4PW
DICT_765	CITY TEST LIMITED KEMP HOUSE 152-160 CITY ROAD LONDON EC1V 2NX
DICT_766	CLOUD DIGITAL RESEARCH LTD 329A OLD STREET LONDON EC1V 9LE
DICT_767	CLOUD ESTATE LIMITED KEMP HOUSE 152 CITY ROAD LONDON EC1V 2NX
DICT_768	CLOUDBRIDGE LTD KEMP HOUSE 160 CITY ROAD LONDON EC1V 2NX
DICT_769	COASTAL UNION LTD KEMP HOUSE 152 CITY ROAD LONDON EC1V 2NX
DICT_770	CODELOCKE SOLUTIONS PRIVATE LIMITED KEMP HOUSE 160 CITY ROAD LONDON EC1V 2NX
DICT_771	COMDEVELOPMENT LIMITED 145-157 ST. JOHN STREET LONDON EC1V 4PW
DICT_772	COREAZURE LIMITED 16 ST. MARTIN'S LE GRAND LONDON EC1A 4EN
DICT_773	CREDO JPN LIMITED KEMP HOUSE 160 CITY ROAD LONDON EC1V 2NX
DICT_774	CROSSCOUNTRY AERO LTD 145-157 ST JOHN STREET LONDON EC1V 4PW
DICT_775	CRUX NETWORK LIMITED KEMP HOUSE 160 CITY ROAD LONDON EC1V 2NX
DICT_776	CUSTOM TECHNOLOGY LIMITED FIRST FLOOR 1 EAST POULTRY AVENUE LONDON EC1A 9PT
DICT_777	DATAFACTUALS LIMITED KEMP HOUSE 160 CITY ROAD LONDON EC1V 2NX
DICT_778	DATAPOWA LIMITED KEMP HOUSE 160 CITY ROAD LONDON EC1V 2NX
DICT_779	DAVIES TECHNOLOGY CONSULTING LTD. 34 NEW HOUSE 67-68 HATTON GARDEN LONDON EC1N 8JY
DICT_780	DEEAZ LTD INTERNATIONAL HOUSE 24 HOLBORN VIADUCT CITY OF LONDON LONDON EC1A 2BN
DICT_781	DIGITLONDON LIMITED 6 BREWHOUSE YARD LONDON EC1V 4DG
DICT_782	DILIGENCE CONSULTING LIMITED 145-157 ST. JOHN STREET LONDON EC1V 4PW
DICT_783	DILIGENCE PROFESSIONAL LIMITED 145-157 ST JOHN STREET LONDON EC1V 4PW
DICT_784	DS TECHNOLOGIES GROUP LTD. KEMP HOUSE 160 CITY ROAD LONDON EC1V 2NX
DICT_785	EASYCORE MEDIA LTD KEMP HOUSE 152-160 CITY ROAD LONDON EC1V 2NX
DICT_786	"ECONWORKS LIMITED FIRST FLOOR, THAVIES INN HOUSE 3-4 HOLBORN CIRCUS LONDON EC1N 2HA"
DICT_787	EDART LIMITED THIRD FLOOR 111 CHARTERHOUSE STREET LONDON EC1M 6AW
DICT_788	ELECSERVICE LIMITED 15 BOWLING GREEN LANE LONDON EC1R 0BD
DICT_789	ENGAGEWITHIN LTD KEMP HOUSE 160 CITY ROAD LONDON EC1V 2NX
DICT_790	EUPING LIMITED KEMP HOUSE 160 CITY ROAD LONDON LONDON EC1V 2NX
DICT_791	FAST NETWORK DESIGNS LTD KEMP HOUSE 152 CITY ROAD LONDON EC1V 2NX
DICT_792	FASTPCS (UK) LTD KEMP HOUSE 152 - 160 CITY ROAD LONDON EC1V 2NX
DICT_793	FIVESKY LIMITED KEMP HOUSE 152 CITY ROAD LONDON EC1V 2NX
DICT_794	FLAMINGOS TECHNOLOGY SOLUTIONS UK PRIVATE LIMITED KEMP HOUSE 160 CITY ROAD LONDON EC1V 2NX
DICT_795	FURNISH.CO.UK LTD 34 NEW HOUSE 67-68 HATTON GARDEN LONDON EC1N 8JY
DICT_796	GARDENIA-IT LIMITED FLAT 281 ROSDEN HOUSE 372 OLD STREET LONDON EC1V 9LT
DICT_797	GARYT LIMITED KEMP HOUSE 160 CITY ROAD LONDON EC1V 2NX
DICT_798	GATEKEEPER (G8) LTD 24 HOLBORN VIADUCT CITY OF LONDON LONDON EC1A 2BN
DICT_799	GET BUSINESS SERVICES LIMITED 4TH FLOOR 18 ST. CROSS STREET LONDON EC1N 8UN
DICT_800	GROOVY GECKO LTD 2ND FLOOR 130 OLD STREET LONDON EC1V 9BD
DICT_801	GS DUN LTD INTERNATIONAL HOUSE 24 HOLBORN VIADUCT LONDON EC1A 2BN
DICT_802	HALLWAY STUDIOS LIMITED THE TRAMPERY 239 OLD STREET LONDON EC1V 9EY
DICT_803	HARMAN CONNECTED SERVICES UK LIMITED DEVONSHIRE HOUSE 60 GOSWELL ROAD LONDON EC1M 7AD
DICT_804	HCI GROUP UK LIMITED GRESHAM HOUSE 24 HOLBORN VIADUCT LONDON EC1A 2BN
DICT_805	HIGH RELEVANCE LIMITED DEVONSHIRE HOUSE 60 GOSWELL ROAD LONDON EC1M 7AD
DICT_806	HSD TECHNOLOGIES LIMITED KEMP HOUSE 160 CITY ROAD LONDON EC1V 2NX
DICT_807	HUBA DIGITAL LIMITED 30 CITY ROAD LONDON EC1Y 2AB
DICT_808	ICOMPLI LIMITED KEMP HOUSE 152 CITY ROAD LONDON EC1V 2NX
DICT_809	IKNOW SOLUTIONS UK LTD 150 ALDERSGATE STREET LONDON EC1A 4AB
DICT_810	INDIGO SQUARED LIMITED SUITE 48 88-90 HATTON GARDEN LONDON EC1N 8PN
DICT_811	INDUSTRIAL WINCH LTD INTERNATIONAL HOUSE 24 HOLBORN VIADUCT LONDON EC1A 2BN
DICT_812	INNOVIX LTD OFFICE 36 88-90 HATTON GARDEN LONDON EC1N 8PG
DICT_813	INTELLIGENT SOLUTIONS TECHNOLOGIES LIMITED OFFICE 34 67-68 HATTON GARDEN LONDON EC1N 8JY
DICT_814	INTERNET PROMOTION EUROPE LIMITED DELTA SOLUTION TRADE CENTER HOLBORN LONDON EC1N 8PG
DICT_815	INZU LIMITED SUITE 48 88-90 HATTON GARDEN LONDON EC1N 8PN
DICT_816	JAZZ SOFTWARE LIMITED THIRD FLOOR 111 CHARTERHOUSE STREET LONDON EC1M 6AW
DICT_817	K1 LIMANOWKA LTD INTERNATIONAL HOUSE 24 HOLBORN VIADUCT LONDON EC1A 2BN
DICT_818	L.E.D. PRODUCTIONS LIMITED HIGGISON HOUSE 381-383 CITY ROAD LONDON EC1V 1NW
DICT_819	LEARNING CONNEXIONS (UK) LTD. 5 5 ST JOHN'S LANE LONDON EC1M 4BH
DICT_820	LIFFEY LABS LIMITED KEMP HOUSE 160 CITY ROAD LONDON LONDON EC1V 2NX
DICT_821	LONDON DIGITALBEAMS LIMITED KEMP HOUSE 152 CITY ROAD LONDON EC1V 2NX
DICT_822	LTB DIGITAL LIMITED KEMP HOUSE 160 CITY ROAD LONDON EC1V 2NX
DICT_823	MACROLINK SOLUTIONS LTD KEMP HOUSE 160 CITY ROAD LONDON EC1V 2NX
DICT_824	MAGENCO LTD KEMP HOUSE CITY ROAD LONDON LONDON EC1V
DICT_825	MAIDENHEAD BRIDGE LIMITED KEMP HOUSE 160 CITY ROAD LONDON LONDON EC1V 2NX
DICT_826	"MARIUS DALEY LTD. KEMP HOUSE, 152 CITY ROAD LONDON EC1V 2NX"
DICT_827	MARKET APPEAL LIMITED INTERNATIONAL HOUSE 24 HOLBORN VIADUCT LONDON EC1A 2BN
DICT_828	MAXHILL CONSULTING LTD 145-157 ST JOHN STREET LONDON EC1V 4PW
DICT_829	MBTA LIMITED FLAT E 48 CLERKENWELL CLOSE LONDON EC1R 0AJ
DICT_830	METALUXO IT SECURITY LTD 24 HOLBORN VIADUCT LONDON EC1A 2BN
DICT_831	METHODS DIGITAL LIMITED 16 ST. MARTIN'S LE GRAND LONDON EC1A 4EN
DICT_832	METHODS ENTERPRISE LIMITED 16 ST. MARTIN'S LE GRAND LONDON EC1A 4EN
DICT_833	MICRO PHOENIX KEMP HOUSE 152-160 CITY ROAD LONDON EC1V 2NX
DICT_834	MIDDLE EAST CAREER LTD MIDDLE EAST CAREER 152 KEMP HOUSE CITY ROAD LONDON EC1V 2NX
DICT_835	MITHRA MEDIA LTD INTERNATIONAL HOUSE 24 HOLBORN VIADUCT LONDON EC1A 2BN
DICT_836	MIU NETWORK LTD 160 CITY ROAD KEMP HOUSE LONDON EC1V 2NX
DICT_837	MULTIPLOGIC LIMITED KEMP HOUSE 160 CITY ROAD LONDON LONDON EC1V 2NX
DICT_838	MUNDUS LIMITED THIRD FLOOR 111 CHARTERHOUSE STREET LONDON EC1M 6AW
DICT_839	MYMALL LTD KEMP HOUSE 160 CITY ROAD LONDON EC1V 2NX
DICT_840	NCODER MEDIA SERVICES LIMITED KEMP HOUSE 160 CITY ROAD LONDON LONDON EC1V 2NX
DICT_841	NELLESYS LTD KEMP HOUSE 160 CITY ROAD LONDON LONDON EC1V 2NX
DICT_842	NEOPRAXIS LIMITED INTERNATIONAL HOUSE 24 HOLBORN VIADUCT LONDON EC1A 2BN
DICT_843	NETSTAR UK LTD 83 CLERKENWELL ROAD LONDON EC1R 5AG
DICT_844	NEWCOINCLUB LIMITED KEMP HOUSE 160 CITY ROAD LONDON LONDON EC1V 2NX
DICT_845	NIO INNOVATION LIMITED 40 HOLBORN VIADUCT LONDON EC1N 2PZ
DICT_846	NU INNOVATION LIMITED 2ND FLOOR 145-157 ST JOHN STREET LONDON EC1V 4PY
DICT_847	"OBAFORTE LIMITED KEMP HOUSE, 152 CITY ROAD LONDON EC1V 2NX"
DICT_848	ONLINUM LIMITED KEMP HOUSE 160 CITY ROAD LONDON LONDON EC1V 2NX
DICT_849	ORHAN IT SERVICES LTD. INTERNATIONAL HOUSE 24 HOLBORN VIADUCT CITY OF LONDON LONDON EC1A 2BN
DICT_850	"ORLON SOLUTIONS LTD KEMP HOUSE, 152 CITY ROAD LONDON EC1V 2NX"
DICT_851	PETCONNECT TECHNOLOGIES LIMITED KEMP HOUSE 160 CITY ROAD LONDON LONDON EC1V 2NX
DICT_852	POLMODE LIMITED KEMP HOUSE 160 CITY ROAD LONDON LONDON EC1V 2NX
DICT_853	PUZZLESTONE LIMITED SUITE 48 88-90 HATTON GARDEN LONDON EC1N 8PN
DICT_854	RAZOR AGENCY LIMITED KEMP HOUSE 152 CITY ROAD LONDON EC1V 2NX
DICT_855	REAPIT LIMITED 67 - 74 SAFFRON HILL LONDON EC1N 8QX
DICT_856	RECOGNITION ARTIST MANAGEMENT LIMITED 54 KINGSWAY PLACE SANS WALK LONDON EC1R 0LU
DICT_857	RELOCATION LIMITED 3RD FLOOR 24 CHISWELL STREET LONDON EC1Y 4YX
DICT_858	RIGHTS TRACKER LIMITED 80-83 LONG LANE LONDON EC1A 9ET
DICT_859	SCASASCIA LIMITED 8A WEST SMITHFIELD LONDON EC1A 9JR
DICT_860	SEARCH ENGINEERS LIMITED KEMP HOUSE 160 CITY ROAD LONDON EC1V 2NX
DICT_861	SEIDOR UK LTD KEMP HOUSE 160 CITY ROAD LONDON EC1V 2NX
DICT_862	SELECT CONSULTING PARTNERS LIMITED INTERNATIONAL HOUSE 24 HOLBORN VIADUCT LONDON EC1A 2BN
DICT_863	SERVERMASTER LTD KEMP HOUSE 160 CITY ROAD LONDON EC1V 2NX
DICT_864	"SMALL WORLD SOLUTIONS LIMITED ST. MARTIN'S HOUSE, 16 ST. MARTIN'S LE GRAND LONDON EC1A 4EN"
DICT_865	SMART TRANSFER LIMITED FINSGATE 5-7 CRANWOOD STREET LONDON EC1V 9EE
DICT_866	SOLYARIS LTD 329A OLD STREET LONDON EC1V 9LE
DICT_867	SPORTMATE INT. LIMITED INTERNATIONAL HOUSE HOLBORN VIADUCT LONDON EC1A 2BN
DICT_868	STONEWALL IT SOLUTIONS LTD KEMP HOUSE 160 CITY ROAD LONDON EC1V 2NX
DICT_869	SUPERMICRO LIMITED 11TH FLOOR 200 ALDERSGATE STREET LONDON EC1A 4HD
DICT_870	THE GDPR GROUP LIMITED KEMP HOUSE 160 CITY ROAD LONDON LONDON EC1V 2NX
DICT_871	TIEFNETZ LIMITED KEMP HOUSE 160 CITY ROAD LONDON EC1V 2NX
DICT_872	TIER 1 PUBLISHING LIMITED UNIT 36 88-90 HATTON GARDEN HOLBORN LONDON EC1N 8PN
DICT_873	TRANK TECHIES PRIVATE LIMITED KEMP HOUSE 160 CITY ROAD LONDON EC1V 2NX
DICT_874	TRANSGLOBE TRADING CORPORATION LIMITED 145-157 ST. JOHN STREET LONDON EC1V 4PY
DICT_875	TROENDLE LIMITED KEMP HOUSE 152 CITY ROAD LONDON EC1V 2NX
DICT_876	TURTL SURF &  IMMERSE LIMITED KEMP HOUSE CITY ROAD LONDON EC1V 2NX
DICT_877	ULTRARAPID LOCAL DELIVERY LTD THIRD FLOOR 24 CHISWELL STREET LONDON EC1Y 4YX
DICT_878	UNTESTED LIMITED KEMP HOUSE 3RD FLOOR 135 160 CITY ROAD LONDON EC1V 2DW
DICT_879	UPSHOT LIMITED KEMP HOUSE 160 CITY ROAD LONDON EC1V 2NX
DICT_880	"URBAN INTELLIGENCE LTD 603, 25B GOSWELL ROAD LONDON EC1M 7AJ"
DICT_881	US COMPUTERS (UK) LIMITED 334 - 336 GOSWELL ROAD LONDON EC1V 7RP
DICT_882	VELOCITI EUROPE LIMITED MILTON GATE 60 CHISWELL STREET LONDON EC1Y 4AG
DICT_883	VOIPEX LIMITED 1 CHARTERHOUSE MEWS LONDON EC1M 6BB
DICT_884	VUNGLE LIMITED CLOVER HOUSE 147-149 FARRINGDON ROAD LONDON EC1R 3AB
DICT_885	WALLEPT LTD 145-157 ST. JOHN STREET LONDON EC1V 4PW
DICT_886	WEBADELICA LTD 145-157 ST JOHN STREET LONDON EC1V 4PW
DICT_887	WEBJETS LIMITED KEMP HOUSE CITY ROAD LONDON EC1V 2NX
DICT_888	WHITE LIGHT TECHNOLOGY LTD 3RD FLOOR 111 CHARTERHOUSE STREET LONDON EC1M 6AW
DICT_889	WIPSTY LTD KEMP HOUSE 160 CITY ROAD LONDON LONDON EC1V 2NX
DICT_890	WIRED CANVAS LIMITED 34 NEW HOUSE 67-68 HATTON GARDEN LONDON EC1N 8JY
DICT_891	WISENS LIMITED 2ND FLOOR 145-157 ST.JOHN STREET LONDON EC1V 4PY
DICT_892	WORIFY MEDIA LTD KEMP HOUSE 160 CITY ROAD LONDON EC1V 2NX
DICT_893	XANTURA LIMITED 3-11 PINE STREET LONDON EC1R 0JH
DICT_894	ZOEPROPERTY LTD 4TH FLOOR 18 ST. CROSS STREET LONDON EC1N 8UN
DICT_895	ADEVANCE LTD INTERNATIONAL HOUSE 24 HOLBORN VIADUCT LONDON EC1A 2BN
DICT_896	AGILE KONSULT LIMITED KEMP HOUSE 152 CITY ROAD LONDON EC1V 2NX
DICT_897	ALLIED WARDEN MARKETING LIMITED C/O TEMPLES KEMP HOUSE 152-160 CITY ROAD LONDON EC1V 2NX
DICT_898	ANI ALEXANDER LTD INTERNATIONAL HOUSE HOLBORN VIADUCT LONDON CITY OF LONDON EC1A 2BN
DICT_899	ANTLERE LIMITED 150 ALDERSGATE STREET LONDON EC1A 4AB
DICT_900	ANYTIME AROUND LTD 145-157 ST JOHN STREET LONDON EC1V 4PW
DICT_901	AUREOLIN CORPORATION LIMITED 145-157 ST JOHN STREET LONDON EC1V 4PY
DICT_902	AXTEK LTD 145-157 ST JOHN STREET LONDON EC1V 4PW
DICT_903	BIG DATA PARTNERSHIP LIMITED JEFFREYS HENRY LLP FINSGATE 5-7 CRANWOOD STREET LONDON EC1V 9EE
DICT_904	BIMOPS LTD KEMP HOUSE 160 CITY ROAD LONDON EC1V 2NX
DICT_905	BLUE-CANOE LIMITED KEMP HOUSE 160 CITY ROAD LONDON EC1V 2NX
DICT_906	CHAINSIDE LTD KEMP HOUSE 160 CITY ROAD LONDON EC1V 2NX
DICT_907	CHINA GREAT FIRE WALL NETWORK LIMITED 160 KEMP HOUSE CITY ROAD LONDON EC1V 2NX
DICT_908	CHOICE WHEEL LTD 145-157 ST JOHN STREET LONDON EC1V 4PW
DICT_909	CYBER-GUARD ENTERPRISE LTD INTERNATIONAL HOUSE 24 HOLBORN VIADUCT LONDON EC1A 2BN
DICT_910	DEV4BB LIMITED 82 ST JOHN STREET LONDON EC1M 4JN
DICT_911	DIGITAL TACTICS INFRASTRUCTURE LTD FINSGATE 5-7 CRANWOOD STREET LONDON EC1V 9EE
DICT_912	DOMAIN CORP LTD KEMP HOUSE 152 - 160 CITY ROAD LONDON EC1V 2NX
DICT_913	DTS SOLUTION - CYBER SECURITY LIMITED KEMP HOUSE 160 CITY ROAD LONDON EC1V 2NX
DICT_914	DUFTAR LIMITED KEMP HOUSE 160 CITY ROAD LONDON EC1V 2NX
DICT_915	EPIPHYTE (UK) LTD 150 CITY ROAD FIRST FLOOR LONDON EC1V 2NL
DICT_916	ETHICA INTERNET LTD KEMP HOUSE 160 CITY ROAD LONDON LONDON EC1V 2NX
DICT_917	EUSTON CONSULTANCY SERVICES LTD FINSGATE 5-7 CRANWOOD STREET LONDON EC1V 9EE
DICT_918	F2 CONSULTANTS LIMITED THIRD FLOOR 111 CHARTERHOUSE STREET LONDON EC1M 6AW
DICT_919	G1ANT LTD 101 CLERKENWELL ROAD LONDON EC1R 5BX
DICT_920	GLOBAL BIZZ SERVICES LIMITED KEMP HOUSE 160 CITY ROAD LONDON EC1V 2NX
DICT_921	HIERARCHY CONSULTING LIMITED 152 KEMP HOUSE 152-160 CITY ROAD LONDON EC1V 2NX
DICT_922	HUBJET LIMITED 145-157 ST JOHN STREET LONDON EC1V 4PW
DICT_923	IKERTON LTD FLAT 6 MONTGOMERY BUILDINGS 81-89 FARRINGDON ROAD LONDON EC1M 3LL
DICT_924	INDUS GLOBAL CORP LTD KEMP HOUSE 160 CITY ROAD LONDON LONDON EC1V 2NX
DICT_925	INNOVATIVE INTERFACES INTERNATIONAL LIMITED 11TH FLOOR 200 ALDERSGATE STREET LONDON EC1A 4HD
DICT_926	INNOVATIVE INTERFACES LIMITED 11TH FLOOR 200 ALDERSGATE STREET LONDON EC1A 4HD
DICT_927	INSTASMART SOFTWARE SOLUTIONS LIMITED KEMP HOUSE 160 CITY ROAD LONDON LONDON EC1V 2NX
DICT_928	ITCSS (IT CONSULTING SUPPORT &  STRATEGIES) LTD 34 NEW HOUSE 67-68 HATTON GARDEN LONDON EC1N 8JY
DICT_929	JAYS SYSTEMS LTD 34 NEW HOUSE 67-68 HATTON GARDEN LONDON EC1N 8JY
DICT_930	JMLNET LTD INTERNATIONAL HOUSE 24 HOLBORN VIADUCT LONDON EC1A 2BN
DICT_931	JOUPLE LIMITED KEMP HOUSE 160 CITY ROAD LONDON EC1V 2NX
DICT_932	LOST PIXELS LIMITED KEMP HOUSE 160 CITY ROAD LONDON EC1V 2NX
DICT_933	MAKE IT PROFESSIONAL LTD INTERNATIONAL HOUSE 24 HOLBORN VIADUCT LONDON EC1A 2BN
DICT_934	MATSON DIGITAL LTD SUITE 15922 LOWER GROUND FLOOR 145-157 ST JOHN STREET LONDON EC1V 4PW
DICT_935	MAXOFT LIMITED KEMP HOUSE 160 CITY ROAD LONDON LONDON EC1V 2NX
DICT_936	MINDVIEW CONSULTING LIMITED KEMP HOUSE 152 CITY ROAD LONDON EC1V 2NX
DICT_937	"MORGAN BROOKS SERVICES LTD INTERNATIONAL HOUSE, 24 HOLBORN VIADUCT LONDON EC1A 2BN"
DICT_938	MTG ENTERPRISE LIMITED 145-157 ST JOHN STREET LONDON EC1V 4PW
DICT_939	NEW CRANE LIMITED 3-7 HERBAL HILL LONDON EC1R 5EJ
DICT_940	OCTAVIAN TECHNOLOGY LTD 145-157 ST JOHN STREET LONDON EC1V 4PW
DICT_941	PERSEA TECHNOLOGIES LIMITED 145-157 ST JOHN STREET LONDON EC1V 4PW
DICT_942	QUALITY GOODS &  SERVICES LTD INTERNATIONAL HOUSE 24 HOLBORN VIADUCT LONDON EC1A 2BN
DICT_943	REDMAIN SOLUTIONS LTD 80 -83 LONG LANE LONDON EC1A 9ET
DICT_944	REDSHIFT TECHNOLOGIES LIMITED KEMP HOUSE 160 CITY ROAD LONDON EC1V 2NX
DICT_945	REDSTONE CONVERGED SOLUTIONS LIMITED 40 HOLBORN VIADUCT LONDON EC1N 2PB
DICT_946	SAFEGUARD IT LIMITED KEMP HOUSE 152 - 160 CITY ROAD LONDON EC1V 2NX
DICT_947	SHOOT ME LIMITED C/O. TOBIN ASSOCIATES LIMITED 4TH FLOOR 63 - 66 HATTON GARDEN LONDON EC1N 8LE
DICT_948	SIGNATURE NETWORK SOLUTIONS LIMITED KEMP HOUSE 152 TO 160 CITY ROAD LONDON EC1V 2NX
DICT_949	SIMPLEWORKS INT. LIMITED SUITE 48 88-90 HATTON GARDEN LONDON EC1N 8PN
DICT_950	SMARTMED GLOBAL LIMITED KEMP HOUSE 152 CITY ROAD LONDON EC1V 2NX
DICT_951	SOFTIMPEX LTD. 3RD FLOOR 49 FARRINGDON ROAD LONDON EC1M 3JP
DICT_952	SONERA CORPORATIVE LTD. 3RD FLOOR 49 FARRINGDON ROAD LONDON LONDON EC1M 3JP
DICT_953	SPARTALINK LTD CRUSADER HOUSE 145-157 ST. JOHN STREET SUITE 13511 LONDON EC1V 4PY
DICT_954	SPECIALIST COMPUTER SOFTWARE LIMITED KEMP HOUSE 160 CITY ROAD LONDON EC1V 2NX
DICT_955	SS&C SOLUTIONS LIMITED 1 ST. MARTIN'S LE GRAND LONDON LONDON EC1A 4AS
DICT_956	SYNATEL LIMITED 2ND FLOOR 145-157 ST JOHN STREET LONDON EC1V 4PY
DICT_957	TECHXCHANGE CONSULTING LIMITED KEMP HOUSE 160 CITY ROAD LONDON EC1V 2NX
DICT_958	TEKMONKS LTD TEKMONKS KEMP HOUSE 152 CITY ROAD LONDON EC1V 2NX
DICT_959	TOTAL SYSTEMS PLC 394 CITY ROAD LONDON EC1V 2QA
DICT_960	TRADERSERVE LIMITED 12-16 LAYSTALL STREET CLERKENWELL LONDON EC1R 4PF
DICT_961	UNIGRAND TECHNOLOGY LIMITED 4TH FLOOR 107 CHARTERHOUSE STREET LONDON ENGLAND EC1M 6HW
DICT_962	UTD. BY CONTENT UK LIMITED 79 CLERKENWELL ROAD LONDON EC1R 5AR
DICT_963	VELO PRODUCTION LTD 329A OLD STREET LONDON EC1V 9LE
DICT_964	VENTURE SYSTEMS LIMITED 150 ALDERSGATE STREET LONDON EC1A 4AB
DICT_965	VIVID BLOCK LIMITED KEMP HOUSE 160 CITY ROAD LONDON EC1V 2NX
DICT_966	VYCRON DESIGN LIMITED 15 BOWLING GREEN LANE LONDON EC1R 0BD
DICT_967	YOUNG ROBOT LTD INTERNATIONAL HOUSE 24 HOLBORN VIADUCT LONDON EC1A 2BN
DICT_968	'RIMS ENTERPRISE SOLUTIONS LTD 38 MOUNT STREET ABERDEEN AB25 2QT
DICT_969	*+ LTD ENTERPRISE COURT DOWNMILL ROAD BRACKNELL RG12 1QS
DICT_970	01 TELECOM LTD THE OLD FACTORY 30-31 DEVONSHIRE PLACE BRIGHTON EAST SUSSEX BN2 1QB
DICT_971	01SOLUTION LTD 1417/1419 LONDON ROAD NORBURY LONDON SW16 4AH
DICT_972	08845746 LTD 58 BULSTRODE AVENUE HOUNSLOW MIDDLESEX TW3 3AD
DICT_973	0902 LIMITED 7 ST JOHN'S ROAD HARROW MIDDLESEX HA1 2EY
DICT_974	0PT1MATES LTD. UNIT 11 HOVE BUSINESS CENTRE FONTHILL ROAD HOVE EAST SUSSEX BN3 6HA
DICT_975	0TENTIC8 LIMITED 10 FINSBURY SQUARE LONDON EC2A 1AF
DICT_976	1 B C LTD 79 STANLEY AVENUE ROMFORD RM2 5DJ
DICT_977	1 CHOICE INTERNET LIMITED 5 BEACON CLOSE FARNHAM SURREY GU10 4PA
DICT_978	1 MEDIA LIMITED UNIT 3A KIRKBY LONSDALE BUSINESS PARK KIRKBY LONSDALE CARNFORTH LANCASHIRE LA6 2GT
DICT_979	1 MINUS 1 LIMITED MOLEX HOUSE THE MILLENNIUM CENTRE CROSBY WAY FARNHAM SURREY GU9 7XX
DICT_980	1 ONION LTD 53 BALHAM GROVE LONDON SW12 8AZ
DICT_981	1 STOP WEB LIMITED 239 ILFORD LANE ILFORD ESSEX IG1 2SB
DICT_982	1&1 INTERNET LIMITED DISCOVERY HOUSE 154 SOUTHGATE STREET GLOUCESTER GLOUCESTERSHIRE GL1 2EX
DICT_983	10 CREATIVE LTD 28 WIMPOLE ROAD GREAT EVERSDEN CAMBRIDGE CB23 1HR
DICT_984	10 DIGITAL LADIES LIMITED 48 DEFOE ROAD LONDON N16 0EH
DICT_985	"10 SQUARE LIMITED SUITE 1, ARMCON BUSINESS PARK LONDON ROAD SOUTH POYNTON STOCKPORT CHESHIRE SK12 1LQ"
DICT_986	10000 VOLT TECHNOLOGIES LIMITED 1ST FLOOR 314 REGENTS PARK ROAD FINCHLEY LONDON N3 2LT
DICT_987	10001 LIMITED 19 REDDOWN ROAD COULSDON SURREY CR5 1AN
DICT_988	1001 VM LIMITED 169 SEABANK ROAD WALLASEY MERSEYSIDE CH45 7QL
DICT_989	100STARLINGS LIMITED DEVONSHIRE HOUSE 582 HONEYPOT LANE STANMORE MIDDLESEX HA7 1JS
DICT_990	100X TECH LTD UNIT 11 HOVE BUSINESS CENTRE FONTHILL ROAD HOVE EAST SUSSEX BN3 6HA
DICT_991	101 CAD LTD 92A STATION ROAD LEIGH-ON-SEA ESSEX SS9 1SU
DICT_992	101 IT LIMITED 30 MARKET PLACE SWAFFHAM NORFOLK PE37 7QH
DICT_993	"101 NET SOLUTIONS LTD THE OLD BANK, 205 - 207 HIGH STREET, COTTENHAM CAMBRIDGE CB24 8RX"
DICT_994	101 SOLUTIONS LIMITED 45-47 HIGH STREET 2ND FLOOR COBHAM SURREY KT11 3DP
DICT_995	101 SYSTEM WORKS LTD 101 ORCHARD ROAD ERDINGTON BIRMINGHAM B24 9JE
DICT_996	"101 WEB LIMITED 17 MIDLAND COURT, STATION APPROACH, OAKHAM RUTLAND LE15 6RA"
DICT_997	101DOMAIN LIMITED C/O FLETCHER KENNEDY LIMITED 72 HIGH STREET HASLEMERE SURREY GU27 2LA
DICT_998	101SMART LIMITED UNIT 15 BEECH AVENUE TAVERHAM NORWICH NORFOLK NR8 6HW
DICT_999	"1045 DESIGN STUDIOS LTD 10TH FLOOR, K &amp; B ACCOUNTANCY GROUP ONE CANADA SQUARE CANARY WHARF LONDON E14 5AA"
DICT_1000	10DUKE SOFTWARE LTD. 2 WATER LANE LONDON NW1 8NZ