CITY_1	LONDON
CITY_2	LONDON
CITY_3	LONDON
CITY_4	LONDON
CITY_5	LONDON
CITY_6	LONDON
CITY_7	LONDON
CITY_8	LONDON
CITY_9	LONDON
CITY_10	LONDON
CITY_11	LONDON
CITY_12	LONDON
CITY_13	LONDON
CITY_14	LONDON
CITY_15	LONDON
CITY_16	LONDON
CITY_17	LONDON
CITY_18	LONDON
CITY_19	LONDON
CITY_20	LONDON
CITY_21	LONDON
CITY_22	CITY OF LONDON|LONDON
CITY_23	LONDON
CITY_24	LONDON
CITY_25	LONDON
CITY_26	LONDON
CITY_27	LONDON
CITY_28	LONDON
CITY_29	LONDON
CITY_30	LONDON
CITY_31	LONDON
CITY_32	LONDON
CITY_33	LONDON
CITY_34	LONDON
CITY_35	LONDON
CITY_36	LONDON
CITY_37	LONDON
CITY_38	LONDON
CITY_39	LONDON
CITY_40	LONDON
CITY_41	LONDON
CITY_42	LONDON
CITY_43	LONDON
CITY_44	LONDON
CITY_45	LONDON
CITY_46	LONDON
CITY_47	LONDON
CITY_48	LONDON
CITY_49	LONDON
CITY_50	LONDON
CITY_51	LONDON
CITY_52	LONDON
CITY_53	LONDON
CITY_54	LONDON
CITY_55	LONDON
CITY_56	LONDON
CITY_57	LONDON
CITY_58	LONDON
CITY_59	LONDON
CITY_60	LONDON
CITY_61	LONDON
CITY_62	LONDON
CITY_63	LONDON
CITY_64	LONDON
CITY_65	LONDON
CITY_66	LONDON
CITY_67	LONDON
CITY_68	LONDON
CITY_69	LONDON
CITY_70	LONDON
CITY_71	LONDON
CITY_72	LONDON
CITY_73	LONDON
CITY_74	LONDON
CITY_75	LONDON
CITY_76	LONDON
CITY_77	LONDON
CITY_78	LONDON
CITY_79	LONDON
CITY_80	LONDON
CITY_81	LONDON
CITY_82	LONDON
CITY_83	LONDON
CITY_84	LONDON
CITY_85	LONDON
CITY_86	LONDON
CITY_87	LONDON
CITY_88	LONDON
CITY_89	LONDON
CITY_90	LONDON
CITY_91	LONDON
CITY_92	LONDON
CITY_93	LONDON
CITY_94	LONDON
CITY_95	LONDON
CITY_96	LONDON
CITY_97	LONDON
CITY_98	LONDON|ENGLAND
CITY_99	LONDON
CITY_100	LONDON
CITY_101	LONDON
CITY_102	LONDON
CITY_103	LONDON
CITY_104	LONDON
CITY_105	LONDON
CITY_106	LONDON
CITY_107	LONDON
CITY_108	LONDON
CITY_109	LONDON
CITY_110	LONDON
CITY_111	LONDON
CITY_112	LONDON
CITY_113	LONDON
CITY_114	LONDON
CITY_115	LONDON
CITY_116	LONDON
CITY_117	LONDON
CITY_118	LONDON
CITY_119	LONDON
CITY_120	LONDON
CITY_121	LONDON
CITY_122	LONDON
CITY_123	LONDON
CITY_124	LONDON
CITY_125	LONDON
CITY_126	LONDON
CITY_127	LONDON
CITY_128	LONDON
CITY_129	LONDON
CITY_130	LONDON
CITY_131	LONDON
CITY_132	LONDON
CITY_133	LONDON
CITY_134	LONDON
CITY_135	LONDON
CITY_136	LONDON
CITY_137	LONDON
CITY_138	LONDON
CITY_139	LONDON
CITY_140	LONDON
CITY_141	LONDON
CITY_142	LONDON
CITY_143	LONDON
CITY_144	LONDON
CITY_145	LONDON
CITY_146	LONDON
CITY_147	LONDON
CITY_148	LONDON
CITY_149	LONDON
CITY_150	LONDON
CITY_151	LONDON
CITY_152	LONDON
CITY_153	LONDON
CITY_154	LONDON
CITY_155	LONDON
CITY_156	LONDON
CITY_157	LONDON
CITY_158	LONDON
CITY_159	LONDON
CITY_160	LONDON
CITY_161	LONDON
CITY_162	LONDON
CITY_163	LONDON
CITY_164	LONDON
CITY_165	LONDON
CITY_166	LONDON
CITY_167	LONDON
CITY_168	LONDON
CITY_169	LONDON
CITY_170	LONDON
CITY_171	LONDON
CITY_172	LONDON
CITY_173	LONDON
CITY_174	LONDON
CITY_175	LONDON
CITY_176	LONDON
CITY_177	LONDON
CITY_178	LONDON
CITY_179	LONDON
CITY_180	LONDON
CITY_181	LONDON
CITY_182	LONDON
CITY_183	LONDON
CITY_184	LONDON
CITY_185	LONDON
CITY_186	LONDON
CITY_187	LONDON
CITY_188	LONDON
CITY_189	LONDON
CITY_190	LONDON
CITY_191	LONDON
CITY_192	LONDON
CITY_193	LONDON
CITY_194	LONDON
CITY_195	LONDON
CITY_196	LONDON
CITY_197	LONDON
CITY_198	LONDON
CITY_199	LONDON
CITY_200	LONDON|CITY OF LONDON
CITY_201	LONDON|LONDON
CITY_202	LONDON
CITY_203	LONDON
CITY_204	LONDON
CITY_205	LONDON
CITY_206	LONDON
CITY_207	LONDON
CITY_208	LONDON
CITY_209	LONDON
CITY_210	HOLBORN|LONDON
CITY_211	LONDON
CITY_212	LONDON
CITY_213	LONDON
CITY_214	LONDON
CITY_215	LONDON
CITY_216	LONDON
CITY_217	LONDON
CITY_218	LONDON
CITY_219	LONDON
CITY_220	LONDON
CITY_221	LONDON
CITY_222	LONDON
CITY_223	LONDON
CITY_224	LONDON
CITY_225	LONDON
CITY_226	LONDON
CITY_227	LONDON
CITY_228	LONDON
CITY_229	LONDON
CITY_230	LONDON
CITY_231	LONDON
CITY_232	LONDON
CITY_233	LONDON
CITY_234	LONDON
CITY_235	LONDON
CITY_236	LONDON
CITY_237	LONDON
CITY_238	LONDON
CITY_239	LONDON
CITY_240	LONDON
CITY_241	LONDON
CITY_242	LONDON
CITY_243	LONDON
CITY_244	LONDON
CITY_245	LONDON
CITY_246	LONDON
CITY_247	LONDON
CITY_248	LONDON
CITY_249	LONDON
CITY_250	LONDON
CITY_251	LONDON
CITY_252	LONDON
CITY_253	LONDON
CITY_254	LONDON
CITY_255	LONDON
CITY_256	LONDON
CITY_257	LONDON
CITY_258	LONDON
CITY_259	LONDON
CITY_260	LONDON
CITY_261	LONDON
CITY_262	LONDON
CITY_263	LONDON
CITY_264	LONDON
CITY_265	LONDON
CITY_266	LONDON
CITY_267	LONDON
CITY_268	LONDON
CITY_269	LONDON
CITY_270	LONDON
CITY_271	LONDON
CITY_272	LONDON
CITY_273	LONDON
CITY_274	LONDON
CITY_275	LONDON
CITY_276	LONDON
CITY_277	LONDON
CITY_278	LONDON
CITY_279	LONDON
CITY_280	LONDON
CITY_281	LONDON
CITY_282	LONDON
CITY_283	LONDON
CITY_284	LONDON
CITY_285	LONDON
CITY_286	LONDON
CITY_287	LONDON
CITY_288	LONDON
CITY_289	LONDON
CITY_290	LONDON
CITY_291	LONDON
CITY_292	LONDON
CITY_293	LONDON
CITY_294	LONDON
CITY_295	LONDON
CITY_296	LONDON
CITY_297	LONDON
CITY_298	LONDON
CITY_299	LONDON
CITY_300	LONDON
CITY_301	LONDON
CITY_302	LONDON
CITY_303	LONDON
CITY_304	LONDON
CITY_305	LONDON
CITY_306	LONDON
CITY_307	LONDON
CITY_308	LONDON
CITY_309	LONDON
CITY_310	LONDON
CITY_311	LONDON
CITY_312	LONDON
CITY_313	LONDON
CITY_314	LONDON
CITY_315	LONDON
CITY_316	LONDON
CITY_317	LONDON
CITY_318	LONDON
CITY_319	LONDON
CITY_320	LONDON
CITY_321	LONDON
CITY_322	LONDON
CITY_323	LONDON
CITY_324	LONDON
CITY_325	LONDON
CITY_326	LONDON
CITY_327	LONDON
CITY_328	LONDON
CITY_329	LONDON
CITY_330	LONDON
CITY_331	LONDON
CITY_332	LONDON
CITY_333	LONDON
CITY_334	LONDON
CITY_335	LONDON
CITY_336	LONDON
CITY_337	LONDON
CITY_338	LONDON
CITY_339	LONDON
CITY_340	LONDON
CITY_341	LONDON
CITY_342	LONDON
CITY_343	LONDON
CITY_344	LONDON
CITY_345	LONDON
CITY_346	LONDON
CITY_347	LONDON
CITY_348	LONDON|ISLINGTON
CITY_349	LONDON
CITY_350	LONDON
CITY_351	LONDON
CITY_352	LONDON
CITY_353	LONDON
CITY_354	LONDON
CITY_355	LONDON
CITY_356	LONDON
CITY_357	LONDON
CITY_358	LONDON
CITY_359	LONDON
CITY_360	LONDON
CITY_361	LONDON
CITY_362	LONDON
CITY_363	LONDON
CITY_364	LONDON
CITY_365	LONDON
CITY_366	LONDON
CITY_367	LONDON
CITY_368	LONDON
CITY_369	LONDON
CITY_370	LONDON
CITY_371	LONDON
CITY_372	LONDON
CITY_373	LONDON
CITY_374	LONDON
CITY_375	LONDON
CITY_376	LONDON
CITY_377	LONDON
CITY_378	LONDON
CITY_379	LONDON
CITY_380	LONDON
CITY_381	LONDON
CITY_382	LONDON
CITY_383	LONDON
CITY_384	LONDON
CITY_385	LONDON
CITY_386	LONDON
CITY_387	LONDON
CITY_388	LONDON
CITY_389	LONDON
CITY_390	LONDON
CITY_391	LONDON
CITY_392	LONDON
CITY_393	LONDON
CITY_394	LONDON
CITY_395	LONDON
CITY_396	LONDON
CITY_397	LONDON
CITY_398	LONDON
CITY_399	LONDON
CITY_400	LONDON
CITY_401	LONDON
CITY_402	LONDON
CITY_403	LONDON
CITY_404	LONDON
CITY_405	LONDON
CITY_406	LONDON
CITY_407	LONDON
CITY_408	LONDON
CITY_409	LONDON
CITY_410	LONDON
CITY_411	LONDON
CITY_412	LONDON
CITY_413	LONDON
CITY_414	LONDON
CITY_415	LONDON
CITY_416	LONDON
CITY_417	LONDON
CITY_418	LONDON
CITY_419	LONDON
CITY_420	LONDON
CITY_421	LONDON
CITY_422	LONDON
CITY_423	LONDON
CITY_424	LONDON
CITY_425	LONDON
CITY_426	LONDON
CITY_427	LONDON
CITY_428	LONDON
CITY_429	LONDON
CITY_430	LONDON
CITY_431	LONDON
CITY_432	LONDON
CITY_433	LONDON
CITY_434	LONDON
CITY_435	LONDON
CITY_436	LONDON
CITY_437	LONDON
CITY_438	LONDON
CITY_439	LONDON
CITY_440	LONDON
CITY_441	LONDON
CITY_442	LONDON
CITY_443	LONDON
CITY_444	LONDON
CITY_445	LONDON
CITY_446	LONDON
CITY_447	LONDON
CITY_448	LONDON
CITY_449	LONDON
CITY_450	LONDON
CITY_451	LONDON
CITY_452	LONDON
CITY_453	LONDON
CITY_454	LONDON
CITY_455	LONDON
CITY_456	LONDON
CITY_457	LONDON
CITY_458	LONDON
CITY_459	LONDON
CITY_460	LONDON
CITY_461	LONDON
CITY_462	LONDON
CITY_463	LONDON
CITY_464	LONDON
CITY_465	LONDON
CITY_466	LONDON|ENGLAND
CITY_467	LONDON
CITY_468	LONDON
CITY_469	LONDON
CITY_470	LONDON
CITY_471	LONDON
CITY_472	LONDON
CITY_473	LONDON
CITY_474	LONDON
CITY_475	LONDON
CITY_476	LONDON
CITY_477	LONDON
CITY_478	LONDON
CITY_479	LONDON
CITY_480	LONDON
CITY_481	LONDON
CITY_482	LONDON
CITY_483	LONDON
CITY_484	LONDON
CITY_485	LONDON
CITY_486	LONDON
CITY_487	LONDON
CITY_488	LONDON
CITY_489	LONDON
CITY_490	LONDON
CITY_491	LONDON
CITY_492	LONDON
CITY_493	LONDON|HOLBORN
CITY_494	LONDON
CITY_495	LONDON
CITY_496	LONDON
CITY_497	LONDON
CITY_498	LONDON
CITY_499	LONDON
CITY_500	LONDON
CITY_501	LONDON
CITY_502	LONDON
CITY_503	LONDON
CITY_504	LONDON
CITY_505	LONDON
CITY_506	LONDON
CITY_507	LONDON
CITY_508	LONDON
CITY_509	LONDON
CITY_510	LONDON
CITY_511	LONDON
CITY_512	LONDON
CITY_513	LONDON
CITY_514	LONDON
CITY_515	LONDON
CITY_516	LONDON
CITY_517	LONDON
CITY_518	LONDON
CITY_519	LONDON
CITY_520	LONDON
CITY_521	LONDON
CITY_522	LONDON
CITY_523	LONDON
CITY_524	LONDON
CITY_525	LONDON
CITY_526	LONDON
CITY_527	LONDON
CITY_528	LONDON
CITY_529	LONDON
CITY_530	LONDON
CITY_531	LONDON
CITY_532	LONDON
CITY_533	LONDON
CITY_534	LONDON
CITY_535	LONDON
CITY_536	LONDON
CITY_537	LONDON
CITY_538	LONDON
CITY_539	LONDON
CITY_540	LONDON
CITY_541	LONDON
CITY_542	LONDON
CITY_543	LONDON
CITY_544	LONDON
CITY_545	LONDON
CITY_546	LONDON
CITY_547	LONDON
CITY_548	LONDON
CITY_549	LONDON
CITY_550	LONDON
CITY_551	LONDON
CITY_552	LONDON
CITY_553	LONDON
CITY_554	LONDON
CITY_555	LONDON
CITY_556	LONDON
CITY_557	LONDON
CITY_558	LONDON
CITY_559	LONDON
CITY_560	LONDON
CITY_561	LONDON
CITY_562	LONDON
CITY_563	LONDON
CITY_564	LONDON
CITY_565	LONDON
CITY_566	LONDON
CITY_567	LONDON
CITY_568	LONDON
CITY_569	LONDON
CITY_570	LONDON
CITY_571	LONDON
CITY_572	LONDON
CITY_573	LONDON
CITY_574	LONDON
CITY_575	LONDON
CITY_576	LONDON
CITY_577	LONDON
CITY_578	LONDON
CITY_579	LONDON
CITY_580	LONDON
CITY_581	LONDON
CITY_582	LONDON
CITY_583	LONDON
CITY_584	LONDON
CITY_585	LONDON
CITY_586	LONDON
CITY_587	LONDON
CITY_588	LONDON
CITY_589	LONDON
CITY_590	LONDON
CITY_591	LONDON
CITY_592	LONDON
CITY_593	LONDON
CITY_594	LONDON
CITY_595	LONDON
CITY_596	LONDON
CITY_597	LONDON
CITY_598	LONDON
CITY_599	LONDON
CITY_600	LONDON
CITY_601	LONDON
CITY_602	LONDON
CITY_603	LONDON
CITY_604	LONDON
CITY_605	LONDON
CITY_606	LONDON
CITY_607	LONDON
CITY_608	LONDON
CITY_609	LONDON
CITY_610	LONDON
CITY_611	LONDON
CITY_612	LONDON
CITY_613	LONDON
CITY_614	LONDON
CITY_615	LONDON
CITY_616	LONDON
CITY_617	LONDON
CITY_618	LONDON
CITY_619	LONDON
CITY_620	LONDON
CITY_621	LONDON
CITY_622	LONDON
CITY_623	LONDON
CITY_624	LONDON
CITY_625	LONDON
CITY_626	LONDON
CITY_627	LONDON
CITY_628	LONDON
CITY_629	LONDON
CITY_630	LONDON
CITY_631	LONDON
CITY_632	LONDON
CITY_633	LONDON
CITY_634	LONDON
CITY_635	LONDON|GREATER LONDON
CITY_636	LONDON
CITY_637	LONDON
CITY_638	LONDON
CITY_639	LONDON
CITY_640	LONDON
CITY_641	LONDON
CITY_642	LONDON
CITY_643	LONDON
CITY_644	LONDON
CITY_645	LONDON
CITY_646	LONDON
CITY_647	LONDON
CITY_648	LONDON
CITY_649	LONDON
CITY_650	LONDON
CITY_651	LONDON
CITY_652	LONDON
CITY_653	LONDON
CITY_654	LONDON|CITY OF LONDON
CITY_655	LONDON
CITY_656	LONDON
CITY_657	LONDON
CITY_658	LONDON
CITY_659	LONDON
CITY_660	LONDON
CITY_661	LONDON
CITY_662	LONDON
CITY_663	LONDON
CITY_664	LONDON
CITY_665	LONDON
CITY_666	LONDON
CITY_667	LONDON
CITY_668	LONDON
CITY_669	LONDON
CITY_670	LONDON
CITY_671	LONDON
CITY_672	LONDON
CITY_673	LONDON
CITY_674	LONDON
CITY_675	LONDON
CITY_676	LONDON|UNITED KINGDOM
CITY_677	LONDON
CITY_678	LONDON
CITY_679	LONDON
CITY_680	LONDON
CITY_681	LONDON
CITY_682	LONDON
CITY_683	LONDON
CITY_684	LONDON
CITY_685	LONDON
CITY_686	LONDON
CITY_687	LONDON
CITY_688	LONDON
CITY_689	LONDON
CITY_690	LONDON
CITY_691	LONDON
CITY_692	LONDON
CITY_693	LONDON
CITY_694	LONDON|CITY OF LONDON
CITY_695	LONDON
CITY_696	LONDON
CITY_697	LONDON
CITY_698	LONDON
CITY_699	LONDON
CITY_700	LONDON
CITY_701	LONDON
CITY_702	LONDON
CITY_703	LONDON
CITY_704	LONDON
CITY_705	LONDON|CITY OF LONDON
CITY_706	LONDON
CITY_707	LONDON
CITY_708	LONDON
CITY_709	LONDON
CITY_710	LONDON
CITY_711	LONDON
CITY_712	LONDON
CITY_713	LONDON
CITY_714	LONDON
CITY_715	LONDON
CITY_716	LONDON
CITY_717	LONDON
CITY_718	LONDON
CITY_719	LONDON
CITY_720	LONDON
CITY_721	LONDON
CITY_722	LONDON
CITY_723	LONDON
CITY_724	LONDON
CITY_725	LONDON
CITY_726	LONDON
CITY_727	LONDON
CITY_728	LONDON
CITY_729	LONDON
CITY_730	LONDON
CITY_731	LONDON
CITY_732	LONDON
CITY_733	LONDON
CITY_734	LONDON
CITY_735	LONDON
CITY_736	LONDON
CITY_737	LONDON
CITY_738	LONDON
CITY_739	LONDON
CITY_740	CITY OF LONDON
CITY_741	LONDON
CITY_742	LONDON
CITY_743	LONDON
CITY_744	LONDON
CITY_745	LONDON
CITY_746	LONDON
CITY_747	LONDON
CITY_748	LONDON
CITY_749	LONDON
CITY_750	LONDON
CITY_751	LONDON
CITY_752	LONDON
CITY_753	LONDON
CITY_754	LONDON
CITY_755	LONDON
CITY_756	LONDON
CITY_757	LONDON
CITY_758	LONDON
CITY_759	LONDON
CITY_760	LONDON
CITY_761	LONDON
CITY_762	LONDON
CITY_763	LONDON
CITY_764	LONDON
CITY_765	LONDON
CITY_766	LONDON
CITY_767	LONDON
CITY_768	LONDON
CITY_769	LONDON
CITY_770	LONDON
CITY_771	LONDON
CITY_772	LONDON
CITY_773	LONDON
CITY_774	LONDON
CITY_775	LONDON
CITY_776	LONDON
CITY_777	LONDON
CITY_778	LONDON
CITY_779	LONDON
CITY_780	CITY OF LONDON
CITY_781	LONDON
CITY_782	LONDON
CITY_783	LONDON
CITY_784	LONDON
CITY_785	LONDON
CITY_786	LONDON
CITY_787	LONDON
CITY_788	LONDON
CITY_789	LONDON
CITY_790	LONDON
CITY_791	LONDON
CITY_792	LONDON
CITY_793	LONDON
CITY_794	LONDON
CITY_795	LONDON
CITY_796	LONDON
CITY_797	LONDON
CITY_798	LONDON|CITY OF LONDON
CITY_799	LONDON
CITY_800	LONDON
CITY_801	LONDON
CITY_802	LONDON
CITY_803	LONDON
CITY_804	LONDON
CITY_805	LONDON
CITY_806	LONDON
CITY_807	LONDON
CITY_808	LONDON
CITY_809	LONDON
CITY_810	LONDON
CITY_811	LONDON
CITY_812	LONDON
CITY_813	LONDON
CITY_814	LONDON
CITY_815	LONDON
CITY_816	LONDON
CITY_817	LONDON
CITY_818	LONDON
CITY_819	LONDON
CITY_820	LONDON
CITY_821	LONDON
CITY_822	LONDON
CITY_823	LONDON
CITY_824	LONDON
CITY_825	LONDON
CITY_826	LONDON
CITY_827	LONDON
CITY_828	LONDON
CITY_829	LONDON
CITY_830	LONDON
CITY_831	LONDON
CITY_832	LONDON
CITY_833	LONDON
CITY_834	LONDON
CITY_835	LONDON
CITY_836	LONDON
CITY_837	LONDON
CITY_838	LONDON
CITY_839	LONDON
CITY_840	LONDON
CITY_841	LONDON
CITY_842	LONDON
CITY_843	LONDON
CITY_844	LONDON
CITY_845	LONDON
CITY_846	LONDON
CITY_847	LONDON
CITY_848	LONDON
CITY_849	LONDON|CITY OF LONDON
CITY_850	LONDON
CITY_851	LONDON
CITY_852	LONDON
CITY_853	LONDON
CITY_854	LONDON
CITY_855	LONDON
CITY_856	LONDON
CITY_857	LONDON
CITY_858	LONDON
CITY_859	LONDON
CITY_860	LONDON
CITY_861	LONDON
CITY_862	LONDON
CITY_863	LONDON
CITY_864	LONDON
CITY_865	LONDON
CITY_866	LONDON
CITY_867	LONDON
CITY_868	LONDON
CITY_869	LONDON
CITY_870	LONDON
CITY_871	LONDON
CITY_872	LONDON
CITY_873	LONDON
CITY_874	LONDON
CITY_875	LONDON
CITY_876	LONDON
CITY_877	LONDON
CITY_878	LONDON
CITY_879	LONDON
CITY_880	LONDON
CITY_881	LONDON
CITY_882	LONDON
CITY_883	LONDON
CITY_884	LONDON
CITY_885	LONDON
CITY_886	LONDON
CITY_887	LONDON
CITY_888	LONDON
CITY_889	LONDON
CITY_890	LONDON
CITY_891	LONDON
CITY_892	LONDON
CITY_893	LONDON
CITY_894	LONDON
CITY_895	LONDON
CITY_896	LONDON
CITY_897	LONDON
CITY_898	LONDON|CITY OF LONDON
CITY_899	LONDON
CITY_900	LONDON
CITY_901	LONDON
CITY_902	LONDON
CITY_903	LONDON
CITY_904	LONDON
CITY_905	LONDON
CITY_906	LONDON
CITY_907	LONDON
CITY_908	LONDON
CITY_909	LONDON
CITY_910	LONDON
CITY_911	LONDON
CITY_912	LONDON
CITY_913	LONDON
CITY_914	LONDON
CITY_915	LONDON
CITY_916	LONDON
CITY_917	LONDON
CITY_918	LONDON
CITY_919	LONDON
CITY_920	LONDON
CITY_921	LONDON
CITY_922	LONDON
CITY_923	LONDON
CITY_924	LONDON
CITY_925	LONDON
CITY_926	LONDON
CITY_927	LONDON
CITY_928	LONDON
CITY_929	LONDON
CITY_930	LONDON
CITY_931	LONDON
CITY_932	LONDON
CITY_933	LONDON
CITY_934	LONDON
CITY_935	LONDON
CITY_936	LONDON
CITY_937	LONDON
CITY_938	LONDON
CITY_939	LONDON
CITY_940	LONDON
CITY_941	LONDON
CITY_942	LONDON
CITY_943	LONDON
CITY_944	LONDON
CITY_945	LONDON
CITY_946	LONDON
CITY_947	LONDON
CITY_948	LONDON
CITY_949	LONDON
CITY_950	LONDON
CITY_951	LONDON
CITY_952	LONDON
CITY_953	LONDON
CITY_954	LONDON
CITY_955	LONDON
CITY_956	LONDON
CITY_957	LONDON
CITY_958	LONDON
CITY_959	LONDON
CITY_960	LONDON
CITY_961	LONDON|ENGLAND
CITY_962	LONDON
CITY_963	LONDON
CITY_964	LONDON
CITY_965	LONDON
CITY_966	LONDON
CITY_967	LONDON
CITY_968	ABERDEEN
CITY_969	BRACKNELL
CITY_970	BRIGHTON|EAST SUSSEX
CITY_971	LONDON
CITY_972	HOUNSLOW|MIDDLESEX
CITY_973	HARROW|MIDDLESEX
CITY_974	HOVE|EAST SUSSEX
CITY_975	LONDON
CITY_976	ROMFORD
CITY_977	SURREY
CITY_978	CARNFORTH|LANCASHIRE
CITY_979	FARNHAM|SURREY
CITY_980	LONDON
CITY_981	ILFORD|ESSEX
CITY_982	GLOUCESTER|GLOUCESTERSHIRE
CITY_983	CAMBRIDGE
CITY_984	LONDON
CITY_985	STOCKPORT|CHESHIRE
CITY_986	LONDON
CITY_987	COULSDON|SURREY
CITY_988	MERSEYSIDE
CITY_989	STANMORE|MIDDLESEX
CITY_990	HOVE|EAST SUSSEX
CITY_991	LEIGH-ON-SEA|ESSEX
CITY_992	NORFOLK
CITY_993	CAMBRIDGE
CITY_994	COBHAM|SURREY
CITY_995	BIRMINGHAM
CITY_996	RUTLAND
CITY_997	HASLEMERE|SURREY
CITY_998	NORWICH|NORFOLK
CITY_999	LONDON
CITY_1000	LONDON
