ADDR_1	30 CITY RD|30 CITY ROAD
ADDR_2	57 CHARTERHOUSE ST|57 CHARTERHOUSE STREET|57 CHARTERHOUSE STREETREET
ADDR_3	16 BOWLING GREEN LANE
ADDR_4	200 200 ALDERSGATE ALDERSGATE STREETREET|200 200 ALDERSGATE ALDERSGATE ST|200 200 ALDERSGATE ALDERSGATE STREET
ADDR_5	200 ALDERSGATE ALDERSGATE STREET|200 ALDERSGATE ALDERSGATE STREETREET|200 ALDERSGATE ALDERSGATE ST
ADDR_6	145-157 STREET JOHN STREETREET|145-157 ST JOHN ST|145-157 ST JOHN STREET
ADDR_7	30 CITY RD|30 CITY ROAD
ADDR_8	152 KEMP HOUSE CITY RD|152 KEMP HOUSE CITY ROAD
ADDR_9	4 SNOW HILL
ADDR_10	355 GOSWELL ROAD|355 GOSWELL RD
ADDR_11	"AKIN PALMER LLP 3, ANGEL GATE 326 CITY ROAD"|"AKIN PALMER LLP 3, ANGEL GATE 326 CITY RD"
ADDR_12	KEMP HOUSE 152-160 CITY ROAD|KEMP HOUSE 152-160 CITY RD
ADDR_13	LONGBOW HOUSE CHISWELL STREET|LONGBOW HOUSE CHISWELL STREETREET|LONGBOW HOUSE CHISWELL ST
ADDR_14	2ND FLOOR 145-157 ST. JOHN ST|2ND FLOOR 145-157 STREET. JOHN STREETREET|2ND FLOOR 145-157 ST. JOHN STREET
ADDR_15	UNIT 36 88-90 HATTON GAROADEN|UNIT 36 88-90 HATTON GARDEN
ADDR_16	INTERNATIONAL HOUSE 24 HOLBORN VIADUCT
ADDR_17	"7TH FLOOR, 16 ST. MARTIN'S LE GRAND"|"7TH FLOOR, 16 STREET. MARTIN'S LE GRAND"
ADDR_18	THIRD FLOOR 111 CHARTERHOUSE STREETREET|THIRD FLOOR 111 CHARTERHOUSE STREET|THIRD FLOOR 111 CHARTERHOUSE ST|THIROAD FLOOR 111 CHARTERHOUSE STREET
ADDR_19	C/O CAYOS CONSULTING SERVICES 40 BOWLING GREEN LANE
ADDR_20	145-157 STREET JOHN STREETREET|145-157 ST JOHN ST|145-157 ST JOHN STREET
ADDR_21	KEMP HOUSE 152 CITY RD|KEMP HOUSE 152 CITY ROAD
ADDR_22	INTERNATIONAL HOUSE 24 HOLBORN VIADUCT
ADDR_23	COURTYAROAD SUITE 100 HATTON GAROADEN|COURTYARD SUITE 100 HATTON GARDEN
ADDR_24	20 FARRINGDON ROAD|20 FARRINGDON RD
ADDR_25	6-8 SYCAMORE ST|6-8 SYCAMORE STREET|6-8 SYCAMORE STREETREET
ADDR_26	145-157 STREET JOHN STREETREET|145-157 ST JOHN ST|145-157 ST JOHN STREET
ADDR_27	GATE HOUSE 1 STREET JOHN'S SQUARE|GATE HOUSE 1 ST JOHN'S SQUARE
ADDR_28	1 HAROADWICK STREET HAROADWICK STREET|1 HARDWICK STREET HARDWICK STREET|1 HARDWICK STREETREET HARDWICK STREETREET|1 HARDWICK ST HARDWICK ST
ADDR_29	KEMP HOUSE 160 CITY ROAD|KEMP HOUSE 160 CITY RD
ADDR_30	140-142 ST. JOHN STREET|140-142 ST. JOHN ST|140-142 STREET. JOHN STREETREET
ADDR_31	24 INTERNATIONAL HOUSE HOLBORN VIADUCT
ADDR_32	152 KEMP HOUSE CITY RD|152 KEMP HOUSE CITY ROAD
ADDR_33	KEMP HOUSE 160 CITY ROAD|KEMP HOUSE 160 CITY RD
ADDR_34	LONGBOW HOUSE CHISWELL STREET|LONGBOW HOUSE CHISWELL STREETREET|LONGBOW HOUSE CHISWELL ST
ADDR_35	UNIT/OFFICE 36 88-90 HATTON GARDEN|UNIT/OFFICE 36 88-90 HATTON GAROADEN
ADDR_36	KEMP HOUSE 160 CITY ROAD|KEMP HOUSE 160 CITY RD
ADDR_37	INTERNATIONAL HOUSE 24 HOLBORN VIADUCT LONDON|INTERNATIONAL HOUSE 24 HOLBORN VIADUCT CITY OF CITY OF LONDON|INTERNATIONAL HOUSE 24 HOLBORN VIADUCT CITY OF LONDON
ADDR_38	145-157 STREET JOHN STREETREET|145-157 ST JOHN ST|145-157 ST JOHN STREET
ADDR_39	KEMP HOUSE 152 CITY RD|KEMP HOUSE 152 CITY ROAD
ADDR_40	152 CITY RD|152 CITY ROAD
ADDR_41	DEVONSHIRE HOUSE 60 GOSWELL ROAD|DEVONSHIRE HOUSE 60 GOSWELL RD
ADDR_42	145-157 STREET JOHN STREETREET|145-157 ST JOHN ST|145-157 ST JOHN STREET
ADDR_43	LANDON SEAMER 335 CITY RD|LANDON SEAMER 335 CITY ROAD
ADDR_44	1 CHARTERHOUSE MEWS
ADDR_45	2ND FLOOR WHITE BEAR YARD CLERKENWELL RD|2ND FLOOR WHITE BEAR YARD CLERKENWELL ROAD|2ND FLOOR WHITE BEAR YAROAD CLERKENWELL ROAD
ADDR_46	"KEMP HOUSE,152 CITY ROAD"|"KEMP HOUSE,152 CITY RD"
ADDR_47	123 ALDERSGATE STREETREET|123 ALDERSGATE ST|123 ALDERSGATE STREET
ADDR_48	KEMP HOUSE 152 CITY RD|KEMP HOUSE 152 CITY ROAD
ADDR_49	KEMP HOUSE 160 CITY ROAD|KEMP HOUSE 160 CITY RD
ADDR_50	KEMP HOUSE 152 CITY RD|KEMP HOUSE 152 CITY ROAD
ADDR_51	SUITE A 6 HONDURAS ST|SUITE A 6 HONDURAS STREETREET|SUITE A 6 HONDURAS STREET
ADDR_52	KEMP HOUSE 152 CITY RD|KEMP HOUSE 152 CITY ROAD
ADDR_53	GROUND FLOOR 1 BAKER'S ROW
ADDR_54	24 HOLBORN VIADUCT
ADDR_55	152 KEMP HOUSE CITY RD|152 KEMP HOUSE CITY ROAD
ADDR_56	24 INTERNATIONAL HOUSE HOLBORN VIADUCT
ADDR_57	KEMP HOUSE 160 CITY ROAD|KEMP HOUSE 160 CITY RD
ADDR_58	ARTANEON LTD UNIT 36 88-90 HATTON GAROADEN|ARTANEON LIMITED UNIT 36 88-90 HATTON GARDEN|ARTANEON LTD UNIT 36 88-90 HATTON GARDEN
ADDR_59	THE DRILL HALL 57A FARRINGDON RD|THE DRILL HALL 57A FARRINGDON ROAD
ADDR_60	DEVONSHIRE HOUSE 60 GOSWELL ROAD|DEVONSHIRE HOUSE 60 GOSWELL RD
ADDR_61	17-18 AYLESBURY STREETREET|17-18 AYLESBURY ST|17-18 AYLESBURY STREET
ADDR_62	INTERNATIONAL HOUSE HOLBORN VIADUCT
ADDR_63	INTERNATIONAL HOUSE HOLBORN VIADUCT
ADDR_64	OFFICE 36 88-90 HATTON GAROADEN|OFFICE 36 88-90 HATTON GARDEN
ADDR_65	KEMP HOUSE 152-160 CITY ROAD|KEMP HOUSE 152-160 CITY RD
ADDR_66	WESTBURY 2ND FLOOR 145-157 ST JOHN ST|WESTREETBURY 2ND FLOOR 145-157 STREET JOHN STREETREET|WESTBURY 2ND FLOOR 145-157 ST JOHN STREET
ADDR_67	KEMP HOUSE 152 CITY RD|KEMP HOUSE 152 CITY ROAD
ADDR_68	SUITE A 6 HONDURAS ST|SUITE A 6 HONDURAS STREETREET|SUITE A 6 HONDURAS STREET
ADDR_69	SUITE 1A 1 LINDSEY ST|SUITE 1A 1 LINDSEY STREET|SUITE 1A 1 LINDSEY STREETREET
ADDR_70	145-157 STREET JOHN STREETREET|145-157 ST JOHN ST|145-157 ST JOHN STREET
ADDR_71	KEMP HOUSE 152-160 CITY ROAD|KEMP HOUSE 152-160 CITY RD
ADDR_72	KEMP HOUSE 160 CITY ROAD|KEMP HOUSE 160 CITY RD
ADDR_73	LONGBOW HOUSE CHISWELL STREET|LONGBOW HOUSE CHISWELL STREETREET|LONGBOW HOUSE CHISWELL ST
ADDR_74	130 OLD STREETREET|130 OLD ST|130 OLD STREET
ADDR_75	1 CHARTERHOUSE MEWS
ADDR_76	15 BOWLING GREEN LANE
ADDR_77	KEMP HOUSE 152 CITY RD|KEMP HOUSE 152 CITY ROAD
ADDR_78	SUITE 34 67-68 HATTON GAROADEN|SUITE 34 67-68 HATTON GARDEN
ADDR_79	URBAN INNOVATION CENTRE 1 SEKFORDE ST|URBAN INNOVATION CENTRE 1 SEKFOROADE STREET|URBAN INNOVATION CENTRE 1 SEKFORDE STREETREET|URBAN INNOVATION CENTRE 1 SEKFORDE STREET
ADDR_80	KEMP HOUSE 160 CITY ROAD|KEMP HOUSE 160 CITY RD
ADDR_81	24 GREVILLE ST|24 GREVILLE STREETREET|24 GREVILLE STREET
ADDR_82	152 CITY RD|152 CITY ROAD
ADDR_83	KEMP HOUSE 160 CITY ROAD|KEMP HOUSE 160 CITY RD
ADDR_84	108 WORCESTER POINT CENTRAL STREET|108 WORCESTER POINT CENTRAL ST|108 WORCESTREETER POINT CENTRAL STREETREET
ADDR_85	15 BOWLING GREEN LANE
ADDR_86	GROUND FLOOR 1 BAKER'S ROW
ADDR_87	CENTRAL HOUSE 142 CENTRAL STREET|CENTRAL HOUSE 142 CENTRAL ST|CENTRAL HOUSE 142 CENTRAL STREETREET
ADDR_88	88-90 HATTON GAROADEN|88-90 HATTON GARDEN
ADDR_89	28 ELY PLACE 3ROAD FLOOR|28 ELY PLACE 3RD FLOOR
ADDR_90	KEMP HOUSE CITY RD|KEMP HOUSE CITY ROAD
ADDR_91	SUITE 36 88-90  HATTON GAROADEN HOLBORN|SUITE 36 88-90  HATTON GARDEN HOLBORN
ADDR_92	SUITE 48 88-90 HATTON GARDEN|SUITE 48 88-90 HATTON GAROADEN
ADDR_93	145-157 ST. JOHN ST|145-157 ST. JOHN STREET|145-157 STREET. JOHN STREETREET
ADDR_94	"INTERNATIONAL HOUSE, 24 HOLBORN VIADUCT LONDON"|"INTERNATIONAL HOUSE, 24 HOLBORN VIADUCT CITY OF CITY OF LONDON"|"INTERNATIONAL HOUSE, 24 HOLBORN VIADUCT CITY OF LONDON"
ADDR_95	GRESHAM HOUSE 24 HOLBORN VIADUCT
ADDR_96	63-66 (2ND FLOOR) HATTON GAROADEN|63-66 (2ND FLOOR) HATTON GARDEN
ADDR_97	200 ALDERSGATE
ADDR_98	145-157 ST. JOHN ST|145-157 ST. JOHN STREET|145-157 STREET. JOHN STREETREET
ADDR_99	145-157 STREET JOHN STREETREET|145-157 ST JOHN ST|145-157 ST JOHN STREET
ADDR_100	22-24 ELY PLACE
ADDR_101	DEVONSHIRE HOUSE 60 GOSWELL ROAD|DEVONSHIRE HOUSE 60 GOSWELL RD
ADDR_102	2 ANGEL SQUARE 2 ANGEL SQUARE
ADDR_103	KEMP HOUSE 160 CITY ROAD|KEMP HOUSE 160 CITY RD
ADDR_104	81 NEWGATE ST|81 NEWGATE STREETREET|81 NEWGATE STREET
ADDR_105	81 NEWGATE ST|81 NEWGATE STREETREET|81 NEWGATE STREET
ADDR_106	ROOM 2 FINSBURY BUSINESS CENTRE 40 BOWLING GREEN LANE
ADDR_107	130 OLD STREETREET|130 OLD ST|130 OLD STREET
ADDR_108	45 LEATHER LANE
ADDR_109	KEMP HOUSE 152 CITY RD|KEMP HOUSE 152 CITY ROAD
ADDR_110	KEMP HOUSE 152 CITY RD|KEMP HOUSE 152 CITY ROAD
ADDR_111	UNIT 1.02 27/31 CLERKENWELL CLOSE
ADDR_112	KEMP HOUSE 152 CITY RD|KEMP HOUSE 152 CITY ROAD
ADDR_113	101 CLERKENWELL RD|101 CLERKENWELL ROAD
ADDR_114	BM ADVISORY 82 ST JOHN ST|BM ADVISORY 82 ST JOHN STREET|BM ADVISORY 82 STREET JOHN STREETREET
ADDR_115	SUITE 36 88-90 HATTON GAROADEN|SUITE 36 88-90 HATTON GARDEN
ADDR_116	145-157 STREET JOHN STREETREET|145-157 ST JOHN ST|145-157 ST JOHN STREET
ADDR_117	80-83 LONG LANE
ADDR_118	145-157 ST. JOHN ST|145-157 ST. JOHN STREET|145-157 STREET. JOHN STREETREET
ADDR_119	145-157 STREET JOHN STREETREET|145-157 ST JOHN ST|145-157 ST JOHN STREET
ADDR_120	82 STREET JOHN STREETREET|82 ST JOHN STREET|82 ST JOHN ST
ADDR_121	2ND FLOOR 145-157 ST JOHN STREET|2ND FLOOR 145-157 STREET JOHN STREETREET|2ND FLOOR 145-157 ST JOHN ST
ADDR_122	1-3 DUFFERIN STREET|1-3 DUFFERIN STREETREET|1-3 DUFFERIN ST
ADDR_123	5 STREET. JOHN'S LANE|5 ST. JOHN'S LANE
ADDR_124	"INTERNATIONAL HOUSE 24 HOLBORN VIADUCT, CITY OF LONDON"|"INTERNATIONAL HOUSE 24 HOLBORN VIADUCT, CITY OF CITY OF LONDON"|"INTERNATIONAL HOUSE 24 HOLBORN VIADUCT, LONDON"
ADDR_125	INTERNATIONAL HOUSE 24 HOLBORN VIADUCT
ADDR_126	15 BOWLING GREEN LANE
ADDR_127	150 ALDERSGATE STREET|150 ALDERSGATE ST|150 ALDERSGATE STREETREET
ADDR_128	150 ALDERSGATE STREET|150 ALDERSGATE ST|150 ALDERSGATE STREETREET
ADDR_129	THE CHEMISTREETRY LAB 57 KINGSWAY PLACE SANS WALK|THE CHEMISTRY LAB 57 KINGSWAY PLACE SANS WALK
ADDR_130	KEMP HOUSE 160 CITY ROAD|KEMP HOUSE 160 CITY RD
ADDR_131	KEMP HOUSE 160 CITY ROAD|KEMP HOUSE 160 CITY RD
ADDR_132	SUITE 1 6 OWEN STREETREET|SUITE 1 6 OWEN STREET|SUITE 1 6 OWEN ST
ADDR_133	KEMP HOUSE 152 CITY RD|KEMP HOUSE 152 CITY ROAD
ADDR_134	80-83 LONG LANE
ADDR_135	145-157 ST. JOHN ST|145-157 ST. JOHN STREET|145-157 STREET. JOHN STREETREET
ADDR_136	KEMP HOUSE 160 CITY ROAD|KEMP HOUSE 160 CITY RD
ADDR_137	KEMP HOUSE 160 CITY ROAD|KEMP HOUSE 160 CITY RD
ADDR_138	SUITE 36 88-90 HATTON GARDON|SUITE 36 88-90 HATTON GAROADON
ADDR_139	KEMP HOUSE 152-160 CITY ROAD|KEMP HOUSE 152-160 CITY RD
ADDR_140	INTERNATIONAL HOUSE 24 HOLBORN VIADUCT
ADDR_141	FINSGATE 5-7 CRANWOOD ST|FINSGATE 5-7 CRANWOOD STREET|FINSGATE 5-7 CRANWOOD STREETREET
ADDR_142	130 OLD STREETREET|130 OLD ST|130 OLD STREET
ADDR_143	KEMP HOUSE 160 CITY ROAD|KEMP HOUSE 160 CITY RD
ADDR_144	KEMP HOUSE 160 CITY ROAD|KEMP HOUSE 160 CITY RD
ADDR_145	DEVONSHIRE HOUSE 60 GOSWELL ROAD|DEVONSHIRE HOUSE 60 GOSWELL RD
ADDR_146	130 OLD STREETREET|130 OLD ST|130 OLD STREET
ADDR_147	OFFICE 36 88-90 HATTON GAROADEN|OFFICE 36 88-90 HATTON GARDEN
ADDR_148	82 ST. JOHN STREET|82 ST. JOHN ST|82 STREET. JOHN STREETREET
ADDR_149	KEMP HOUSE 160 CITY ROAD|KEMP HOUSE 160 CITY RD
ADDR_150	INTERNATIONAL HOUSE HOLBORN VIADUCT
ADDR_151	RAMON LEE AND PARTNERS KEMP HOUSE 152-160 CITY RD|RAMON LEE AND PARTNERS KEMP HOUSE 152-160 CITY ROAD
ADDR_152	2ND FLOOR 145-157 STREET.JOHN STREETREET|2ND FLOOR 145-157 ST.JOHN ST|2ND FLOOR 145-157 ST.JOHN STREET
ADDR_153	DEPARTMENT 16 101 CLERKENWELL ROAD|DEPARTMENT 16 101 CLERKENWELL RD
ADDR_154	HARELLA HOUSE 2ND FLOOR 90-98 GOSWELL ROAD|HARELLA HOUSE 2ND FLOOR 90-98 GOSWELL RD
ADDR_155	30 CITY RD|30 CITY ROAD
ADDR_156	C/O GROSS KLEIN 5 ST. JOHN'S LANE|C/O GROSS KLEIN 5 STREET. JOHN'S LANE
ADDR_157	KEMP HOUSE 160 CITY ROAD|KEMP HOUSE 160 CITY RD
ADDR_158	KLACO HOUSE 28-30 SAINT JOHNS SQUARE
ADDR_159	EDWAROAD BALDRY INTERNATIONAL HOUSE 24 HOLBORN VIADUCT|EDWARD BALDRY INTERNATIONAL HOUSE 24 HOLBORN VIADUCT
ADDR_160	GROUND FLOOR 1 BAKER'S ROW
ADDR_161	372 OLD ST|372 OLD STREETREET|372 OLD STREET
ADDR_162	78 - 80 ST. JOHN ST|78 - 80 ST. JOHN STREET|78 - 80 STREET. JOHN STREETREET
ADDR_163	LOWER GROUND FLOOR 111 CHARTERHOUSE ST|LOWER GROUND FLOOR 111 CHARTERHOUSE STREET|LOWER GROUND FLOOR 111 CHARTERHOUSE STREETREET
ADDR_164	MILTON GATE 60 CHISWELL ST|MILTON GATE 60 CHISWELL STREETREET|MILTON GATE 60 CHISWELL STREET
ADDR_165	145-157 ST. JOHN ST|145-157 ST. JOHN STREET|145-157 STREET. JOHN STREETREET
ADDR_166	KEMP HOUSE 152 CITY RD|KEMP HOUSE 152 CITY ROAD
ADDR_167	145-157 STREET JOHN STREETREET|145-157 ST JOHN ST|145-157 ST JOHN STREET
ADDR_168	FINSGATE 5-7 CRANWOOD ST|FINSGATE 5-7 CRANWOOD STREET|FINSGATE 5-7 CRANWOOD STREETREET
ADDR_169	28 ELY PLACE
ADDR_170	KEMP HOUSE 152 CITY RD|KEMP HOUSE 152 CITY ROAD
ADDR_171	KEMP HOUSE 160 CITY ROAD|KEMP HOUSE 160 CITY RD
ADDR_172	145-157 STREET JOHN STREETREET|145-157 ST JOHN ST|145-157 ST JOHN STREET
ADDR_173	INTERNATIONAL HOUSE 24 HOLBORN VIADUCT
ADDR_174	C/O KLSA CHARTERED ACCOUNTANTS KLACO HOUSE 28-30 STREET. JOHN'S SQUARE|C/O KLSA CHARTERED ACCOUNTANTS KLACO HOUSE 28-30 ST. JOHN'S SQUARE
ADDR_175	THIRD FLOOR 111 CHARTERHOUSE STREETREET|THIRD FLOOR 111 CHARTERHOUSE STREET|THIRD FLOOR 111 CHARTERHOUSE ST|THIROAD FLOOR 111 CHARTERHOUSE STREET
ADDR_176	KEMP HOUSE 152 CITY RD|KEMP HOUSE 152 CITY ROAD
ADDR_177	1 CHARTERHOUSE MEWS
ADDR_178	145-157 ST. JOHN ST|145-157 ST. JOHN STREET|145-157 STREET. JOHN STREETREET
ADDR_179	57-61 CHARTERHOUSE STREETREET|57-61 CHARTERHOUSE ST|57-61 CHARTERHOUSE STREET
ADDR_180	WESTBURY 2ND FLOOR 145-157 ST JOHN ST|WESTREETBURY 2ND FLOOR 145-157 STREET JOHN STREETREET|WESTBURY 2ND FLOOR 145-157 ST JOHN STREET
ADDR_181	KEMP HOUSE 160 CITY ROAD|KEMP HOUSE 160 CITY RD
ADDR_182	GROUND FLOOR 1 BAKER'S ROW
ADDR_183	50 FARRINGDON ROAD|50 FARRINGDON RD
ADDR_184	KEMP HOUSE 160 CITY ROAD|KEMP HOUSE 160 CITY RD
ADDR_185	145-157 STREET JOHN STREETREET|145-157 ST JOHN ST|145-157 ST JOHN STREET
ADDR_186	145-157 STREET JOHN STREETREET|145-157 ST JOHN ST|145-157 ST JOHN STREET
ADDR_187	145-157 ST. JOHN ST|145-157 ST. JOHN STREET|145-157 STREET. JOHN STREETREET
ADDR_188	GOUND FLOOR 1 BAKER'S ROW
ADDR_189	GROUND FLOOR 1 BAKER'S ROW
ADDR_190	34 NEW HOUSE 67-68 HATTON GARDENS|34 NEW HOUSE 67-68 HATTON GAROADENS
ADDR_191	SUITE 36 88-90 HATTON GAROADEN HOLBORN|SUITE 36 88-90 HATTON GARDEN HOLBORN
ADDR_192	LEVEL 3 91-93 FARRINGDON ROAD|LEVEL 3 91-93 FARRINGDON RD
ADDR_193	80-83 LONG LANE
ADDR_194	KEMP HOUSE 152-160 CITY ROAD|KEMP HOUSE 152-160 CITY RD
ADDR_195	2ND FLOOR 145-157 ST JOHN STREET|2ND FLOOR 145-157 STREET JOHN STREETREET|2ND FLOOR 145-157 ST JOHN ST
ADDR_196	57-61 CHARTERHOUSE STREETREET|57-61 CHARTERHOUSE ST|57-61 CHARTERHOUSE STREET
ADDR_197	15 BOWLING GREEN LANE
ADDR_198	KEMP HOUSE 152-160 CITY ROAD|KEMP HOUSE 152-160 CITY RD
ADDR_199	KEMP HOUSE 160 CITY ROAD|KEMP HOUSE 160 CITY RD
ADDR_200	INTERNATIONAL HOUSE 24 HOLBORN VIADUCT
ADDR_201	KEMP HOUSE 160 CITY ROAD|KEMP HOUSE 160 CITY RD
ADDR_202	30 CITY RD|30 CITY ROAD
ADDR_203	30 CITY RD|30 CITY ROAD
ADDR_204	INTERNATIONAL HOUSE 24 HOLBORN VIADUCT
ADDR_205	GROUND FLOOR 1 BAKER'S ROW
ADDR_206	THE TRAMPERY 239 OLD STREET|THE TRAMPERY 239 OLD ST|THE TRAMPERY 239 OLD STREETREET
ADDR_207	KEMP HOUSE 152-160 CITY ROAD|KEMP HOUSE 152-160 CITY RD
ADDR_208	KEMP HOUSE 152 CITY RD|KEMP HOUSE 152 CITY ROAD
ADDR_209	"KEMP HOUSE, 152-160 CITY ROAD"|"KEMP HOUSE, 152-160 CITY RD"
ADDR_210	SUITE 36 88-90 HATTON GAROADEN|SUITE 36 88-90 HATTON GARDEN
ADDR_211	GF 1 BAKER'S ROW
ADDR_212	145-157 STREET. JOHN STREET. JOHN STREETREET|145-157 ST. JOHN ST. JOHN STREET|145-157 ST. JOHN ST. JOHN ST
ADDR_213	"KEMP HOUSE, 152 CITY RD"|"KEMP HOUSE, 152 CITY ROAD"
ADDR_214	130 OLD STREETREET|130 OLD ST|130 OLD STREET
ADDR_215	10 COLDBATH SQUARE
ADDR_216	KEMP HOUSE 152 CITY RD|KEMP HOUSE 152 CITY ROAD
ADDR_217	145-157 STREET JOHN STREETREET|145-157 ST JOHN ST|145-157 ST JOHN STREET
ADDR_218	PETERSHAM HOUSE 57A HATTON GAROADEN|PETERSHAM HOUSE 57A HATTON GARDEN
ADDR_219	INTERNATIONAL HOUSE 24 HOLBORN VIADUCT
ADDR_220	GROUND FLOOR 1 BAKER'S ROW
ADDR_221	145-157 STREET JOHN STREETREET|145-157 ST JOHN ST|145-157 ST JOHN STREET
ADDR_222	82 STREET JOHN STREETREET|82 ST JOHN STREET|82 ST JOHN ST
ADDR_223	INTERNATIONAL HOUSE 24 HOLBORN VIADUCT
ADDR_224	145-157 STREET JOHN STREETREET|145-157 ST JOHN ST|145-157 ST JOHN STREET
ADDR_225	SUITE 36 88-90 HATTON GAROADEN|SUITE 36 88-90 HATTON GARDEN
ADDR_226	KEMP HOUSE 160 CITY ROAD|KEMP HOUSE 160 CITY RD
ADDR_227	KEMP HOUSE 160 CITY ROAD|KEMP HOUSE 160 CITY RD
ADDR_228	KEMP HOUSE 160 CITY ROAD|KEMP HOUSE 160 CITY RD
ADDR_229	KEMP HOUSE 152-160 CITY ROAD|KEMP HOUSE 152-160 CITY RD
ADDR_230	FINSGATE 5-7 CRANWOOD ST|FINSGATE 5-7 CRANWOOD STREET|FINSGATE 5-7 CRANWOOD STREETREET
ADDR_231	15 BOWLING GREEN LANE
ADDR_232	UNIT 34 67-68 HATTON GARDEN|UNIT 34 67-68 HATTON GAROADEN
ADDR_233	24 HOLBORN VIADUCT
ADDR_234	KEMP HOUSE 160 CITY ROAD|KEMP HOUSE 160 CITY RD
ADDR_235	16 BOWLING GREEN LANE
ADDR_236	COLONIAL BUILDINGS 59 - 61 HATTON GARDEN|COLONIAL BUILDINGS 59 - 61 HATTON GAROADEN
ADDR_237	145-157 STREET JOHN STREETREET|145-157 ST JOHN ST|145-157 ST JOHN STREET
ADDR_238	82 STREET JOHN STREETREET|82 ST JOHN STREET|82 ST JOHN ST
ADDR_239	152 CITY RD|152 CITY ROAD
ADDR_240	80-83 LONG LANE
ADDR_241	"KEMP HOUSE, 152 CITY ROAD, LONDON EC1V 2NX"|"KEMP HOUSE, 152 CITY ROAD, CITY OF LONDON EC1V 2NX"|"KEMP HOUSE, 152 CITY RD, LONDON EC1V 2NX"
ADDR_242	152-160 KEMP HOUSE CITY RD|152-160 KEMP HOUSE CITY ROAD
ADDR_243	150 ALDERSGATE STREET|150 ALDERSGATE ST|150 ALDERSGATE STREETREET
ADDR_244	372 OLD ST|372 OLD STREETREET|372 OLD STREET
ADDR_245	145-157 STREET JOHN STREETREET|145-157 ST JOHN ST|145-157 ST JOHN STREET
ADDR_246	"C/O AMIN PATEL AND SHAH ACCOUNTANTS, 334-336 GOSWELL RD"|"C/O AMIN PATEL AND SHAH ACCOUNTANTS, 334-336 GOSWELL ROAD"
ADDR_247	KEMP HOUSE 160 CITY ROAD|KEMP HOUSE 160 CITY RD
ADDR_248	200 ALDERSGATE
ADDR_249	145-157 STREET JOHN STREETREET|145-157 ST JOHN ST|145-157 ST JOHN STREET
ADDR_250	INTERNATIONAL HOUSE 24 HOLBORN VIADUCT
ADDR_251	KEMP HOUSE 152-160 CITY ROAD|KEMP HOUSE 152-160 CITY RD
ADDR_252	KEMP HOUSE 160 CITY ROAD|KEMP HOUSE 160 CITY RD
ADDR_253	KEMP HOUSE CITY ROAD 152|KEMP HOUSE CITY RD 152
ADDR_254	C/O GOLDER BAQA GROUND FLOOR 1 BAKER'S ROW
ADDR_255	INTERNATIONAL HOUSE HOLBORN VIADUCT
ADDR_256	24 GREVILLE ST|24 GREVILLE STREETREET|24 GREVILLE STREET
ADDR_257	C/O WESTREETBURY 2ND FLOOR 145-157 STREET JOHN STREETREET|C/O WESTBURY 2ND FLOOR 145-157 ST JOHN ST|C/O WESTBURY 2ND FLOOR 145-157 ST JOHN STREET
ADDR_258	80-83 LONG LANE
ADDR_259	4TH FLOOR 35-39 OLD STREET|4TH FLOOR 35-39 OLD ST|4TH FLOOR 35-39 OLD STREETREET
ADDR_260	SUITE 48 88-90 HATTON GARDEN|SUITE 48 88-90 HATTON GAROADEN
ADDR_261	INTERNATIONAL HOUSE 24 HOLBORN VIADUCT
ADDR_262	26-28 ELY PLACE 3RD FLOOR|26-28 ELY PLACE 3ROAD FLOOR
ADDR_263	KEMP HOUSE 160 CITY ROAD|KEMP HOUSE 160 CITY RD
ADDR_264	KEMP HOUSE 152-160 CITY ROAD|KEMP HOUSE 152-160 CITY RD
ADDR_265	KEMP HOUSE 152 - 160 CITY ROAD|KEMP HOUSE 152 - 160 CITY RD
ADDR_266	145-157 ST. JOHN ST|145-157 ST. JOHN STREET|145-157 STREET. JOHN STREETREET
ADDR_267	FINSGATE 5-7 CRANWOOD ST|FINSGATE 5-7 CRANWOOD STREET|FINSGATE 5-7 CRANWOOD STREETREET
ADDR_268	KEMP HOUSE 160 CITY ROAD|KEMP HOUSE 160 CITY RD
ADDR_269	145-157 STREET JOHN STREETREET|145-157 ST JOHN ST|145-157 ST JOHN STREET
ADDR_270	411 DAVINA HOUSE 137-149 GOSWELL RD|411 DAVINA HOUSE 137-149 GOSWELL ROAD
ADDR_271	OFFICE 34 67-68 HATTON GAROADEN NEW HOUSE|OFFICE 34 67-68 HATTON GARDEN NEW HOUSE
ADDR_272	34 NEW HOUSE 67-68 HATTON GAROADEN|34 NEW HOUSE 67-68 HATTON GARDEN
ADDR_273	C/O GOLDER BAQA GROUND FLOOR 1 BAKER'S ROW
ADDR_274	C/O GOLDER BAQA GROUND FLOOR 1 BAKER'S ROW
ADDR_275	KEMP HOUSE 160 CITY ROAD|KEMP HOUSE 160 CITY RD
ADDR_276	LASER HOUSE 132-140 GOSWELL RD|LASER HOUSE 132-140 GOSWELL ROAD
ADDR_277	21 HOLBORN VIADUCT
ADDR_278	1 CHARTERHOUSE MEWS
ADDR_279	"DEVONSHIRE HOUSE, 60 GOSWELL RD"|"DEVONSHIRE HOUSE, 60 GOSWELL ROAD"
ADDR_280	KEMP HOUSE 160 CITY ROAD|KEMP HOUSE 160 CITY RD
ADDR_281	KEMP HOUSE 160 CITY ROAD|KEMP HOUSE 160 CITY RD
ADDR_282	145-157 STREET JOHN STREETREET|145-157 ST JOHN ST|145-157 ST JOHN STREET
ADDR_283	KEMP HOUSE 160 CITY ROAD|KEMP HOUSE 160 CITY RD
ADDR_284	338-346 GOSWELL RD|338-346 GOSWELL ROAD
ADDR_285	145-157 STREET JOHN STREETREET|145-157 ST JOHN ST|145-157 ST JOHN STREET
ADDR_286	KEMP HOUSE 152 CITY RD|KEMP HOUSE 152 CITY ROAD
ADDR_287	KEMP HOUSE 152-160 CITY ROAD|KEMP HOUSE 152-160 CITY RD
ADDR_288	130 OLD STREETREET|130 OLD ST|130 OLD STREET
ADDR_289	145-157 STREET JOHN STREETREET|145-157 ST JOHN ST|145-157 ST JOHN STREET
ADDR_290	DEVONSHIRE HOUSE 60 GOSWELL ROAD|DEVONSHIRE HOUSE 60 GOSWELL RD
ADDR_291	BIG STUDIOS 1 EAST POULTRY AVENUENUE|BIG STREETUDIOS 1 EASTREET POULTRY AVENUE|BIG STUDIOS 1 EAST POULTRY AVE|BIG STUDIOS 1 EAST POULTRY AVENUE
ADDR_292	15 BUNHILL ROW
ADDR_293	353-355 GOSWELL RD|353-355 GOSWELL ROAD
ADDR_294	KEMP HOUSE 152 CITY RD|KEMP HOUSE 152 CITY ROAD
ADDR_295	C/O GOLDER BAQA GROUND FLOOR 1 BAKER'S ROW
ADDR_296	LANSDOWNE HOUSE CITY FORUM 250 CITY RD|LANSDOWNE HOUSE CITY FORUM 250 CITY ROAD
ADDR_297	THIRD FLOOR 24 CHISWELL STREET|THIRD FLOOR 24 CHISWELL ST|THIROAD FLOOR 24 CHISWELL STREET|THIRD FLOOR 24 CHISWELL STREETREET
ADDR_298	KEMP HOUSE CITY RD|KEMP HOUSE CITY ROAD
ADDR_299	LASER HOUSE 132-140 GOSWELL RD|LASER HOUSE 132-140 GOSWELL ROAD
ADDR_300	145-157 ST. JOHN ST|145-157 ST. JOHN STREET|145-157 STREET. JOHN STREETREET
ADDR_301	145-157 STREET JOHN STREETREET|145-157 ST JOHN ST|145-157 ST JOHN STREET
ADDR_302	130 OLD STREETREET|130 OLD ST|130 OLD STREET
ADDR_303	145-157 STREET JOHN STREETREET|145-157 ST JOHN ST|145-157 ST JOHN STREET
ADDR_304	GROUND FLOOR 1 BAKER'S ROW
ADDR_305	3RD FLOOR 24 CHISWELL ST|3ROAD FLOOR 24 CHISWELL STREET|3RD FLOOR 24 CHISWELL STREETREET|3RD FLOOR 24 CHISWELL STREET
ADDR_306	KEMP HOUSE 160 CITY ROAD|KEMP HOUSE 160 CITY RD
ADDR_307	UNIT 36 88-90 HATTON GAROADEN|UNIT 36 88-90 HATTON GARDEN
ADDR_308	145-157 STREET JOHN STREETREET|145-157 ST JOHN ST|145-157 ST JOHN STREET
ADDR_309	CLERKENWELL WORKSHOPS 31 CLERKENWELL CLOSE
ADDR_310	"KINGSTON SMITH LLP, DEVONSHIRE HOUSE 60 GOSWELL ROAD"|"KINGSTREETON SMITH LLP, DEVONSHIRE HOUSE 60 GOSWELL ROAD"|"KINGSTON SMITH LLP, DEVONSHIRE HOUSE 60 GOSWELL RD"
ADDR_311	INTERNATIONAL HOUSE 24 HOLBORN VIADUCT
ADDR_312	THIRD FLOOR 112 CLERKENWELL ROAD|THIRD FLOOR 112 CLERKENWELL RD|THIROAD FLOOR 112 CLERKENWELL ROAD
ADDR_313	30 CITY RD|30 CITY ROAD
ADDR_314	C/O GOLDER BAQA GROUND FLOOR 1 BAKER'S ROW
ADDR_315	145-157 STREET JOHN STREETREET|145-157 ST JOHN ST|145-157 ST JOHN STREET
ADDR_316	KEMP HOUSE 152 CITY RD|KEMP HOUSE 152 CITY ROAD
ADDR_317	C/O GOLDER BAQA GROUND FLOOR 1 BAKER'S ROW
ADDR_318	DEVONSHIRE HOUSE 60 GOSWELL ROAD|DEVONSHIRE HOUSE 60 GOSWELL RD
ADDR_319	KEMP HOUSE 152-160 CITY ROAD|KEMP HOUSE 152-160 CITY RD
ADDR_320	28 ELY PLACE 3ROAD FLOOR|28 ELY PLACE 3RD FLOOR
ADDR_321	150 ALDERSGATE STREET|150 ALDERSGATE ST|150 ALDERSGATE STREETREET
ADDR_322	30 CITY RD|30 CITY ROAD
ADDR_323	145-157 STREET JOHN STREETREET|145-157 ST JOHN ST|145-157 ST JOHN STREET
ADDR_324	"152 KEMP HOUSE, CITY ROAD "|"152 KEMP HOUSE, CITY RD "
ADDR_325	145-157 STREET JOHN STREETREET|145-157 ST JOHN ST|145-157 ST JOHN STREET
ADDR_326	150 ALDERSGATE STREET|150 ALDERSGATE ST|150 ALDERSGATE STREETREET
ADDR_327	"GROUND FLOOR , 1 BAKER'S ROW"
ADDR_328	KEMP HOUSE 160 CITY ROAD|KEMP HOUSE 160 CITY RD
ADDR_329	145-157 STREET JOHN STREETREET|145-157 ST JOHN ST|145-157 ST JOHN STREET
ADDR_330	KEMP HOUSE 160 CITY ROAD|KEMP HOUSE 160 CITY RD
ADDR_331	"SUITE 34, 68 HATTON GARDEN"|"SUITE 34, 68 HATTON GAROADEN"
ADDR_332	2ND FLOOR 145-157 ST JOHN STREET|2ND FLOOR 145-157 STREET JOHN STREETREET|2ND FLOOR 145-157 ST JOHN ST
ADDR_333	4TH FLOOR CLERKS WELL HOUSE 20 BRITTON STREET|4TH FLOOR CLERKS WELL HOUSE 20 BRITTON STREETREET|4TH FLOOR CLERKS WELL HOUSE 20 BRITTON ST
ADDR_334	THIRD FLOOR 24 CHISWELL STREET|THIRD FLOOR 24 CHISWELL ST|THIROAD FLOOR 24 CHISWELL STREET|THIRD FLOOR 24 CHISWELL STREETREET
ADDR_335	3 BAKER'S ROW
ADDR_336	THIRD FLOOR 12 EASTREET PASSAGE|THIROAD FLOOR 12 EAST PASSAGE|THIRD FLOOR 12 EAST PASSAGE
ADDR_337	THIRD FLOOR 12 EASTREET PASSAGE|THIROAD FLOOR 12 EAST PASSAGE|THIRD FLOOR 12 EAST PASSAGE
ADDR_338	KEMP HOUSE 152-160 CITY ROAD|KEMP HOUSE 152-160 CITY RD
ADDR_339	SUITE 10 MINERVA HOUSE 26-27 HATTON GAROADEN|SUITE 10 MINERVA HOUSE 26-27 HATTON GARDEN
ADDR_340	152-160 CITY ROAD|152-160 CITY RD
ADDR_341	KEMP HOUSE 152-160 CITY ROAD|KEMP HOUSE 152-160 CITY RD
ADDR_342	2ND FLOOR 145-157 ST JOHN STREET|2ND FLOOR 145-157 STREET JOHN STREETREET|2ND FLOOR 145-157 ST JOHN ST
ADDR_343	88-90 HATTON GAROADEN|88-90 HATTON GARDEN
ADDR_344	KEMP HOUSE 160 CITY ROAD|KEMP HOUSE 160 CITY RD
ADDR_345	152 CITY RD|152 CITY ROAD
ADDR_346	152 CITY RD|152 CITY ROAD
ADDR_347	INTERNATIONAL HOUSE 24 HOLBORN VIADUCT
ADDR_348	88 GOLDEN LANE
ADDR_349	334 - 336 GOSWELL RD|334 - 336 GOSWELL ROAD
ADDR_350	GROUND FLOOR 1 BAKER'S ROW
ADDR_351	STREET JOHNS HOUSE 54 STREET JOHN'S SQUARE|ST JOHNS HOUSE 54 ST JOHN'S SQUARE
ADDR_352	KEMP HOUSE 152 CITY RD|KEMP HOUSE 152 CITY ROAD
ADDR_353	INTERNATIONAL HOUSE 24 HOLBORN VIADUCT
ADDR_354	39 HATTON GAROADEN|39 HATTON GARDEN
ADDR_355	BIG STUDIOS 1 EAST POULTRY AVENUENUE|BIG STREETUDIOS 1 EASTREET POULTRY AVENUE|BIG STUDIOS 1 EAST POULTRY AVE|BIG STUDIOS 1 EAST POULTRY AVENUE
ADDR_356	GROUND FLOOR 1 BAKER'S ROW
ADDR_357	UNIT 34 HATTON GAROADEN|UNIT 34 HATTON GARDEN
ADDR_358	137-139 WHITECROSS STREETREET|137-139 WHITECROSS STREET|137-139 WHITECROSS ST
ADDR_359	28 ELY PLACE 3ROAD FLOOR|28 ELY PLACE 3RD FLOOR
ADDR_360	KLACO HOUSE 28-30 ST JOHN'S SQUARE|KLACO HOUSE 28-30 STREET JOHN'S SQUARE
ADDR_361	KEMP HOUSE 160 CITY ROAD|KEMP HOUSE 160 CITY RD
ADDR_362	BIG STUDIOS 1 EAST POULTRY AVENUENUE|BIG STREETUDIOS 1 EASTREET POULTRY AVENUE|BIG STUDIOS 1 EAST POULTRY AVE|BIG STUDIOS 1 EAST POULTRY AVENUE
ADDR_363	33 HOLBORN
ADDR_364	INTERNATIONAL HOUSE 24 HOLBORN VIADUCT
ADDR_365	THIRD FLOOR 111 CHARTERHOUSE STREETREET|THIRD FLOOR 111 CHARTERHOUSE STREET|THIRD FLOOR 111 CHARTERHOUSE ST|THIROAD FLOOR 111 CHARTERHOUSE STREET
ADDR_366	145-157 STREET JOHN STREETREET|145-157 ST JOHN ST|145-157 ST JOHN STREET
ADDR_367	KEMP HOUSE 160 CITY ROAD|KEMP HOUSE 160 CITY RD
ADDR_368	30 ELY PLACE THIRD FLOOR OFFICE 30 ELY PLACE|30 ELY PLACE THIROAD FLOOR OFFICE 30 ELY PLACE
ADDR_369	17TH FLOOR 200 ALDERSGATE ST|17TH FLOOR 200 ALDERSGATE STREET|17TH FLOOR 200 ALDERSGATE STREETREET
ADDR_370	KEMP HOUSE 160 CITY ROAD|KEMP HOUSE 160 CITY RD
ADDR_371	145-157 STREET JOHN STREETREET|145-157 ST JOHN ST|145-157 ST JOHN STREET
ADDR_372	145-147 ST. JOHN STREET|145-147 ST. JOHN ST|145-147 STREET. JOHN STREETREET
ADDR_373	INTERNATIONAL HOUSE 24 HOLBORN VIADUCT
ADDR_374	KEMP HOUSE 160 CITY ROAD|KEMP HOUSE 160 CITY RD
ADDR_375	INTERNATIONAL HOUSE 24 HOLBORN VIADUCT
ADDR_376	KEMP HOUSE 152 CITY RD|KEMP HOUSE 152 CITY ROAD
ADDR_377	KEMP HOUSE 152 CITY RD|KEMP HOUSE 152 CITY ROAD
ADDR_378	GROUND FLOOR 1 BAKER'S ROW
ADDR_379	GROUND FLOOR 1 BAKER'S ROW
ADDR_380	KEMP HOUSE 152 CITY RD|KEMP HOUSE 152 CITY ROAD
ADDR_381	LASER HOUSE 132-140 GOSWELL RD|LASER HOUSE 132-140 GOSWELL ROAD
ADDR_382	KEMP HOUSE 152-160 CITY ROAD|KEMP HOUSE 152-160 CITY RD
ADDR_383	KEMP HOUSE 160 CITY ROAD|KEMP HOUSE 160 CITY RD
ADDR_384	33 EYRE ST HILL|33 EYRE STREET HILL|33 EYRE STREETREET HILL
ADDR_385	LASER HOUSE 132-140 GOSWELL RD|LASER HOUSE 132-140 GOSWELL ROAD
ADDR_386	28 ELY PLACE
ADDR_387	KEMP HOUSE 160 CITY ROAD|KEMP HOUSE 160 CITY RD
ADDR_388	OFFICE 36 88-90 HATTON GAROADEN|OFFICE 36 88-90 HATTON GARDEN
ADDR_389	SILK HOUSE 61A GEE STREETREET|SILK HOUSE 61A GEE STREET|SILK HOUSE 61A GEE ST
ADDR_390	02-Jul CLERKENWELL GREEN
ADDR_391	SUITE 36 88-90 HATTON GAROADEN|SUITE 36 88-90 HATTON GARDEN
ADDR_392	145-157 STREET JOHN STREETREET|145-157 ST JOHN ST|145-157 ST JOHN STREET
ADDR_393	145-157 STREET JOHN STREETREET|145-157 ST JOHN ST|145-157 ST JOHN STREET
ADDR_394	1 CHARTERHOUSE MEWS
ADDR_395	UNIT 36 88-90 HATTON GAROADEN|UNIT 36 88-90 HATTON GARDEN
ADDR_396	KEMP HOUSE 160 CITY ROAD|KEMP HOUSE 160 CITY RD
ADDR_397	KEMP HOUSE 152 CITY RD|KEMP HOUSE 152 CITY ROAD
ADDR_398	KEMP HOUSE 152-160 CITY ROAD|KEMP HOUSE 152-160 CITY RD
ADDR_399	"BIG STUDIOS, 1 EAST POULTRY AVENUE"|"BIG STUDIOS, 1 EAST POULTRY AVENUENUE"|"BIG STUDIOS, 1 EAST POULTRY AVE"|"BIG STREETUDIOS, 1 EASTREET POULTRY AVENUE"
ADDR_400	FIRSTREET FLOOR THAVIES INN HOUSE 3-4 HOLBORN CIRCUS|FIRST FLOOR THAVIES INN HOUSE 3-4 HOLBORN CIRCUS
ADDR_401	35-39 4TH FLOOR OLD ST|35-39 4TH FLOOR OLD STREETREET|35-39 4TH FLOOR OLD STREET
ADDR_402	3 BUNHILL ROW
ADDR_403	KEMP HOUSE 160 CITY ROAD|KEMP HOUSE 160 CITY RD
ADDR_404	KEMP HOUSE 160 CITY ROAD|KEMP HOUSE 160 CITY RD
ADDR_405	INTERNATIONAL HOUSE 24 HOLBORN VIADUCT
ADDR_406	INTERNATIONAL HOUSE 24 HOLBORN VIADUCT
ADDR_407	34 NEW HOUSE 67-68 HATTON GAROADEN|34 NEW HOUSE 67-68 HATTON GARDEN
ADDR_408	DEVONSHIRE HOUSE 60 GOSWELL ROAD|DEVONSHIRE HOUSE 60 GOSWELL RD
ADDR_409	INTERNATIONAL HOUSE 24 HOLBORN VIADUCT
ADDR_410	SUITE 48 88-90 HATTON GARDEN|SUITE 48 88-90 HATTON GAROADEN
ADDR_411	FIRST FLOOR THAVIES INN HOUSE / 3-4 HOLBORN CIRCUS|FIRSTREET FLOOR THAVIES INN HOUSE / 3-4 HOLBORN CIRCUS
ADDR_412	145-157 STREET JOHN STREETREET|145-157 ST JOHN ST|145-157 ST JOHN STREET
ADDR_413	145-157 STREET JOHN STREETREET|145-157 ST JOHN ST|145-157 ST JOHN STREET
ADDR_414	KEMP HOUSE 160 CITY ROAD|KEMP HOUSE 160 CITY RD
ADDR_415	15 BOWLING GREEN LANE
ADDR_416	KEMP HOUSE 152 CITY RD|KEMP HOUSE 152 CITY ROAD
ADDR_417	145-157 STREET JOHN STREETREET|145-157 ST JOHN ST|145-157 ST JOHN STREET
ADDR_418	BM ADVISORY LLLP 82 ST JOHN ST|BM ADVISORY LLLP 82 ST JOHN STREET|BM ADVISORY LLLP 82 STREET JOHN STREETREET
ADDR_419	16 ST. MARTIN'S LE GRAND|16 STREET. MARTIN'S LE GRAND
ADDR_420	INTERNATIONAL HOUSE 24 HOLBORN VIADUCT
ADDR_421	1 EAST POULTRY AVE EAST POULTRY AVE FIRST FLOOR|1 EAST POULTRY AVENUE EAST POULTRY AVENUE FIRST FLOOR|1 EAST POULTRY AVENUENUE EAST POULTRY AVENUENUE FIRST FLOOR|1 EASTREET POULTRY AVENUE EASTREET POULTRY AVENUE FIRSTREET FLOOR
ADDR_422	21 HOLBORN VIADUCT
ADDR_423	KEMP HOUSE 160 CITY ROAD|KEMP HOUSE 160 CITY RD
ADDR_424	KEMP HOUSE 152 - 160 CITY ROAD|KEMP HOUSE 152 - 160 CITY RD
ADDR_425	KEMP HOUSE 152-160 CITY ROAD|KEMP HOUSE 152-160 CITY RD
ADDR_426	KEMP HOUSE 160 CITY ROAD|KEMP HOUSE 160 CITY RD
ADDR_427	7 PEARTREE ST|7 PEARTREE STREETREET|7 PEARTREE STREET
ADDR_428	KEMP HOUSE 152 CITY RD|KEMP HOUSE 152 CITY ROAD
ADDR_429	LASER HOUSE 132-140 GOSWELL RD|LASER HOUSE 132-140 GOSWELL ROAD
ADDR_430	145-157 ST. JOHN ST|145-157 ST. JOHN STREET|145-157 STREET. JOHN STREETREET
ADDR_431	84 ST. JOHN ST|84 ST. JOHN STREET|84 STREET. JOHN STREETREET
ADDR_432	OFFICE 36 88-90 HATTON GAROADEN|OFFICE 36 88-90 HATTON GARDEN
ADDR_433	145-157 STREET JOHN STREETREET|145-157 ST JOHN ST|145-157 ST JOHN STREET
ADDR_434	APEX HOUSE 24 59 BUNHILL ROW
ADDR_435	34 NEW HOUSE 67-68 HATTON GAROADEN|34 NEW HOUSE 67-68 HATTON GARDEN
ADDR_436	80 OLD STREET|80 OLD ST|80 OLD STREETREET
ADDR_437	WHITE BEAR YARD 144A CLERKENWELL RD|WHITE BEAR YAROAD 144A CLERKENWELL ROAD|WHITE BEAR YARD 144A CLERKENWELL ROAD
ADDR_438	KEMP HOUSE 160 CITY ROAD|KEMP HOUSE 160 CITY RD
ADDR_439	KEMP HOUSE 160 CITY ROAD|KEMP HOUSE 160 CITY RD
ADDR_440	KEMP HOUSE 160 CITY ROAD|KEMP HOUSE 160 CITY RD
ADDR_441	THIRD FLOOR 112 CLERKENWELL ROAD|THIRD FLOOR 112 CLERKENWELL RD|THIROAD FLOOR 112 CLERKENWELL ROAD
ADDR_442	KEMP HOUSE 160 CITY ROAD|KEMP HOUSE 160 CITY RD
ADDR_443	DEVONSHIRE HOUSE 60 GOSWELL ROAD|DEVONSHIRE HOUSE 60 GOSWELL RD
ADDR_444	1 OLIVER'S YARD 55-71 CITY ROAD|1 OLIVER'S YAROAD 55-71 CITY ROAD|1 OLIVER'S YARD 55-71 CITY RD
ADDR_445	200 ALDERSGATE ALDERSGATE STREET|200 ALDERSGATE ALDERSGATE STREETREET|200 ALDERSGATE ALDERSGATE ST
ADDR_446	GROUND FLOOR 1 BAKER'S ROW
ADDR_447	UNIT 34 67-68 HATTON GARDEN NEW HOUSE|UNIT 34 67-68 HATTON GAROADEN NEW HOUSE
ADDR_448	KEMP HOUSE 152-160 CITY ROAD|KEMP HOUSE 152-160 CITY RD
ADDR_449	C/O CAYOS CONSULTING SERVICES 40 BOWLING GREEN LANE
ADDR_450	C/O TOBIN ASSOCIATES 4TH FLOOR
ADDR_451	PREMIER HOUSE 12-13 HATTON GAROADEN|PREMIER HOUSE 12-13 HATTON GARDEN
ADDR_452	145-157 STREET JOHN STREETREET|145-157 ST JOHN ST|145-157 ST JOHN STREET
ADDR_453	KEMP HOUSE 152/160 CITY RD|KEMP HOUSE 152/160 CITY ROAD
ADDR_454	"INTERNATIONAL HOUSE, 24 HOLBORN VIADUCT"
ADDR_455	FLAT 1 61 MYDDELTON SQUARE
ADDR_456	17-18 AYLESBURY STREETREET|17-18 AYLESBURY ST|17-18 AYLESBURY STREET
ADDR_457	KEMP HOUSE 152-160 CITY ROAD|KEMP HOUSE 152-160 CITY RD
ADDR_458	15 BOWLING GREEN LANE
ADDR_459	KEMP HOUSE 160 CITY ROAD|KEMP HOUSE 160 CITY RD
ADDR_460	145-157 STREET JOHN STREETREET|145-157 ST JOHN ST|145-157 ST JOHN STREET
ADDR_461	30 CITY RD|30 CITY ROAD
ADDR_462	145-157 STREET JOHN STREETREET|145-157 ST JOHN ST|145-157 ST JOHN STREET
ADDR_463	KEMP HOUSE 152 CITY RD|KEMP HOUSE 152 CITY ROAD
ADDR_464	145-157 STREET JOHN STREETREET|145-157 ST JOHN ST|145-157 ST JOHN STREET
ADDR_465	335 CITY ROAD|335 CITY RD
ADDR_466	THE JOHNSON BUILDING 77 HATTON GARDEN|THE JOHNSON BUILDING 77 HATTON GAROADEN
ADDR_467	KEMP HOUSE 160 CITY ROAD|KEMP HOUSE 160 CITY RD
ADDR_468	KEMP HOUSE 152-160 CITY ROAD|KEMP HOUSE 152-160 CITY RD
ADDR_469	KEMP HOUSE 160 CITY ROAD|KEMP HOUSE 160 CITY RD
ADDR_470	KEMP HOUSE 152 CITY RD|KEMP HOUSE 152 CITY ROAD
ADDR_471	"THIRD FLOOR, 24 CHISWELL ST"|"THIROAD FLOOR, 24 CHISWELL STREET"|"THIRD FLOOR, 24 CHISWELL STREET"|"THIRD FLOOR, 24 CHISWELL STREETREET"
ADDR_472	74 FLORIN COURT 6-9 CHARTERHOUSE SQUARE
ADDR_473	"SUITES 1.04 AND 1.05, EAGLE HOUSE 167 CITY ROAD"|"SUITES 1.04 AND 1.05, EAGLE HOUSE 167 CITY RD"
ADDR_474	KEMP HOUSE CITY RD|KEMP HOUSE CITY ROAD
ADDR_475	145-157 STREET JOHN STREETREET|145-157 ST JOHN ST|145-157 ST JOHN STREET
ADDR_476	KEMP HOUSE 160 CITY ROAD|KEMP HOUSE 160 CITY RD
ADDR_477	DEVONSHIRE HOUSE 60 GOSWELL ROAD|DEVONSHIRE HOUSE 60 GOSWELL RD
ADDR_478	10 COLDBATH SQUARE
ADDR_479	145-157 ST. JOHN ST|145-157 ST. JOHN STREET|145-157 STREET. JOHN STREETREET
ADDR_480	KEMP HOUSE 160 CITY ROAD|KEMP HOUSE 160 CITY RD
ADDR_481	KEMP HOUSE 160 CITY ROAD|KEMP HOUSE 160 CITY RD
ADDR_482	KEMP HOUSE 152-160 CITY ROAD|KEMP HOUSE 152-160 CITY RD
ADDR_483	THIRD FLOOR 24 CHISWELL STREET|THIRD FLOOR 24 CHISWELL ST|THIROAD FLOOR 24 CHISWELL STREET|THIRD FLOOR 24 CHISWELL STREETREET
ADDR_484	KEMP HOUSE 160 CITY ROAD|KEMP HOUSE 160 CITY RD
ADDR_485	INTERNATIONAL HOUSE 24 HOLBORN VIADUCT LONDON|INTERNATIONAL HOUSE 24 HOLBORN VIADUCT CITY OF CITY OF LONDON|INTERNATIONAL HOUSE 24 HOLBORN VIADUCT CITY OF LONDON
ADDR_486	"INTERNATIONAL HOUSE, 24 HOLBORN VIADUCT"
ADDR_487	KEMP HOUSE 152 CITY RD|KEMP HOUSE 152 CITY ROAD
ADDR_488	6.4 ZIGGURAT BUILDING 60-66 SAFFRON HILL
ADDR_489	145-157 STREET JOHN STREETREET|145-157 ST JOHN ST|145-157 ST JOHN STREET
ADDR_490	UNIT 410 27-31 CLERKENWELL CLOSE
ADDR_491	34 NEW HOUSE HATTON GARDEN|34 NEW HOUSE HATTON GAROADEN
ADDR_492	145-157 STREET JOHN STREETREET|145-157 ST JOHN ST|145-157 ST JOHN STREET
ADDR_493	UNIT 36 / SUITE 36 / OFFICE 36 UNIT 36 / SUITE 36 / OFFICE 36 88 - 90 HATTON GAROADEN|UNIT 36 / SUITE 36 / OFFICE 36 UNIT 36 / SUITE 36 / OFFICE 36 88 - 90 HATTON GARDEN
ADDR_494	KEMP HOUSE 152-160 CITY ROAD|KEMP HOUSE 152-160 CITY RD
ADDR_495	145-157 STREET JOHN STREETREET|145-157 ST JOHN ST|145-157 ST JOHN STREET
ADDR_496	KEMP HOUSE 152 CITY RD|KEMP HOUSE 152 CITY ROAD
ADDR_497	24 HOLBORN VIADUCT
ADDR_498	145-157 ST. JOHN ST|145-157 ST. JOHN STREET|145-157 STREET. JOHN STREETREET
ADDR_499	SUITE 48 88-90 HATTON GARDEN|SUITE 48 88-90 HATTON GAROADEN
ADDR_500	145-157 STREET JOHN STREETREET|145-157 ST JOHN ST|145-157 ST JOHN STREET
ADDR_501	34 NEW HOUSE 67-68 HATTON GAROADEN|34 NEW HOUSE 67-68 HATTON GARDEN
ADDR_502	GROUND FLOOR 1 BAKER'S ROW
ADDR_503	270 DANCE SQUARE
ADDR_504	GROUND FLOOR 1 BAKER'S ROW
ADDR_505	2ND FLOOR 145-157 ST JOHN STREET|2ND FLOOR 145-157 STREET JOHN STREETREET|2ND FLOOR 145-157 ST JOHN ST
ADDR_506	145-157 STREET JOHN STREETREET|145-157 ST JOHN ST|145-157 ST JOHN STREET
ADDR_507	INTERNATIONAL HOUSE 24 HOLBORN VIADUCT
ADDR_508	PRINCE CONSORT HOUSE 109-111 FARRINGDON RD|PRINCE CONSORT HOUSE 109-111 FARRINGDON ROAD
ADDR_509	3RD FLOOR 28 ELY PLACE|3ROAD FLOOR 28 ELY PLACE
ADDR_510	UNIT2 5 BALDWIN STREET|UNIT2 5 BALDWIN ST|UNIT2 5 BALDWIN STREETREET
ADDR_511	3RD FLOOR 24 CHISWELL ST|3ROAD FLOOR 24 CHISWELL STREET|3RD FLOOR 24 CHISWELL STREETREET|3RD FLOOR 24 CHISWELL STREET
ADDR_512	HOXTON MIX 86-90 PAUL ST|HOXTON MIX 86-90 PAUL STREET
ADDR_513	"INTERNATIONAL HOUSE, 24 HOLBORN VIADUCT HOLBORN VIADUCT"
ADDR_514	KEMP HOUSE CITY RD|KEMP HOUSE CITY ROAD
ADDR_515	15 BOWLING GREEN LANE
ADDR_516	C/O GOLDER BAQA GROUND FLOOR 1 BAKER'S ROW
ADDR_517	27-31 CLERKENWELL CLOSE
ADDR_518	160 CITY ROAD KEMP HOUSE|160 CITY RD KEMP HOUSE
ADDR_519	52 KINGSWAY PLACE SANS WALK
ADDR_520	345 OLD ST|345 OLD STREETREET|345 OLD STREET
ADDR_521	1-3 DUFFERIN STREET|1-3 DUFFERIN STREETREET|1-3 DUFFERIN ST
ADDR_522	15 BOWLING GREEN LANE
ADDR_523	KEMP HOUSE 160 CITY ROAD|KEMP HOUSE 160 CITY RD
ADDR_524	359 GOSWELL ROAD|359 GOSWELL RD
ADDR_525	DEVONSHIRE HOUSE 60 GOSWELL ROAD|DEVONSHIRE HOUSE 60 GOSWELL RD
ADDR_526	15 BOWLING GREEN LANE
ADDR_527	DEVONSHIRE HOUSE 60 GOSWELL ROAD|DEVONSHIRE HOUSE 60 GOSWELL RD
ADDR_528	CAPITAL OFFICE 152 CITY RD|CAPITAL OFFICE 152 CITY ROAD
ADDR_529	KEMP HOUSE 152 CITY RD|KEMP HOUSE 152 CITY ROAD
ADDR_530	"KEMP HOUSE, 152-160 CITY ROAD CITY ROAD"|"KEMP HOUSE, 152-160 CITY RD CITY RD"
ADDR_531	DYNAMIS HOUSE 6-8 SYCAMORE STREET|DYNAMIS HOUSE 6-8 SYCAMORE STREETREET|DYNAMIS HOUSE 6-8 SYCAMORE ST
ADDR_532	KEMP HOUSE 160 CITY ROAD|KEMP HOUSE 160 CITY RD
ADDR_533	145-157 STREET JOHN STREETREET|145-157 ST JOHN ST|145-157 ST JOHN STREET
ADDR_534	31B ADEYFIELD HOUSE CRANWOOD STREETREET|31B ADEYFIELD HOUSE CRANWOOD STREET|31B ADEYFIELD HOUSE CRANWOOD ST
ADDR_535	KEMP HOUSE 160 CITY ROAD|KEMP HOUSE 160 CITY RD
ADDR_536	195 WHITECROSS ST|195 WHITECROSS STREET|195 WHITECROSS STREETREET
ADDR_537	3RD FLOOR 24 CHISWELL ST|3ROAD FLOOR 24 CHISWELL STREET|3RD FLOOR 24 CHISWELL STREETREET|3RD FLOOR 24 CHISWELL STREET
ADDR_538	30 CITY RD|30 CITY ROAD
ADDR_539	SUITE 1A 1 LINDSEY ST|SUITE 1A 1 LINDSEY STREET|SUITE 1A 1 LINDSEY STREETREET
ADDR_540	2ND FLOOR 197 CITY ROAD|2ND FLOOR 197 CITY RD
ADDR_541	145-157 STREET JOHN STREETREET|145-157 ST JOHN ST|145-157 ST JOHN STREET
ADDR_542	KEMP HOUSE 160 CITY ROAD|KEMP HOUSE 160 CITY RD
ADDR_543	145-157 STREET JOHN STREETREET|145-157 ST JOHN ST|145-157 ST JOHN STREET
ADDR_544	SUITE 48 88-90 HATTON GARDEN|SUITE 48 88-90 HATTON GAROADEN
ADDR_545	OFFICE 36 88-90 HATTON GAROADEN|OFFICE 36 88-90 HATTON GARDEN
ADDR_546	80 - 83 LONG LANE
ADDR_547	KEMP HOUSE 160 CITY ROAD|KEMP HOUSE 160 CITY RD
ADDR_548	KEMP HOUSE 152 CITY RD|KEMP HOUSE 152 CITY ROAD
ADDR_549	KEMP HOUSE CITY RD|KEMP HOUSE CITY ROAD
ADDR_550	145-157 STREET JOHN STREETREET|145-157 ST JOHN ST|145-157 ST JOHN STREET
ADDR_551	INTERNATIONAL HOUSE 24 HOLBORN VIADUCT
ADDR_552	INTERNATIONAL HOUSE 24 HOLBORN VIADUCT
ADDR_553	1892 BUILDING 47 KINGSWAY PLACE
ADDR_554	INTERNATIONAL HOUSE 24 HOLBORN VIADUCT
ADDR_555	GROUND FLOOR WHITE BEAR YARD 144A CLERKENWELL ROAD|GROUND FLOOR WHITE BEAR YAROAD 144A CLERKENWELL ROAD|GROUND FLOOR WHITE BEAR YARD 144A CLERKENWELL RD
ADDR_556	KEMP HOUSE 160 CITY ROAD|KEMP HOUSE 160 CITY RD
ADDR_557	12-14 BERRY STREETREET CLERKENWELL|12-14 BERRY ST CLERKENWELL|12-14 BERRY STREET CLERKENWELL
ADDR_558	12-14 BERRY STREETREET CLERKENWELL|12-14 BERRY ST CLERKENWELL|12-14 BERRY STREET CLERKENWELL
ADDR_559	3ROAD FLOOR 49 FARRINGDON ROAD|3RD FLOOR 49 FARRINGDON ROAD|3RD FLOOR 49 FARRINGDON RD
ADDR_560	17-18 AYLESBURY STREETREET|17-18 AYLESBURY ST|17-18 AYLESBURY STREET
ADDR_561	145-157 STREET JOHN STREETREET|145-157 ST JOHN ST|145-157 ST JOHN STREET
ADDR_562	KEMP HOUSE 152 CITY RD|KEMP HOUSE 152 CITY ROAD
ADDR_563	KEMP HOUSE 152 CITY RD|KEMP HOUSE 152 CITY ROAD
ADDR_564	"KEMP HOUSE, 152-160 CITY ROAD"|"KEMP HOUSE, 152-160 CITY RD"
ADDR_565	KEMP HOUSE 152 - 160 CITY ROAD|KEMP HOUSE 152 - 160 CITY RD
ADDR_566	KEMP HOUSE 152 CITY RD|KEMP HOUSE 152 CITY ROAD
ADDR_567	11 AMWELL STREET|11 AMWELL STREETREET|11 AMWELL ST
ADDR_568	145-157 STREET JOHN STREETREET|145-157 ST JOHN ST|145-157 ST JOHN STREET
ADDR_569	SUITE 48 88-90 HATTON GARDEN|SUITE 48 88-90 HATTON GAROADEN
ADDR_570	145-157 STREET JOHN STREETREET|145-157 ST JOHN ST|145-157 ST JOHN STREET
ADDR_571	KEMP HOUSE 152-160 CITY ROAD|KEMP HOUSE 152-160 CITY RD
ADDR_572	DIRECT ACCOUNTANTS UK LIMITED WHITECROSS ST 137-139|DIRECT ACCOUNTANTS UK LIMITED WHITECROSS STREETREET 137-139|DIRECT ACCOUNTANTS UK LIMITED WHITECROSS STREET 137-139|DIRECT ACCOUNTANTS UK LTD WHITECROSS STREET 137-139
ADDR_573	THIRD FLOOR 111 CHARTERHOUSE STREETREET|THIRD FLOOR 111 CHARTERHOUSE STREET|THIRD FLOOR 111 CHARTERHOUSE ST|THIROAD FLOOR 111 CHARTERHOUSE STREET
ADDR_574	2ND FLOOR 197 CITY ROAD|2ND FLOOR 197 CITY RD
ADDR_575	1 BAKER'S ROW
ADDR_576	SUITE 48 88-90 HATTON GARDEN|SUITE 48 88-90 HATTON GAROADEN
ADDR_577	4TH FLOOR CLERK'S WELL HOUSE 20 BRITTON STREET|4TH FLOOR CLERK'S WELL HOUSE 20 BRITTON STREETREET|4TH FLOOR CLERK'S WELL HOUSE 20 BRITTON ST
ADDR_578	KEMP HOUSE 160 CITY ROAD|KEMP HOUSE 160 CITY RD
ADDR_579	CLERKS COURT 5TH FLOOR 18-20 FARRINGDON LANE
ADDR_580	145-157 STREET JOHN STREETREET|145-157 ST JOHN ST|145-157 ST JOHN STREET
ADDR_581	INTERNATIONAL HOUSE 24 HOLBORN VIADUCT
ADDR_582	231 ROSDEN HOUSE 372 OLD STREET|231 ROSDEN HOUSE 372 OLD ST|231 ROSDEN HOUSE 372 OLD STREETREET
ADDR_583	130 OLD STREETREET|130 OLD ST|130 OLD STREET
ADDR_584	145-157 STREET JOHN STREETREET|145-157 ST JOHN ST|145-157 ST JOHN STREET
ADDR_585	2ND FLOOR 145-157 STREET.JOHN STREETREET|2ND FLOOR 145-157 ST.JOHN ST|2ND FLOOR 145-157 ST.JOHN STREET
ADDR_586	CHALLONER HOUSE 19 CLERKENWELL CLOSE
ADDR_587	FINSGATE 5-7 CRANWOOD ST|FINSGATE 5-7 CRANWOOD STREET|FINSGATE 5-7 CRANWOOD STREETREET
ADDR_588	4 DOMECQ HOUSE 12 DALLINGTON STREET|4 DOMECQ HOUSE 12 DALLINGTON STREETREET|4 DOMECQ HOUSE 12 DALLINGTON ST
ADDR_589	KEMP HOUSE 152-160 CITY ROAD|KEMP HOUSE 152-160 CITY RD
ADDR_590	152 CITY RD|152 CITY ROAD
ADDR_591	1 CHARTERHOUSE MEWS
ADDR_592	145-157 STREET JOHN STREETREET|145-157 ST JOHN ST|145-157 ST JOHN STREET
ADDR_593	150 ALDERSGATE STREET|150 ALDERSGATE ST|150 ALDERSGATE STREETREET
ADDR_594	UG06 14 GREVILLE STREET|UG06 14 GREVILLE ST|UG06 14 GREVILLE STREETREET
ADDR_595	146B ST. JOHN ST|146B STREET. JOHN STREETREET|146B ST. JOHN STREET
ADDR_596	200 ALDERSGATE ST|200 ALDERSGATE STREET|200 ALDERSGATE STREETREET
ADDR_597	FINSGATE 5-7 CRANWOOD ST|FINSGATE 5-7 CRANWOOD STREET|FINSGATE 5-7 CRANWOOD STREETREET
ADDR_598	INTERNATIONAL HOUSE 24 HOLBORN VIADUCT
ADDR_599	KLACO HOUSE 28-30 ST JOHNS SQUARE|KLACO HOUSE 28-30 STREET JOHNS SQUARE
ADDR_600	SAFFRON HOUSE 6-10 KIRBY ST|SAFFRON HOUSE 6-10 KIRBY STREETREET|SAFFRON HOUSE 6-10 KIRBY STREET
ADDR_601	INTERNATIONAL HOUSE 24 HOLBORN VIADUCT
ADDR_602	UNIT 34 67-68 HATTON GARDEN|UNIT 34 67-68 HATTON GAROADEN
ADDR_603	INTERNATIONAL HOUSE 24 HOLBORN VIADUCT
ADDR_604	152-160 CITY ROAD|152-160 CITY RD
ADDR_605	144A CLERKENWELL RD|144A CLERKENWELL ROAD
ADDR_606	21 HOLBORN VIADUCT
ADDR_607	130 OLD STREETREET|130 OLD ST|130 OLD STREET
ADDR_608	FLAT 28 BREWERS BUILDINGS RAWSTORNE ST|FLAT 28 BREWERS BUILDINGS RAWSTREETORNE STREETREET|FLAT 28 BREWERS BUILDINGS RAWSTORNE STREET
ADDR_609	2ND FLOOR WHITE BEAR YARD 144A CLERKENWELL ROAD|2ND FLOOR WHITE BEAR YARD 144A CLERKENWELL RD|2ND FLOOR WHITE BEAR YAROAD 144A CLERKENWELL ROAD
ADDR_610	BIG STUDIOS 1 EAST POULTRY AVENUENUE|BIG STREETUDIOS 1 EASTREET POULTRY AVENUE|BIG STUDIOS 1 EAST POULTRY AVE|BIG STUDIOS 1 EAST POULTRY AVENUE
ADDR_611	GATE HOUSE 1 ST. JOHN'S SQUARE|GATE HOUSE 1 STREET. JOHN'S SQUARE
ADDR_612	5 STREET. JOHN'S LANE|5 ST. JOHN'S LANE
ADDR_613	BENTIMA HOUSE 168-172 OLD ST|BENTIMA HOUSE 168-172 OLD STREETREET|BENTIMA HOUSE 168-172 OLD STREET
ADDR_614	145-157 STREET JOHN STREETREET|145-157 ST JOHN ST|145-157 ST JOHN STREET
ADDR_615	145-157 STREET JOHN STREETREET|145-157 ST JOHN ST|145-157 ST JOHN STREET
ADDR_616	THIRD FLOOR 24 CHISWELL STREET|THIRD FLOOR 24 CHISWELL ST|THIROAD FLOOR 24 CHISWELL STREET|THIRD FLOOR 24 CHISWELL STREETREET
ADDR_617	KEMP HOUSE 160 CITY ROAD|KEMP HOUSE 160 CITY RD
ADDR_618	KEMP HOUSE 152-160 CITY ROAD|KEMP HOUSE 152-160 CITY RD
ADDR_619	150 ALDERSGATE STREET|150 ALDERSGATE ST|150 ALDERSGATE STREETREET
ADDR_620	UNIT 27-28 ANGEL GATE
ADDR_621	160 CITY ROAD KEMP HOUSE|160 CITY RD KEMP HOUSE
ADDR_622	KEMP HOUSE 152-160 CITY ROAD|KEMP HOUSE 152-160 CITY RD
ADDR_623	1 CHARTERHOUSE MEWS
ADDR_624	SUITE 36 88-90 HATTON GAROADEN|SUITE 36 88-90 HATTON GARDEN
ADDR_625	145-157 STREET JOHN STREETREET|145-157 ST JOHN ST|145-157 ST JOHN STREET
ADDR_626	82 ST. JOHN STREET|82 ST. JOHN ST|82 STREET. JOHN STREETREET
ADDR_627	CAPITAL OFFICE KEMP HOUSE 152-160 CITY RD OLD STREET|CAPITAL OFFICE KEMP HOUSE 152-160 CITY ROAD OLD ST|CAPITAL OFFICE KEMP HOUSE 152-160 CITY ROAD OLD STREETREET|CAPITAL OFFICE KEMP HOUSE 152-160 CITY ROAD OLD STREET
ADDR_628	KEMP HOUSE 160 CITY ROAD|KEMP HOUSE 160 CITY RD
ADDR_629	KEMP HOUSE 152 CITY RD|KEMP HOUSE 152 CITY ROAD
ADDR_630	130 OLD STREETREET|130 OLD ST|130 OLD STREET
ADDR_631	INTERNATIONAL HOUSE HOLBORN VIADUCT
ADDR_632	THE JOHNSON BUILDING 77 HATTON GARDEN|THE JOHNSON BUILDING 77 HATTON GAROADEN
ADDR_633	FLAT 1 100 LEATHER LANE
ADDR_634	28 ELY PLACE 3ROAD FLOOR|28 ELY PLACE 3RD FLOOR
ADDR_635	KEMP HOUSE 152 CITY RD|KEMP HOUSE 152 CITY ROAD
ADDR_636	C/O GOLDER BAQA GROUND FLOOR 1 BAKER'S ROW
ADDR_637	DEVONSHIRE HOUSE 60 GOSWELL ROAD|DEVONSHIRE HOUSE 60 GOSWELL RD
ADDR_638	OFFICE 36 88-90 HATTON GAROADEN|OFFICE 36 88-90 HATTON GARDEN
ADDR_639	KEMP HOUSE 160 CITY ROAD|KEMP HOUSE 160 CITY RD
ADDR_640	KEMP HOUSE 160 CITY ROAD|KEMP HOUSE 160 CITY RD
ADDR_641	26-28 BARTHOLOMEW SQUARE SUITE 1
ADDR_642	150 ALDERSGATE STREET|150 ALDERSGATE ST|150 ALDERSGATE STREETREET
ADDR_643	150 ALDERSGATE STREET|150 ALDERSGATE ST|150 ALDERSGATE STREETREET
ADDR_644	145-157 STREET JOHN STREETREET|145-157 ST JOHN ST|145-157 ST JOHN STREET
ADDR_645	INTERNATIONAL HOUSE 24 HOLBORN VIADUCT
ADDR_646	KEMP HOUSE 160 CITY ROAD|KEMP HOUSE 160 CITY RD
ADDR_647	31A CLERKENWELL CLOSE
ADDR_648	FLAT 2 1 TYSOE STREET|FLAT 2 1 TYSOE STREETREET|FLAT 2 1 TYSOE ST
ADDR_649	FINSGATE CRANWOOD STREET|FINSGATE CRANWOOD STREETREET|FINSGATE CRANWOOD ST
ADDR_650	50 FARRINGDON RD GROUND FLOOR|50 FARRINGDON ROAD GROUND FLOOR
ADDR_651	4TH FLOOR 1-5 CLERKENWELL RD|4TH FLOOR 1-5 CLERKENWELL ROAD
ADDR_652	3ROAD FLOOR 12 EAST PASSAGE|3RD FLOOR 12 EASTREET PASSAGE|3RD FLOOR 12 EAST PASSAGE
ADDR_653	INTERNATIONAL HOUSE 24 HOLBORN VIADUCT
ADDR_654	INTERNATIONAL HOUSE 24 HOLBORN VIADUCT
ADDR_655	2ND FLOOR 145-157 ST JOHN STREET|2ND FLOOR 145-157 STREET JOHN STREETREET|2ND FLOOR 145-157 ST JOHN ST
ADDR_656	KEMP HOUSE 160 CITY ROAD|KEMP HOUSE 160 CITY RD
ADDR_657	GROUND FLOOR 1 BAKER'S ROW
ADDR_658	81 NEWGATE ST|81 NEWGATE STREETREET|81 NEWGATE STREET
ADDR_659	KEMP HOUSE 160 CITY ROAD|KEMP HOUSE 160 CITY RD
ADDR_660	KEMP HOUSE 152 CITY RD|KEMP HOUSE 152 CITY ROAD
ADDR_661	"OFFICE 34, NEW HOUSE 67-68 HATTON GAROADEN"|"OFFICE 34, NEW HOUSE 67-68 HATTON GARDEN"
ADDR_662	KEMP HOUSE 160 CITY ROAD|KEMP HOUSE 160 CITY RD
ADDR_663	145-157 STREET JOHN STREETREET|145-157 ST JOHN ST|145-157 ST JOHN STREET
ADDR_664	"10 GASTIGNY HOUSE PLEYDELL ESTATE, LEVER STREET"|"10 GASTIGNY HOUSE PLEYDELL ESTATE, LEVER ST"|"10 GASTREETIGNY HOUSE PLEYDELL ESTREETATE, LEVER STREETREET"
ADDR_665	1 ST MARTINS LE GRAND|1 STREET MARTINS LE GRAND
ADDR_666	KEMP HOUSE 160 CITY ROAD|KEMP HOUSE 160 CITY RD
ADDR_667	120 HOLBORN
ADDR_668	120 HOLBORN
ADDR_669	81 NEWGATE ST|81 NEWGATE STREETREET|81 NEWGATE STREET
ADDR_670	1 BAKER'S YAROAD|1 BAKER'S YARD
ADDR_671	130 OLD STREETREET|130 OLD ST|130 OLD STREET
ADDR_672	14 GREVILLE STREET UNIT UG06|14 GREVILLE STREETREET UNIT UG06|14 GREVILLE ST UNIT UG06
ADDR_673	145-157 STREET JOHN STREETREET|145-157 ST JOHN ST|145-157 ST JOHN STREET
ADDR_674	40 BOWLING GREEN LANE
ADDR_675	TOBIN ASSOCIATES LIMITED 4TH FLOOR 63-66 HATTON GARDEN|TOBIN ASSOCIATES LTD 4TH FLOOR 63-66 HATTON GAROADEN|TOBIN ASSOCIATES LTD 4TH FLOOR 63-66 HATTON GARDEN
ADDR_676	145-157 2ND FLOOR ST JOHN ST|145-157 2ND FLOOR STREET JOHN STREETREET|145-157 2ND FLOOR ST JOHN STREET
ADDR_677	C/O GOLDER BAQA GROUND FLOOR 1 BAKER'S ROW
ADDR_678	KEMP HOUSE 152 CITY RD|KEMP HOUSE 152 CITY ROAD
ADDR_679	1ST FLOOR THAVIES INN HOUSE 3-4 HOLBORN CIRCUS|1STREET FLOOR THAVIES INN HOUSE 3-4 HOLBORN CIRCUS
ADDR_680	145-157 ST. JOHN ST|145-157 ST. JOHN STREET|145-157 STREET. JOHN STREETREET
ADDR_681	12-14 BERRY STREET|12-14 BERRY STREETREET|12-14 BERRY ST
ADDR_682	152-160 CITY ROAD|152-160 CITY RD
ADDR_683	82 STREET JOHN STREETREET|82 ST JOHN STREET|82 ST JOHN ST
ADDR_684	"OFFICE 36, 88-90 HATTON GARDEN "|"OFFICE 36, 88-90 HATTON GAROADEN "
ADDR_685	10 CHISWELL STREETREET 2ND FLOOR|10 CHISWELL STREET 2ND FLOOR|10 CHISWELL ST 2ND FLOOR
ADDR_686	145-157 ST. JOHN ST|145-157 ST. JOHN STREET|145-157 STREET. JOHN STREETREET
ADDR_687	27-31 CLERKENWELL CLOSE UNIT 4.06
ADDR_688	145-157 ST. JOHN ST|145-157 ST. JOHN STREET|145-157 STREET. JOHN STREETREET
ADDR_689	372 OLD STREET LONDON SUITE 32|372 OLD ST LONDON SUITE 32|372 OLD STREETREET LONDON SUITE 32|372 OLD STREET CITY OF LONDON SUITE 32
ADDR_690	C/O GOLDER BAQA GROUND FLOOR 1 BAKER'S ROW
ADDR_691	4TH FLOOR ST. CROSS STREET|4TH FLOOR ST. CROSS ST|4TH FLOOR STREET. CROSS STREETREET
ADDR_692	KEMP HOUSE 160 CITY ROAD|KEMP HOUSE 160 CITY RD
ADDR_693	3RD FLOOR 112 CLERKENWELL RD|3RD FLOOR 112 CLERKENWELL ROAD|3ROAD FLOOR 112 CLERKENWELL ROAD
ADDR_694	INTERNATIONAL HOUSE 24 HOLBORN VIADUCT
ADDR_695	KEMP HOUSE SUITE 454 152-160 CITY ROAD|KEMP HOUSE SUITE 454 152-160 CITY RD
ADDR_696	BENTIMA HOUSE 4TH FLOOR 168-172 OLD ST|BENTIMA HOUSE 4TH FLOOR 168-172 OLD STREET|BENTIMA HOUSE 4TH FLOOR 168-172 OLD STREETREET
ADDR_697	15-19 BAKER'S ROW
ADDR_698	3RD FLOOR 24 CHISWELL ST|3ROAD FLOOR 24 CHISWELL STREET|3RD FLOOR 24 CHISWELL STREETREET|3RD FLOOR 24 CHISWELL STREET
ADDR_699	KEMP HOUSE 152 CITY RD|KEMP HOUSE 152 CITY ROAD
ADDR_700	UNIT C23 9 HERBAL HILL HERBAL HILL GAROADENS|UNIT C23 9 HERBAL HILL HERBAL HILL GARDENS
ADDR_701	15 BOWLING GREEN LANE
ADDR_702	145-157 STREET JOHN STREETREET|145-157 ST JOHN ST|145-157 ST JOHN STREET
ADDR_703	KEMP HOUSE 152/160 CITY RD|KEMP HOUSE 152/160 CITY ROAD
ADDR_704	THIRD FLOOR 111 CHARTERHOUSE STREETREET|THIRD FLOOR 111 CHARTERHOUSE STREET|THIRD FLOOR 111 CHARTERHOUSE ST|THIROAD FLOOR 111 CHARTERHOUSE STREET
ADDR_705	INTERNATIONAL HOUSE 24 HOLBORN VIADUCT
ADDR_706	15 BUNHILL ROW
ADDR_707	KEMP HOUSE 160 CITY ROAD|KEMP HOUSE 160 CITY RD
ADDR_708	"INTERNATIONAL HOUSE, 24 HOLBORN VIADUCT"
ADDR_709	DEVONSHIRE HOUSE 60 GOSWELL ROAD|DEVONSHIRE HOUSE 60 GOSWELL RD
ADDR_710	82 STREET JOHN STREETREET|82 ST JOHN STREET|82 ST JOHN ST
ADDR_711	15 BOWLING GREEN LANE
ADDR_712	145-157 STREET JOHN STREETREET|145-157 ST JOHN ST|145-157 ST JOHN STREET
ADDR_713	150 ALDERSGATE STREET|150 ALDERSGATE ST|150 ALDERSGATE STREETREET
ADDR_714	3RD FLOOR 24 CHISWELL ST|3ROAD FLOOR 24 CHISWELL STREET|3RD FLOOR 24 CHISWELL STREETREET|3RD FLOOR 24 CHISWELL STREET
ADDR_715	HARELLA HOUSE 3RD FLOOR 90-98 GOSWELL RD|HARELLA HOUSE 3RD FLOOR 90-98 GOSWELL ROAD|HARELLA HOUSE 3ROAD FLOOR 90-98 GOSWELL ROAD
ADDR_716	3RD FLOOR 24 CHISWELL ST|3ROAD FLOOR 24 CHISWELL STREET|3RD FLOOR 24 CHISWELL STREETREET|3RD FLOOR 24 CHISWELL STREET
ADDR_717	SWEEPS BUILDING C/O 6-7 ST. CROSS ST|SWEEPS BUILDING C/O 6-7 STREET. CROSS STREETREET|SWEEPS BUILDING C/O 6-7 ST. CROSS STREET
ADDR_718	IMPACT HUB ISLINGTON 5 TORRENS ST 4TH FLOOR|IMPACT HUB ISLINGTON 5 TORRENS STREETREET 4TH FLOOR|IMPACT HUB ISLINGTON 5 TORRENS STREET 4TH FLOOR
ADDR_719	160 CITY RD|160 CITY ROAD
ADDR_720	INTERNATIONAL HOUSE 24 HOLBORN VIADUCT
ADDR_721	20 BUNHILL ROW
ADDR_722	KEMP HOUSE 152 CITY RD|KEMP HOUSE 152 CITY ROAD
ADDR_723	THIRD FLOOR 12 EASTREET PASSAGE|THIROAD FLOOR 12 EAST PASSAGE|THIRD FLOOR 12 EAST PASSAGE
ADDR_724	1-5 CLERKENWELL ROAD|1-5 CLERKENWELL RD
ADDR_725	KEMP HOUSE 160 CITY ROAD|KEMP HOUSE 160 CITY RD
ADDR_726	INTERNATIONAL HOUSE 24 HOLBORN VIADUCT
ADDR_727	"SUITE 47, 372 OLD STREET "|"SUITE 47, 372 OLD STREETREET "|"SUITE 47, 372 OLD ST "
ADDR_728	130 OLD STREETREET|130 OLD ST|130 OLD STREET
ADDR_729	UNIT/OFFICE 36 88-90 HATTON GARDEN|UNIT/OFFICE 36 88-90 HATTON GAROADEN
ADDR_730	DEVONSHIRE HOUSE 60 GOSWELL ROAD|DEVONSHIRE HOUSE 60 GOSWELL RD
ADDR_731	KEMP HOUSE 152 CITY RD|KEMP HOUSE 152 CITY ROAD
ADDR_732	INTERNATIONAL HOUSE 24 HOLBORN VIADUCT
ADDR_733	KEMP HOUSE 152-160 CITY ROAD|KEMP HOUSE 152-160 CITY RD
ADDR_734	145-157 ST. JOHN ST|145-157 ST. JOHN STREET|145-157 STREET. JOHN STREETREET
ADDR_735	THIRD FLOOR 12 EASTREET PASSAGE|THIROAD FLOOR 12 EAST PASSAGE|THIRD FLOOR 12 EAST PASSAGE
ADDR_736	APARTMENT 34 67-68 HATTON GAROADEN|APARTMENT 34 67-68 HATTON GARDEN
ADDR_737	KEMP HOUSE 160 CITY ROAD|KEMP HOUSE 160 CITY RD
ADDR_738	145-157 ST. JOHN ST|145-157 ST. JOHN STREET|145-157 STREET. JOHN STREETREET
ADDR_739	KEMP HOUSE 160 CITY ROAD|KEMP HOUSE 160 CITY RD
ADDR_740	OFFICE 34 NEW HOUSE 67-68 HATTON GAROADEN|OFFICE 34 NEW HOUSE 67-68 HATTON GARDEN
ADDR_741	KEMP HOUSE 152 CITY RD|KEMP HOUSE 152 CITY ROAD
ADDR_742	145-157 STREET JOHN STREETREET|145-157 ST JOHN ST|145-157 ST JOHN STREET
ADDR_743	KEMP HOUSE 160 CITY ROAD|KEMP HOUSE 160 CITY RD
ADDR_744	152-160 KEMP HOUSE CITY RD|152-160 KEMP HOUSE CITY ROAD
ADDR_745	KEMP HOUSE 160 CITY ROAD|KEMP HOUSE 160 CITY RD
ADDR_746	54 KINGSWAY PLACE SANS WALK
ADDR_747	SUITE 907 KEMP HOUSE 152 - 160 CITY RD|SUITE 907 KEMP HOUSE 152 - 160 CITY ROAD
ADDR_748	INTERNATIONAL HOUSE 24 HOLBORN VIADUCT
ADDR_749	SUITE / UNIT / OFFICE 36 88-90  HATTON GARDEN HOLBORN|SUITE / UNIT / OFFICE 36 88-90  HATTON GAROADEN HOLBORN
ADDR_750	"KEMP HOUSE 152-160, CITY RD"|"KEMP HOUSE 152-160, CITY ROAD"
ADDR_751	SUITE 36 88-90 HATTON GAROADEN HOLBORN|SUITE 36 88-90 HATTON GARDEN HOLBORN
ADDR_752	INTERNATIONAL HOUSE 24 HOLBORN VIADUCT
ADDR_753	C/O WESTBURY 145-157 ST JOHN ST|C/O WESTBURY 145-157 ST JOHN STREET|C/O WESTREETBURY 145-157 STREET JOHN STREETREET
ADDR_754	2ND FLOOR 145-157 STREET.JOHN STREETREET|2ND FLOOR 145-157 ST.JOHN ST|2ND FLOOR 145-157 ST.JOHN STREET
ADDR_755	SUITE 48 88-90 HATTON GARDEN|SUITE 48 88-90 HATTON GAROADEN
ADDR_756	76-80 CITY ROAD|76-80 CITY RD
ADDR_757	145-157 ST JOHN STR|145-157 STREET JOHN STREETR
ADDR_758	152 CITY ROAD KEMP HOUSE|152 CITY RD KEMP HOUSE
ADDR_759	22-24 ELY PLACE
ADDR_760	145-157 STREET JOHN STREETREET|145-157 ST JOHN ST|145-157 ST JOHN STREET
ADDR_761	69 TURNMILL STREETREET|69 TURNMILL STREET|69 TURNMILL ST
ADDR_762	KEMP HOUSE 160 CITY ROAD|KEMP HOUSE 160 CITY RD
ADDR_763	DEVONSHIRE HOUSE 60 GOSWELL ROAD|DEVONSHIRE HOUSE 60 GOSWELL RD
ADDR_764	145-157 STREET JOHN STREETREET|145-157 ST JOHN ST|145-157 ST JOHN STREET
ADDR_765	KEMP HOUSE 152-160 CITY ROAD|KEMP HOUSE 152-160 CITY RD
ADDR_766	329A OLD STREET|329A OLD STREETREET|329A OLD ST
ADDR_767	KEMP HOUSE 152 CITY RD|KEMP HOUSE 152 CITY ROAD
ADDR_768	KEMP HOUSE 160 CITY ROAD|KEMP HOUSE 160 CITY RD
ADDR_769	KEMP HOUSE 152 CITY RD|KEMP HOUSE 152 CITY ROAD
ADDR_770	KEMP HOUSE 160 CITY ROAD|KEMP HOUSE 160 CITY RD
ADDR_771	145-157 ST. JOHN ST|145-157 ST. JOHN STREET|145-157 STREET. JOHN STREETREET
ADDR_772	16 ST. MARTIN'S LE GRAND|16 STREET. MARTIN'S LE GRAND
ADDR_773	KEMP HOUSE 160 CITY ROAD|KEMP HOUSE 160 CITY RD
ADDR_774	145-157 STREET JOHN STREETREET|145-157 ST JOHN ST|145-157 ST JOHN STREET
ADDR_775	KEMP HOUSE 160 CITY ROAD|KEMP HOUSE 160 CITY RD
ADDR_776	FIRST FLOOR 1 EAST POULTRY AVE|FIRSTREET FLOOR 1 EASTREET POULTRY AVENUE|FIRST FLOOR 1 EAST POULTRY AVENUENUE|FIRST FLOOR 1 EAST POULTRY AVENUE
ADDR_777	KEMP HOUSE 160 CITY ROAD|KEMP HOUSE 160 CITY RD
ADDR_778	KEMP HOUSE 160 CITY ROAD|KEMP HOUSE 160 CITY RD
ADDR_779	34 NEW HOUSE 67-68 HATTON GAROADEN|34 NEW HOUSE 67-68 HATTON GARDEN
ADDR_780	INTERNATIONAL HOUSE 24 HOLBORN VIADUCT
ADDR_781	6 BREWHOUSE YAROAD|6 BREWHOUSE YARD
ADDR_782	145-157 ST. JOHN ST|145-157 ST. JOHN STREET|145-157 STREET. JOHN STREETREET
ADDR_783	145-157 STREET JOHN STREETREET|145-157 ST JOHN ST|145-157 ST JOHN STREET
ADDR_784	KEMP HOUSE 160 CITY ROAD|KEMP HOUSE 160 CITY RD
ADDR_785	KEMP HOUSE 152-160 CITY ROAD|KEMP HOUSE 152-160 CITY RD
ADDR_786	"FIRSTREET FLOOR, THAVIES INN HOUSE 3-4 HOLBORN CIRCUS"|"FIRST FLOOR, THAVIES INN HOUSE 3-4 HOLBORN CIRCUS"
ADDR_787	THIRD FLOOR 111 CHARTERHOUSE STREETREET|THIRD FLOOR 111 CHARTERHOUSE STREET|THIRD FLOOR 111 CHARTERHOUSE ST|THIROAD FLOOR 111 CHARTERHOUSE STREET
ADDR_788	15 BOWLING GREEN LANE
ADDR_789	KEMP HOUSE 160 CITY ROAD|KEMP HOUSE 160 CITY RD
ADDR_790	KEMP HOUSE 160 CITY ROAD|KEMP HOUSE 160 CITY RD
ADDR_791	KEMP HOUSE 152 CITY RD|KEMP HOUSE 152 CITY ROAD
ADDR_792	KEMP HOUSE 152 - 160 CITY ROAD|KEMP HOUSE 152 - 160 CITY RD
ADDR_793	KEMP HOUSE 152 CITY RD|KEMP HOUSE 152 CITY ROAD
ADDR_794	KEMP HOUSE 160 CITY ROAD|KEMP HOUSE 160 CITY RD
ADDR_795	34 NEW HOUSE 67-68 HATTON GAROADEN|34 NEW HOUSE 67-68 HATTON GARDEN
ADDR_796	FLAT 281 ROSDEN HOUSE 372 OLD STREETREET|FLAT 281 ROSDEN HOUSE 372 OLD STREET|FLAT 281 ROSDEN HOUSE 372 OLD ST
ADDR_797	KEMP HOUSE 160 CITY ROAD|KEMP HOUSE 160 CITY RD
ADDR_798	24 HOLBORN VIADUCT
ADDR_799	4TH FLOOR 18 ST. CROSS ST|4TH FLOOR 18 ST. CROSS STREET|4TH FLOOR 18 STREET. CROSS STREETREET
ADDR_800	2ND FLOOR 130 OLD ST|2ND FLOOR 130 OLD STREETREET|2ND FLOOR 130 OLD STREET
ADDR_801	INTERNATIONAL HOUSE 24 HOLBORN VIADUCT
ADDR_802	THE TRAMPERY 239 OLD STREET|THE TRAMPERY 239 OLD ST|THE TRAMPERY 239 OLD STREETREET
ADDR_803	DEVONSHIRE HOUSE 60 GOSWELL ROAD|DEVONSHIRE HOUSE 60 GOSWELL RD
ADDR_804	GRESHAM HOUSE 24 HOLBORN VIADUCT
ADDR_805	DEVONSHIRE HOUSE 60 GOSWELL ROAD|DEVONSHIRE HOUSE 60 GOSWELL RD
ADDR_806	KEMP HOUSE 160 CITY ROAD|KEMP HOUSE 160 CITY RD
ADDR_807	30 CITY RD|30 CITY ROAD
ADDR_808	KEMP HOUSE 152 CITY RD|KEMP HOUSE 152 CITY ROAD
ADDR_809	150 ALDERSGATE STREET|150 ALDERSGATE ST|150 ALDERSGATE STREETREET
ADDR_810	SUITE 48 88-90 HATTON GARDEN|SUITE 48 88-90 HATTON GAROADEN
ADDR_811	INTERNATIONAL HOUSE 24 HOLBORN VIADUCT
ADDR_812	OFFICE 36 88-90 HATTON GAROADEN|OFFICE 36 88-90 HATTON GARDEN
ADDR_813	OFFICE 34 67-68 HATTON GARDEN|OFFICE 34 67-68 HATTON GAROADEN
ADDR_814	DELTA SOLUTION TRADE CENTER HOLBORN
ADDR_815	SUITE 48 88-90 HATTON GARDEN|SUITE 48 88-90 HATTON GAROADEN
ADDR_816	THIRD FLOOR 111 CHARTERHOUSE STREETREET|THIRD FLOOR 111 CHARTERHOUSE STREET|THIRD FLOOR 111 CHARTERHOUSE ST|THIROAD FLOOR 111 CHARTERHOUSE STREET
ADDR_817	INTERNATIONAL HOUSE 24 HOLBORN VIADUCT
ADDR_818	HIGGISON HOUSE 381-383 CITY RD|HIGGISON HOUSE 381-383 CITY ROAD
ADDR_819	5 5 ST JOHN'S LANE|5 5 STREET JOHN'S LANE
ADDR_820	KEMP HOUSE 160 CITY ROAD|KEMP HOUSE 160 CITY RD
ADDR_821	KEMP HOUSE 152 CITY RD|KEMP HOUSE 152 CITY ROAD
ADDR_822	KEMP HOUSE 160 CITY ROAD|KEMP HOUSE 160 CITY RD
ADDR_823	KEMP HOUSE 160 CITY ROAD|KEMP HOUSE 160 CITY RD
ADDR_824	KEMP HOUSE CITY RD|KEMP HOUSE CITY ROAD
ADDR_825	KEMP HOUSE 160 CITY ROAD|KEMP HOUSE 160 CITY RD
ADDR_826	"KEMP HOUSE, 152 CITY RD"|"KEMP HOUSE, 152 CITY ROAD"
ADDR_827	INTERNATIONAL HOUSE 24 HOLBORN VIADUCT
ADDR_828	145-157 STREET JOHN STREETREET|145-157 ST JOHN ST|145-157 ST JOHN STREET
ADDR_829	FLAT E 48 CLERKENWELL CLOSE
ADDR_830	24 HOLBORN VIADUCT
ADDR_831	16 ST. MARTIN'S LE GRAND|16 STREET. MARTIN'S LE GRAND
ADDR_832	16 ST. MARTIN'S LE GRAND|16 STREET. MARTIN'S LE GRAND
ADDR_833	KEMP HOUSE 152-160 CITY ROAD|KEMP HOUSE 152-160 CITY RD
ADDR_834	MIDDLE EAST CAREER 152 KEMP HOUSE CITY ROAD|MIDDLE EAST CAREER 152 KEMP HOUSE CITY RD|MIDDLE EASTREET CAREER 152 KEMP HOUSE CITY ROAD
ADDR_835	INTERNATIONAL HOUSE 24 HOLBORN VIADUCT
ADDR_836	160 CITY ROAD KEMP HOUSE|160 CITY RD KEMP HOUSE
ADDR_837	KEMP HOUSE 160 CITY ROAD|KEMP HOUSE 160 CITY RD
ADDR_838	THIRD FLOOR 111 CHARTERHOUSE STREETREET|THIRD FLOOR 111 CHARTERHOUSE STREET|THIRD FLOOR 111 CHARTERHOUSE ST|THIROAD FLOOR 111 CHARTERHOUSE STREET
ADDR_839	KEMP HOUSE 160 CITY ROAD|KEMP HOUSE 160 CITY RD
ADDR_840	KEMP HOUSE 160 CITY ROAD|KEMP HOUSE 160 CITY RD
ADDR_841	KEMP HOUSE 160 CITY ROAD|KEMP HOUSE 160 CITY RD
ADDR_842	INTERNATIONAL HOUSE 24 HOLBORN VIADUCT
ADDR_843	83 CLERKENWELL ROAD|83 CLERKENWELL RD
ADDR_844	KEMP HOUSE 160 CITY ROAD|KEMP HOUSE 160 CITY RD
ADDR_845	40 HOLBORN VIADUCT
ADDR_846	2ND FLOOR 145-157 ST JOHN STREET|2ND FLOOR 145-157 STREET JOHN STREETREET|2ND FLOOR 145-157 ST JOHN ST
ADDR_847	"KEMP HOUSE, 152 CITY RD"|"KEMP HOUSE, 152 CITY ROAD"
ADDR_848	KEMP HOUSE 160 CITY ROAD|KEMP HOUSE 160 CITY RD
ADDR_849	INTERNATIONAL HOUSE 24 HOLBORN VIADUCT
ADDR_850	"KEMP HOUSE, 152 CITY RD"|"KEMP HOUSE, 152 CITY ROAD"
ADDR_851	KEMP HOUSE 160 CITY ROAD|KEMP HOUSE 160 CITY RD
ADDR_852	KEMP HOUSE 160 CITY ROAD|KEMP HOUSE 160 CITY RD
ADDR_853	SUITE 48 88-90 HATTON GARDEN|SUITE 48 88-90 HATTON GAROADEN
ADDR_854	KEMP HOUSE 152 CITY RD|KEMP HOUSE 152 CITY ROAD
ADDR_855	67 - 74 SAFFRON HILL
ADDR_856	54 KINGSWAY PLACE SANS WALK
ADDR_857	3RD FLOOR 24 CHISWELL ST|3ROAD FLOOR 24 CHISWELL STREET|3RD FLOOR 24 CHISWELL STREETREET|3RD FLOOR 24 CHISWELL STREET
ADDR_858	80-83 LONG LANE
ADDR_859	8A WEST SMITHFIELD|8A WESTREET SMITHFIELD
ADDR_860	KEMP HOUSE 160 CITY ROAD|KEMP HOUSE 160 CITY RD
ADDR_861	KEMP HOUSE 160 CITY ROAD|KEMP HOUSE 160 CITY RD
ADDR_862	INTERNATIONAL HOUSE 24 HOLBORN VIADUCT
ADDR_863	KEMP HOUSE 160 CITY ROAD|KEMP HOUSE 160 CITY RD
ADDR_864	"STREET. MARTIN'S HOUSE, 16 STREET. MARTIN'S LE GRAND"|"ST. MARTIN'S HOUSE, 16 ST. MARTIN'S LE GRAND"
ADDR_865	FINSGATE 5-7 CRANWOOD ST|FINSGATE 5-7 CRANWOOD STREET|FINSGATE 5-7 CRANWOOD STREETREET
ADDR_866	329A OLD STREET|329A OLD STREETREET|329A OLD ST
ADDR_867	INTERNATIONAL HOUSE HOLBORN VIADUCT
ADDR_868	KEMP HOUSE 160 CITY ROAD|KEMP HOUSE 160 CITY RD
ADDR_869	11TH FLOOR 200 ALDERSGATE STREETREET|11TH FLOOR 200 ALDERSGATE STREET|11TH FLOOR 200 ALDERSGATE ST
ADDR_870	KEMP HOUSE 160 CITY ROAD|KEMP HOUSE 160 CITY RD
ADDR_871	KEMP HOUSE 160 CITY ROAD|KEMP HOUSE 160 CITY RD
ADDR_872	UNIT 36 88-90 HATTON GAROADEN HOLBORN|UNIT 36 88-90 HATTON GARDEN HOLBORN
ADDR_873	KEMP HOUSE 160 CITY ROAD|KEMP HOUSE 160 CITY RD
ADDR_874	145-157 ST. JOHN ST|145-157 ST. JOHN STREET|145-157 STREET. JOHN STREETREET
ADDR_875	KEMP HOUSE 152 CITY RD|KEMP HOUSE 152 CITY ROAD
ADDR_876	KEMP HOUSE CITY RD|KEMP HOUSE CITY ROAD
ADDR_877	THIRD FLOOR 24 CHISWELL STREET|THIRD FLOOR 24 CHISWELL ST|THIROAD FLOOR 24 CHISWELL STREET|THIRD FLOOR 24 CHISWELL STREETREET
ADDR_878	KEMP HOUSE 3ROAD FLOOR 135 160 CITY ROAD|KEMP HOUSE 3RD FLOOR 135 160 CITY ROAD|KEMP HOUSE 3RD FLOOR 135 160 CITY RD
ADDR_879	KEMP HOUSE 160 CITY ROAD|KEMP HOUSE 160 CITY RD
ADDR_880	"603, 25B GOSWELL ROAD "|"603, 25B GOSWELL RD "
ADDR_881	334 - 336 GOSWELL RD|334 - 336 GOSWELL ROAD
ADDR_882	MILTON GATE 60 CHISWELL ST|MILTON GATE 60 CHISWELL STREETREET|MILTON GATE 60 CHISWELL STREET
ADDR_883	1 CHARTERHOUSE MEWS
ADDR_884	CLOVER HOUSE 147-149 FARRINGDON ROAD|CLOVER HOUSE 147-149 FARRINGDON RD
ADDR_885	145-157 ST. JOHN ST|145-157 ST. JOHN STREET|145-157 STREET. JOHN STREETREET
ADDR_886	145-157 STREET JOHN STREETREET|145-157 ST JOHN ST|145-157 ST JOHN STREET
ADDR_887	KEMP HOUSE CITY RD|KEMP HOUSE CITY ROAD
ADDR_888	3RD FLOOR 111 CHARTERHOUSE STREETREET|3ROAD FLOOR 111 CHARTERHOUSE STREET|3RD FLOOR 111 CHARTERHOUSE ST|3RD FLOOR 111 CHARTERHOUSE STREET
ADDR_889	KEMP HOUSE 160 CITY ROAD|KEMP HOUSE 160 CITY RD
ADDR_890	34 NEW HOUSE 67-68 HATTON GAROADEN|34 NEW HOUSE 67-68 HATTON GARDEN
ADDR_891	2ND FLOOR 145-157 STREET.JOHN STREETREET|2ND FLOOR 145-157 ST.JOHN ST|2ND FLOOR 145-157 ST.JOHN STREET
ADDR_892	KEMP HOUSE 160 CITY ROAD|KEMP HOUSE 160 CITY RD
ADDR_893	3-11 PINE STREETREET|3-11 PINE ST|3-11 PINE STREET
ADDR_894	4TH FLOOR 18 ST. CROSS ST|4TH FLOOR 18 ST. CROSS STREET|4TH FLOOR 18 STREET. CROSS STREETREET
ADDR_895	INTERNATIONAL HOUSE 24 HOLBORN VIADUCT
ADDR_896	KEMP HOUSE 152 CITY RD|KEMP HOUSE 152 CITY ROAD
ADDR_897	C/O TEMPLES KEMP HOUSE 152-160 CITY ROAD|C/O TEMPLES KEMP HOUSE 152-160 CITY RD
ADDR_898	INTERNATIONAL HOUSE HOLBORN VIADUCT
ADDR_899	150 ALDERSGATE STREET|150 ALDERSGATE ST|150 ALDERSGATE STREETREET
ADDR_900	145-157 STREET JOHN STREETREET|145-157 ST JOHN ST|145-157 ST JOHN STREET
ADDR_901	145-157 STREET JOHN STREETREET|145-157 ST JOHN ST|145-157 ST JOHN STREET
ADDR_902	145-157 STREET JOHN STREETREET|145-157 ST JOHN ST|145-157 ST JOHN STREET
ADDR_903	JEFFREYS HENRY LLP FINSGATE 5-7 CRANWOOD STREET|JEFFREYS HENRY LLP FINSGATE 5-7 CRANWOOD ST|JEFFREYS HENRY LLP FINSGATE 5-7 CRANWOOD STREETREET
ADDR_904	KEMP HOUSE 160 CITY ROAD|KEMP HOUSE 160 CITY RD
ADDR_905	KEMP HOUSE 160 CITY ROAD|KEMP HOUSE 160 CITY RD
ADDR_906	KEMP HOUSE 160 CITY ROAD|KEMP HOUSE 160 CITY RD
ADDR_907	160 KEMP HOUSE CITY ROAD|160 KEMP HOUSE CITY RD
ADDR_908	145-157 STREET JOHN STREETREET|145-157 ST JOHN ST|145-157 ST JOHN STREET
ADDR_909	INTERNATIONAL HOUSE 24 HOLBORN VIADUCT
ADDR_910	82 STREET JOHN STREETREET|82 ST JOHN STREET|82 ST JOHN ST
ADDR_911	FINSGATE 5-7 CRANWOOD ST|FINSGATE 5-7 CRANWOOD STREET|FINSGATE 5-7 CRANWOOD STREETREET
ADDR_912	KEMP HOUSE 152 - 160 CITY ROAD|KEMP HOUSE 152 - 160 CITY RD
ADDR_913	KEMP HOUSE 160 CITY ROAD|KEMP HOUSE 160 CITY RD
ADDR_914	KEMP HOUSE 160 CITY ROAD|KEMP HOUSE 160 CITY RD
ADDR_915	150 CITY RD FIRST FLOOR|150 CITY ROAD FIRST FLOOR|150 CITY ROAD FIRSTREET FLOOR
ADDR_916	KEMP HOUSE 160 CITY ROAD|KEMP HOUSE 160 CITY RD
ADDR_917	FINSGATE 5-7 CRANWOOD ST|FINSGATE 5-7 CRANWOOD STREET|FINSGATE 5-7 CRANWOOD STREETREET
ADDR_918	THIRD FLOOR 111 CHARTERHOUSE STREETREET|THIRD FLOOR 111 CHARTERHOUSE STREET|THIRD FLOOR 111 CHARTERHOUSE ST|THIROAD FLOOR 111 CHARTERHOUSE STREET
ADDR_919	101 CLERKENWELL RD|101 CLERKENWELL ROAD
ADDR_920	KEMP HOUSE 160 CITY ROAD|KEMP HOUSE 160 CITY RD
ADDR_921	152 KEMP HOUSE 152-160 CITY ROAD|152 KEMP HOUSE 152-160 CITY RD
ADDR_922	145-157 STREET JOHN STREETREET|145-157 ST JOHN ST|145-157 ST JOHN STREET
ADDR_923	FLAT 6 MONTGOMERY BUILDINGS 81-89 FARRINGDON RD|FLAT 6 MONTGOMERY BUILDINGS 81-89 FARRINGDON ROAD
ADDR_924	KEMP HOUSE 160 CITY ROAD|KEMP HOUSE 160 CITY RD
ADDR_925	11TH FLOOR 200 ALDERSGATE STREETREET|11TH FLOOR 200 ALDERSGATE STREET|11TH FLOOR 200 ALDERSGATE ST
ADDR_926	11TH FLOOR 200 ALDERSGATE STREETREET|11TH FLOOR 200 ALDERSGATE STREET|11TH FLOOR 200 ALDERSGATE ST
ADDR_927	KEMP HOUSE 160 CITY ROAD|KEMP HOUSE 160 CITY RD
ADDR_928	34 NEW HOUSE 67-68 HATTON GAROADEN|34 NEW HOUSE 67-68 HATTON GARDEN
ADDR_929	34 NEW HOUSE 67-68 HATTON GAROADEN|34 NEW HOUSE 67-68 HATTON GARDEN
ADDR_930	INTERNATIONAL HOUSE 24 HOLBORN VIADUCT
ADDR_931	KEMP HOUSE 160 CITY ROAD|KEMP HOUSE 160 CITY RD
ADDR_932	KEMP HOUSE 160 CITY ROAD|KEMP HOUSE 160 CITY RD
ADDR_933	INTERNATIONAL HOUSE 24 HOLBORN VIADUCT
ADDR_934	SUITE 15922 LOWER GROUND FLOOR 145-157 ST JOHN ST|SUITE 15922 LOWER GROUND FLOOR 145-157 ST JOHN STREET|SUITE 15922 LOWER GROUND FLOOR 145-157 STREET JOHN STREETREET
ADDR_935	KEMP HOUSE 160 CITY ROAD|KEMP HOUSE 160 CITY RD
ADDR_936	KEMP HOUSE 152 CITY RD|KEMP HOUSE 152 CITY ROAD
ADDR_937	"INTERNATIONAL HOUSE, 24 HOLBORN VIADUCT"
ADDR_938	145-157 STREET JOHN STREETREET|145-157 ST JOHN ST|145-157 ST JOHN STREET
ADDR_939	3-7 HERBAL HILL
