NAME_1	1 MOBILE LIMITED
NAME_2	1 TECH LTD
NAME_3	23 SNAPS LIMITED
NAME_4	2E2 SERVICES LIMITED
NAME_5	2E2 UK LIMITED
NAME_6	40 50 MEDIA LTD
NAME_7	4D DATA CENTRES LIMITED
NAME_8	4GETMOBILE LIMITED
NAME_9	4SL CONSULTING LIMITED
NAME_10	4TC SERVICES LIMITED
NAME_11	A-INFINITY LIMITED
NAME_12	A-TEK SOLUTIONS LIMITED
NAME_13	A.I. TALENT LTD
NAME_14	AAA CONSULT LTD
NAME_15	AARDVARK UPRISING LIMITED
NAME_16	AB TECHSYS LTD
NAME_17	ABLINX LIMITED
NAME_18	ABSU LIMITED
NAME_19	ABV SOLUTIONS LTD
NAME_20	ACTION FOR THE FUTURE LTD
NAME_21	ACTIVATED THINKING LIMITED
NAME_22	ACTIVON PROJECTS LIMITED
NAME_23	ACTURIS LIMITED
NAME_24	AD PEPPER MEDIA UK LIMITED
NAME_25	ADCOMPASS LTD.
NAME_26	ADD TO CART LTD
NAME_27	ADFORM LONDON LIMITED
NAME_28	ADLUDIO LIMITED
NAME_29	AFIN-IT GROUP LIMITED
NAME_30	AFTER THE FLOOD LIMITED
NAME_31	AGILE ALLIANCE LIMITED
NAME_32	AGM SOLUTIONS LIMITED
NAME_33	AGOC DIGITAL PRIVATE LIMITED
NAME_34	AI CONTROLPOINT LIMITED
NAME_35	AIM ITC LTD
NAME_36	ALCHEMYWORKS LTD
NAME_37	ALCHERA TECHNOLOGIES LIMITED
NAME_38	ALMARADIX LTD
NAME_39	ALTIASERVICES LTD.
NAME_40	ALTIATECH LTD
NAME_41	AM TECHNICAL LIMITED
NAME_42	AMBIENCE INVESTMENT LTD
NAME_43	AMISSION LTD
NAME_44	AMLEU SOFTWARE DEVELOPMENT UK LIMITED
NAME_45	ANGELLIST LIMITED
NAME_46	ANGLO PAK SOLUTION LIMITED
NAME_47	ANOMALIES LIMITED
NAME_48	ANVIL RECRUITMENT LIMITED
NAME_49	APP-ALACARTE LIMITED
NAME_50	APPDRAGON LIMITED
NAME_51	ARCHON DEVELOPMENT UK LTD
NAME_52	ARCTOUS LIMITED
NAME_53	ARCTREE CONSULTING LIMITED
NAME_54	AREZA LIMITED
NAME_55	ARGUS INTELLIGENCE LIMITED
NAME_56	ARKA ASSOCIATES LIMITED
NAME_57	ARROW DIGITAL MEDIA PRIVATE LIMITED
NAME_58	ARTANEON LTD
NAME_59	ARTESAN STUDIOS LIMITED
NAME_60	ARTLINES MEDIA LIMITED
NAME_61	ARUBACLOUD LIMITED
NAME_62	ASITY LTD
NAME_63	ASSERTIVE MEDIA SOLUTIONS LTD
NAME_64	ASSET ICT LTD
NAME_65	ATRI SERVICES LTD
NAME_66	ATTICMEDIA LIMITED
NAME_67	AUDEZA LTD
NAME_68	AVENIR TECHNOLOGY LIMITED
NAME_69	AYIMA LIMITED
NAME_70	AYSCIO LTD
NAME_71	AZUROS LIMITED
NAME_72	BABY BEAUTY GROUP LTD.
NAME_73	BACKUP AND RUNNING PLC
NAME_74	BCSG LTD
NAME_75	BEDBUG STUDIO LTD
NAME_76	BEDROOM LONDON LIMITED
NAME_77	BEMOIR LIMITED
NAME_78	BEN YOUNG CONSULTANCY LTD
NAME_79	BETTER CITIES LIMITED
NAME_80	BETTER WEB SOLUTIONS LIMITED
NAME_81	BIFF TRADING LIMITED
NAME_82	BIOSCITEX LTD.
NAME_83	BITOK LTD
NAME_84	BIZ ANALYSIS SERVICES LTD
NAME_85	BLAHTECH LIMITED
NAME_86	BLANCHE SYSTEMS LIMITED
NAME_87	BLINKIT LIMITED
NAME_88	BLUE VISION CONSULTING LTD
NAME_89	BLUESHED.CO.UK LIMITED
NAME_90	BM STUDIOS LIMITED
NAME_91	BODOR LIMITED
NAME_92	BOENISCH LIMITED
NAME_93	BOLYX INVESTMENTS LIMITED
NAME_94	BONDSMEN GROUP LTD
NAME_95	BORDER CAPITAL LIMITED
NAME_96	BORNE DIGITAL LIMITED
NAME_97	BOWATER DATA SERVICES LIMITED
NAME_98	BRADLINK LTD
NAME_99	BRAINSHOWCASE LTD
NAME_100	BRAVOSOLUTION TECHNOLOGIES LTD
NAME_101	BRILLIO UK LIMITED
NAME_102	BRISQQ LTD.
NAME_103	BROADBAND &  HOSTING UK LIMITED
NAME_104	BT CORNWALL LIMITED
NAME_105	BT LANCASHIRE SERVICES LIMITED
NAME_106	BURST TIMES LIMITED
NAME_107	BUSINESS CENTRIC SERVICES GROUP LIMITED
NAME_108	BYNDER LIMITED
NAME_109	CABLETECH NETWORKS LIMITED
NAME_110	CAIMAN COMMUNICATIONS LIMITED
NAME_111	CALLSQUAD LIMITED
NAME_112	CAMFOLIO LIMITED
NAME_113	CAPILLA LIMITED
NAME_114	CARRINGTON SOLUTIONS LTD
NAME_115	CASE ANALYSIS SOLUTIONS LIMITED
NAME_116	CASH ON MOBILE LTD
NAME_117	CATIPH SERVICES LIMITED
NAME_118	CEE CHANGERS LTD
NAME_119	CEELOGIC LIMITED
NAME_120	CELERITY INFORMATION SERVICES LIMITED
NAME_121	CENTRILLIUM LIMITED
NAME_122	CHANNEL-C LIMITED
NAME_123	CHERRYPICKIT LTD
NAME_124	CHI DIGITAL DESIGN LTD.
NAME_125	CHOCOLATEY LIMITED
NAME_126	CIRCUIT BAKERY LTD
NAME_127	CISILION (GROUP) LIMITED
NAME_128	CISILION LIMITED
NAME_129	CLEAR CONSULTING LIMITED
NAME_130	CLEBBR LTD
NAME_131	CLICK A SERVICE LIMITED
NAME_132	CLICK PERFORMANCE LIMITED
NAME_133	CLICK PROFITS LTD
NAME_134	CLICKS2CUSTOMERS (UK) LIMITED
NAME_135	CLICKUNI LTD
NAME_136	CLIENTWIRE LTD
NAME_137	CLOUD VEND LIMITED
NAME_138	CLOUDBIZ LIMITED
NAME_139	CLOUDE-SCORM LIMITED
NAME_140	CLOUDIFIE LIMITED
NAME_141	CO-D LONDON LIMITED
NAME_142	COBWEB OUTSOURCE LIMITED
NAME_143	COGNITIVE FINANCE GROUP LTD
NAME_144	COGNITIVE OPTIMUM LTD
NAME_145	COLLABERA EUROPE LIMITED
NAME_146	COLUX RECRUITMENT LIMITED
NAME_147	COMMERA CAPITAL LTD
NAME_148	COMPIT COMPUTING LTD
NAME_149	COMPOUND FREEDOM LIMITED
NAME_150	COMPUSERVICES LTD
NAME_151	COMPUTAGEEKS LIMITED
NAME_152	COMPUTER TERRORISM (UK) LTD
NAME_153	COMYOUCOM LTD
NAME_154	CONCRETE MEDIA LIMITED
NAME_155	CONSERP LIMITED
NAME_156	CONSULTING SPIRIT LIMITED
NAME_157	CONSUMERTHINK UK LTD
NAME_158	CONTEC-GLOBAL LIMITED
NAME_159	CONTORNO-INK LIMITED
NAME_160	COOLEA DEVELOPERS LIMITED
NAME_161	CRAFTS AND LOOMS LIMITED
NAME_162	CRASH MEDIA GROUP LIMITED
NAME_163	CREATIVENERDS LTD
NAME_164	CREDIT MARKET ANALYSIS LIMITED
NAME_165	CRESCENDO WORLDWIDE LIMITED
NAME_166	CRIBFINDER LTD
NAME_167	CROGTECH LTD
NAME_168	CROSSITE LTD
NAME_169	CROWDSCORES LTD
NAME_170	CRUCIAL MEDIA GROUP LTD.
NAME_171	CSVCONSULT LTD
NAME_172	CT CONSULTANTS LTD
NAME_173	CTS TECHNOLOGY LTD
NAME_174	CUBE 33 DESIGN LIMITED
NAME_175	CUBE19 LIMITED
NAME_176	CYBACORE LTD
NAME_177	CYBERISK SECURITY SOLUTION (UK) LIMITED
NAME_178	DALMARTIN LTD
NAME_179	DANDAN DIGITAL LTD
NAME_180	DAOTEC LTD
NAME_181	DASHHOUND LTD
NAME_182	DATA SYNOPSIS LIMITED
NAME_183	DAZZLE TECHNOLOGY LIMITED
NAME_184	DC INTELLIGENCE LIMITED
NAME_185	DEALPIPS LTD
NAME_186	DECIMAL FACTOR SOFTWARE LIMITED
NAME_187	DECODE DIGITAL LTD
NAME_188	DEENATH LIMITED
NAME_189	DELBRY LTD
NAME_190	DELIVER BRAND MARKETING LTD
NAME_191	DENTAL BUSINESS BUTLERS LIMITED
NAME_192	DESIGN AND PROSPER LIMITED
NAME_193	DESIGN FOR ME LIMITED
NAME_194	DESIGNOPOLY LIMITED
NAME_195	DHPM LIMITED
NAME_196	DIG LONDON LIMITED
NAME_197	DIGIPOLIS LIMITED
NAME_198	DIGITAL ACUMEN PLC
NAME_199	DIGITAL CAPACITY LIMITED
NAME_200	DIGITAL GOODS STORE LTD
NAME_201	DIGITAL HUB MEDIA PRIVATE LIMITED
NAME_202	DIGITAL INCLUSION TECHNOLOGY GROUP (CST PROGRAMMES) LIMITED
NAME_203	DIGITAL INCLUSION TECHNOLOGY GROUP (IAP) LIMITED
NAME_204	DIGITAL INK DROP C.I.C.
NAME_205	DIMANCHE LIMITED
NAME_206	DISPATCH MESSENGER LIMITED
NAME_207	DMS NETWORK LIMITED
NAME_208	DOMAIN SECURITIES LIMITED
NAME_209	DREAMBYTE STUDIO LTD
NAME_210	DREW AND GREGORIES LTD
NAME_211	DRG TEC LIMITED
NAME_212	DRP WICKHAM CONSULTANCY LIMITED
NAME_213	DT TECHNOLOGY LTD
NAME_214	DTM INVEST LIMITED
NAME_215	E&S SOFTWARE LTD
NAME_216	EALING MANAGEMENT ACCOUNTANCY LIMITED
NAME_217	EASYWARE SOFTWARE SOLUTIONS LIMITED
NAME_218	EC1 TECHNOLOGIES LIMITED
NAME_219	ECHOSIXTY LIMITED
NAME_220	EI SQUARE LIMITED
NAME_221	EKTBLY LTD
NAME_222	ELECTRONIC MARKET SYSTEMS LTD
NAME_223	ELITE TECHNOLOGICAL SOLUTIONS LTD
NAME_224	ENRO SOLUTIONS LIMITED
NAME_225	ENTROM LIMITED
NAME_226	ENVISION MEDIA &  PUBLICATIONS LIMITED
NAME_227	EQ ENTERPRISES LIMITED
NAME_228	ERICA LABS LTD
NAME_229	ESCHMANN LIMITED
NAME_230	ESTORA LTD
NAME_231	EUMIS LIMITED
NAME_232	EUREKA NETWORKS LIMITED
NAME_233	EUROPEAN CENTRE FOR RESEARCH &  CONSULTANCY LTD
NAME_234	EVA GALO LTD.
NAME_235	EVORI LIMITED
NAME_236	EXACT EDITIONS LIMITED
NAME_237	EXCEL IT TECHNOLOGIES LTD
NAME_238	EXPATGLOBAL LIMITED
NAME_239	EXPOSHOPS LTD
NAME_240	EXTREME ELECTRONICS LTD.
NAME_241	EXWAL LTD.
NAME_242	F6S NETWORK LIMITED
NAME_243	FACTOM FOUNDATION LIMITED
NAME_244	FALLYFIN IT &  ELECTRONICS LTD.
NAME_245	FAN DOMAINS LTD
NAME_246	FARNTRON LIMITED
NAME_247	FEELSFLOW LTD
NAME_248	FENERGO UK LIMITED
NAME_249	FENGSTONE UK LTD
NAME_250	FINTIA LTD
NAME_251	FIRE MEDIA INTERACTIVE LTD
NAME_252	FIREBIRD MEDIA LIMITED
NAME_253	FIRST EASYTEC LTD
NAME_254	FISHEREK LIMITED
NAME_255	FLASH CLOUD SOLUTIONS LIMITED
NAME_256	FLIP SPORTS LIMITED
NAME_257	FLOWSTATE LIMITED
NAME_258	FLOYD TECHNOLOGIES LIMITED
NAME_259	FLUID ADS LIMITED
NAME_260	FOOTFALLS LIMITED
NAME_261	FOR TOMORROW LTD
NAME_262	FOREX ADVISER LIMITED
NAME_263	FORIS HOLDINGS LIMITED
NAME_264	FOURCUBE LIMITED
NAME_265	FREAKINWARE LIMITED
NAME_266	FRIENDSHIPUK LTD
NAME_267	FROGNATION LTD.
NAME_268	FRUUMI LIMITED
NAME_269	FUNKY LEMON WEB LTD
NAME_270	FURTHERMORE LTD
NAME_271	FUTURA TECHNOLOGIES LIMITED
NAME_272	GENERALCONSULT LIMITED
NAME_273	GENESIS GLOBAL TECHNOLOGY LIMITED
NAME_274	GENESIS TECHNOLOGY ARCHITECTURE LIMITED
NAME_275	GEOHUBB LIMITED
NAME_276	GEORGIE LIMITED
NAME_277	GHOSTERY LIMITED
NAME_278	GIOASS DOMAINS LIMITED
NAME_279	GLOBAL PUBLISHING SOLUTIONS LTD
NAME_280	GLOBAL TECHNOLOGY LONDON LIMITED
NAME_281	GLOOMLASH INCORPORATION LIMITED
NAME_282	GLOPAY LIMITED
NAME_283	GMCFAR LIMITED
NAME_284	GOCARDLESS LTD
NAME_285	GOLDFISH DIGITAL MEDIA LIMITED
NAME_286	GOLDSTAR ELECTRONICS LTD
NAME_287	GOLFERS' MATCH LIMITED
NAME_288	GOMABU LIMITED
NAME_289	GOOD IDEAS FOR INTERNET LTD
NAME_290	GOTHAM STREET UK LIMITED
NAME_291	GREEN FIELDS TECHNOLOGY LIMITED
NAME_292	GVC LIMITED
NAME_293	GX2 TECHNOLOGY LIMITED
NAME_294	HALAL SPOT LTD
NAME_295	HANDYMARTIAN LTD
NAME_296	HAYFORD RECRUITMENT LIMITED
NAME_297	HAZELTREE TREASURY UK LTD.
NAME_298	HCF AUTOMATION LIMITED
NAME_299	HEALTHFORGE LTD
NAME_300	HIGHGOLD COMMUNICATIONS LIMITED
NAME_301	HOB CONSULTING LTD
NAME_302	HOMES YOU SHARE LIMITED
NAME_303	HOPESTEAD MANAGEMENT LTD
NAME_304	HU BU LIMITED
NAME_305	HUUPE LIMITED
NAME_306	HYBRID SMART CONTRACTS MEDIA LIMITED
NAME_307	HYDROAUTOMATION LTD
NAME_308	HYPERCYBERNETICS COMPUTATIONAL FINANCE RESEARCH CENTER LTD
NAME_309	IDEABUILDER LIMITED
NAME_310	IDN PROJECTS LIMITED
NAME_311	IGNITE UTILITY LIMITED
NAME_312	ILAB LIMITED
NAME_313	IMPORT.IO LIMITED
NAME_314	IMRAN BAIG MOBILE SOFTWARE TECHNOLOGIES LIMITED
NAME_315	INCOMMON LTD
NAME_316	INFERENTIAL LTD
NAME_317	INFINITY HOT TUBS LIMITED
NAME_318	INFO STOR LIMITED
NAME_319	INFODOCS LIMITED
NAME_320	INFORMATION EXPERIENCE LIMITED
NAME_321	"INFORMATION SERVICES EXTENDED, UK LTD"
NAME_322	INFORMATION TECHNOLOGY EUROPE PUBLIC SECTOR LIMITED
NAME_323	INFOSAAS LTD
NAME_324	INFOSECO LTD
NAME_325	INFYLINE LIMITED
NAME_326	INGENIOUS BUSINESS SOLUTIONS LIMITED
NAME_327	INKU CONSULTANTS LIMITED
NAME_328	INNOVA8E LIMITED
NAME_329	INSIGHT INTERNATIONAL (UK) LTD
NAME_330	INSOLYTICS LIMITED
NAME_331	INSTAPRISE SOLUTIONS LIMITED
NAME_332	INTCOMMERCE LTD
NAME_333	INTEGRATION AND SOFTWARE LIMITED
NAME_334	INTERFAX UK LIMITED
NAME_335	INTERNET E-MAIL LIMITED
NAME_336	INTERPRETERS-ON-CALL LTD
NAME_337	INTERPRETERSPORTAL LTD
NAME_338	INVESTIN LTD
NAME_339	IOLOGICS LIMITED
NAME_340	IONOVA LIMITED
NAME_341	IPROCURE LIMITED
NAME_342	IPUBLIC SOLUTIONS LIMITED
NAME_343	IQ PROFESSIONAL LIMITED
NAME_344	IQSYS SECURITY LTD
NAME_345	IRATEU LTD
NAME_346	IRATEU VENTURES LTD
NAME_347	IRISATION LTD
NAME_348	IS IT MEANT TO DO THAT? LTD
NAME_349	ISTOP KIOSKS LIMITED
NAME_350	IT SYSTEMS SOLUTIONS LIMITED
NAME_351	IT XPERT LTD
NAME_352	ITEXTPORTAL LTD
NAME_353	ITFINSG LTD
NAME_354	ITSALLWEDO LIMITED
NAME_355	J.M. COMPUTING LIMITED
NAME_356	JABO LTD
NAME_357	JAJ CAPITAL LTD
NAME_358	JARVIS MARKETING LTD
NAME_359	JAVELIN BROADBAND LIMITED
NAME_360	JIGZONE.COM LIMITED
NAME_361	JINITO LTD
NAME_362	JMC. IT GROUP LIMITED
NAME_363	JS INFORMATION SYSTEMS LIMITED
NAME_364	JULIUS CAESAR CONSULTANCY LTD
NAME_365	JWR TRADING LIMITED
NAME_366	KANDOLA LUXURIES LTD
NAME_367	KARTEPAY TECHNOLOGIES LTD
NAME_368	KAWIKY LIMITED
NAME_369	KEEBOO UK LTD
NAME_370	KEEP IT SIMPLE LIMITED
NAME_371	KEMLING LTD
NAME_372	KENNETIQ LTD.
NAME_373	KETZEN LTD
NAME_374	KINGSTON WEB SERVICES LIMITED
NAME_375	KITENZI LTD
NAME_376	KIWANO LTD
NAME_377	KIYATA LIMITED
NAME_378	KLARKWERK LTD
NAME_379	KNOWLEDGE WORKERS LIMITED
NAME_380	KUKZY TECHNOLOGIES LIMITED
NAME_381	LABGRAPHIQUE. LIMITED
NAME_382	LADIES SAFE LTD
NAME_383	LAPTOPFRIENDLY LTD
NAME_384	LATTISPHERE LTD
NAME_385	LAUGHTON IT SERVICES LIMITED
NAME_386	LAURENCE POSTGATE LIMITED
NAME_387	LAZY FACTORY LTD
NAME_388	LEAD LOGIC LTD
NAME_389	LEAN PERSPECTIVE LTD
NAME_390	LEFT SHIFT IT LIMITED
NAME_391	LEGALEYE (INTERNATIONAL) LIMITED
NAME_392	LEGALSURE LTD
NAME_393	LEMON YETI MEDIA LTD
NAME_394	LENDERWIZE LIMITED
NAME_395	LENOLA LTD
NAME_396	LIFE DESIGN GROUP LIMITED
NAME_397	LIGHTNESS IT LTD
NAME_398	LINKAGE DESIGN LIMITED
NAME_399	LITTLEBIRD ONLINE LTD
NAME_400	LIVE SMARTER LTD.
NAME_401	LOCALSTARS LTD
NAME_402	LOCATA (HOUSING SERVICES) LIMITED
NAME_403	LOGIC REPLACE LIMITED
NAME_404	LOGIC SOFT LTD
NAME_405	LOGINWORK LTD
NAME_406	LOKI INTERNET LIMITED
NAME_407	LONDON COLLEGE OF INFORMATION TECHNOLOGY LTD
NAME_408	LOYALTY PRIME LIMITED
NAME_409	LUCKY YOU STUDIO LTD
NAME_410	LUMINEA IT SOLUTIONS LIMITED
NAME_411	LUPON MEDIA LTD
NAME_412	LUX REPAIR LTD
NAME_413	LYCOM CORPORATION LTD
NAME_414	LYTRIBE LTD
NAME_415	M/A WORK LIMITED
NAME_416	MAC CREATIONS LTD
NAME_417	MADDOX MARKETING LTD
NAME_418	MAGENTA IT CONSULTING LTD
NAME_419	MAGNETIC IT LIMITED
NAME_420	MAILJET SAAS LTD
NAME_421	MANAGIS LTD
NAME_422	MANDIANT LTD.
NAME_423	MAR IT SERVICES LTD
NAME_424	MASTER IN RESEARCH LTD
NAME_425	MASTERING MEDIA (PRODUCTION ADVICE) LTD
NAME_426	MASTERS OF CEREMONIES LIMITED
NAME_427	MBA INFORMATION TECHNOLOGY LIMITED
NAME_428	MBA TECHNOLOGIES LIMITED
NAME_429	MC ITS LIMITED
NAME_430	MCLEOD ENTERPRISES LTD
NAME_431	MEDECARD LIMITED
NAME_432	MEDIA72 HOSTING LIMITED
NAME_433	MEGANETWORK LTD
NAME_434	MENDI ASSOCIATES LIMITED
NAME_435	MENUKOOL FOODS LIMITED
NAME_436	MILLHOUSE KAYSER LIMITED
NAME_437	MINT DIGITAL LIMITED
NAME_438	MIQAT TECHNOLOGIES LIMITED
NAME_439	MISSINGLETTR LTD
NAME_440	MOBILE TECTONICS LIMITED
NAME_441	MONETIC LIMITED
NAME_442	MONGOOSE GRAY LTD
NAME_443	MOODAWAY LIMITED
NAME_444	MORNINGSTAR EUROPE LIMITED
NAME_445	MORSE GROUP LIMITED
NAME_446	MOTION SOLUTIONS LIMITED
NAME_447	MPSCOTT LTD
NAME_448	MTIVITY LIMITED
NAME_449	MULROONEY MEDIA LIMITED
NAME_450	MUNKEY LIMITED
NAME_451	MX STUDIO LTD
NAME_452	MYBUSKS LTD
NAME_453	MYCLOUDHOST LIMITED
NAME_454	MYTODDLR LTD
NAME_455	N.KO ENGINEERING LIMITED
NAME_456	NANOTEMPER TECHNOLOGIES LIMITED
NAME_457	NARC INTERACTIVE SERVICES LTD
NAME_458	NATICI LTD
NAME_459	NATIVEAPPSTUDIO LTD
NAME_460	NCP SOFTWARE &  CONSULTANT LTD
NAME_461	NCSOFT EUROPE LIMITED
NAME_462	NEONSTREAM LIMITED
NAME_463	NEPHRITE CONSULTANCY LTD
NAME_464	NERDABILITY LTD
NAME_465	NET SELECT LIMITED
NAME_466	NETRESULT SOLUTIONS LIMITED
NAME_467	NETSWITCH LIMITED
NAME_468	NETWORK &  SECURITY LIMITED
NAME_469	NETWORK FIBRE LIMITED
NAME_470	NETWORKUP LTD
NAME_471	NEUTRINO NETWORKS LTD
NAME_472	NEW BYTE LIMITED
NAME_473	NEW GAME TECHNOLOGIES LIMITED
NAME_474	NEW MODEL IDENTITY LIMITED
NAME_475	NEWGEN TECHNOLOGIES LTD
NAME_476	NEWNRG PTY LTD
NAME_477	NINESTARS INFORMATION TECHNOLOGIES UK LIMITED
NAME_478	NINETY NORTH LIMITED
NAME_479	NK IT SOLUTIONS LIMITED
NAME_480	NMX IT SOLUTIONS LTD
NAME_481	NOBLE WEB SOLUTIONS LTD
NAME_482	NODEX LIMITED
NAME_483	NOVELLIC LIMITED
NAME_484	NPIRE DIGITAL LTD
NAME_485	NUMBER VIOLET LIMITED
NAME_486	NUTRALIFE SOLUTION LIMITED
NAME_487	O'HWAYS LTD
NAME_488	ODEGRA LIMITED
NAME_489	OFFSITE DATA STORAGE LIMITED
NAME_490	OIL INTERNET LIMITED
NAME_491	ONLINE DIGITAL SOLUTIONS LIMITED
NAME_492	ONLINE SECURE LTD
NAME_493	OPEN SOURCE INNOVATIONS LIMITED
NAME_494	OPSFACTORY LIMITED
NAME_495	OPTICONVERT LTD
NAME_496	OPTIMALCORE LTD
NAME_497	ORICLE DESIGNS LTD
NAME_498	ORIEN ASSOCIATES LTD
NAME_499	OTS CORPORATION LTD
NAME_500	OTT CONSULTANTS LTD
NAME_501	OUTCODE LTD
NAME_502	P7WBB LIMITED
NAME_503	PARALLAX SOLUTIONS LTD
NAME_504	PAUL COOPER ASSOCIATES LIMITED
NAME_505	PC IT SOLUTIONS LIMITED
NAME_506	PEAKWAVE LTD
NAME_507	PEAMEW DIGITAL LIMITED
NAME_508	PEERIUS LTD
NAME_509	PELASGUS LIMITED
NAME_510	PERHAM UK LTD
NAME_511	PERSONAL 24 LIMITED
NAME_512	PETER DIVOS CONSULTING LIMITED
NAME_513	PHMUSEUM LTD
NAME_514	PINEMARTEN EDUCATION LTD
NAME_515	PINETEC LIMITED
NAME_516	PIPSKI LIMITED
NAME_517	PIXELRIGHTS LIMITED
NAME_518	PIXSENS LTD
NAME_519	PLANETARY VISIONS LIMITED
NAME_520	PLATFI LTD
NAME_521	PLATINUM BLUE LIMITED
NAME_522	POMEGRANATE HEALTH LTD
NAME_523	POSSIBLE POINT PRIVATE LIMITED
NAME_524	POST &  PLACE (UK) LTD
NAME_525	PRAMATI TECHNOLOGIES EUROPE LIMITED
NAME_526	PROCYON STUDIOS LIMITED
NAME_527	PRODAPT (UK) LIMITED
NAME_528	PRODATA TECHNOLOGY LIMITED
NAME_529	PRODEMIC LTD
NAME_530	PROFIMO LTD
NAME_531	PROGRAMMATIC.LY LIMITED
NAME_532	PROMAST TECHNOLOGY LIMITED
NAME_533	PROXIMA WEB LTD
NAME_534	QLMIETO LTD
NAME_535	QUCONT LIMITED
NAME_536	QUEST TECHNOLOGIES (LONDON) LIMITED
NAME_537	QUINTAIN TECHNOLOGY SOLUTIONS LIMITED
NAME_538	RANK-1 (SOUTH) LIMITED
NAME_539	RANKERS LIMITED
NAME_540	RAPPIDLY LTD
NAME_541	RCS (CAD) LTD
NAME_542	REAL DATACENTRES (EMEA) LIMITED
NAME_543	REALITY HITS LTD
NAME_544	RED PANDA MEDIA LIMITED
NAME_545	RED RAINBOWS LTD
NAME_546	REDHAT IT LTD
NAME_547	REDSTONE DATA SOLUTIONS LIMITED
NAME_548	REGIUM CONSULTING LIMITED
NAME_549	REVERSE DELTA LIMITED
NAME_550	RIVERSIDE COMPUTING SOLUTIONS LTD
NAME_551	RJM.IT LIMITED
NAME_552	RM &  JT CONSULTING LTD
NAME_553	ROAD TO WORK LIMITED
NAME_554	ROBUCODE LIMITED
NAME_555	ROKK3R LABS EMEA LTD
NAME_556	"ROOKA, LTD"
NAME_557	ROOM ONE DESIGN LIMITED
NAME_558	ROOM ONE DIGITAL LIMITED
NAME_559	ROSAMAN LTD.
NAME_560	ROSENDAHL CONCEPTKIOSK LTD
NAME_561	RPM DIGITAL LTD
NAME_562	RTS (RESEARCH &  TECHNOLOGY SOLUTIONS) LTD
NAME_563	RUMMBLE LIMITED
NAME_564	SAAIMO LTD
NAME_565	SAHY INTERNATIONAL MANAGEMENT LTD
NAME_566	SATCHCORP LTD
NAME_567	SAVVY EYE MEDIA LIMITED
NAME_568	SAVWIRE LTD
NAME_569	SCHOOLS MATTER PARTNERS LIMITED
NAME_570	SEARCH MAGNET MARKETING LTD
NAME_571	SECONDBYTE MICROS LTD
NAME_572	SECURE GLOBAL TECHNOLOGIES LTD
NAME_573	SECURITY HEADS LIMITED
NAME_574	SECURYS LIMITED
NAME_575	SEFRICAN LIMITED
NAME_576	SERVICE4SERVER LIMITED
NAME_577	SHARK DIGITAL CONSULTANCY LTD
NAME_578	SHARK HOSTING LIMITED
NAME_579	SHARK TANK LIMITED
NAME_580	SHARP DIGITAL ASSEMBLY LTD
NAME_581	SHEERIE LIMITED
NAME_582	SHINY IDEAS LTD
NAME_583	SHUFFZCO LIMITED
NAME_584	SIENTECH LTD
NAME_585	SIGMA VENTURES LIMITED
NAME_586	SILVERLAKE SYMMETRI (EUROPE) LIMITED
NAME_587	SIM GLOBAL MARKETS LIMITED
NAME_588	SIMBOLIC LTD
NAME_589	SIMON MARSDEN LIMITED
NAME_590	SIMPLE DIGITAL LTD
NAME_591	SKWILE LTD.
NAME_592	SKYGATE DIGITAL LTD
NAME_593	SLEEK NETWORKS LIMITED
NAME_594	SMART STORAGE TECHNOLOGIES LIMITED
NAME_595	SMARTERKEY LIMITED
NAME_596	SMARTLOGIC SCHEMASERVER LIMITED
NAME_597	SMARTSESSION LTD
NAME_598	SNET GLOBAL LTD
NAME_599	SNS TECHNOLOGIES LIMITED
NAME_600	SOFTWARE SOLUTIONS (UK) LIMITED
NAME_601	SOKAM ONLINE LIMITED
NAME_602	SOL MARKET LTD
NAME_603	SOLID STATE INFLIGHT LIMITED
NAME_604	SOLISTECH SOLUTIONS LTD
NAME_605	SPARKLE &  FLOW LIMITED
NAME_606	SPECIALISTSUK LIMITED
NAME_607	SPEECHBUBBLE CONSULTANCY LIMITED
NAME_608	SPIRISICAL LIMITED
NAME_609	SPOTAHOME LTD
NAME_610	SPRING DIGITAL LIMITED
NAME_611	SPRINKLR UK LTD
NAME_612	SQUARE EYE LIMITED
NAME_613	STACK EXCHANGE LTD
NAME_614	STANDARD GLOBAL SOLUTIONS LTD
NAME_615	STANFORD ELECTRICAL CONTRACTING LTD
NAME_616	STAR DOT HELP COMPUTER CONSULTING LIMITED
NAME_617	STARKWAY LTD.
NAME_618	STARTIDE LIMITED
NAME_619	STEHLE CONSULTING LIMITED
NAME_620	STREAM UK MEDIA SERVICES LIMITED
NAME_621	STREAMESS LIMITED
NAME_622	STREAMTRAIN LIMITED
NAME_623	STUDIOF CREATIVE LTD
NAME_624	SUCCESSFUL INTERNET LIMITED
NAME_625	SUN SYSTEMS IT SERVICES LIMITED
NAME_626	SUNNER CONSULTANCY LTD
NAME_627	SUPREME SUCCESS STRATEGIES LTD
NAME_628	SURREY SYSTEMS PARTNERSHIP LTD
NAME_629	SVVISH LIMITED
NAME_630	SWIFTEE TECHNOLOGY LIMITED
NAME_631	SYNAPSES IT LIMITED
NAME_632	SYZYGY UK LIMITED
NAME_633	TAKEMEOUT LTD
NAME_634	TAMETON SOLUTIONS LIMITED
NAME_635	TAYSTME LTD
NAME_636	TEAM IT CONSULTING LIMITED
NAME_637	TEAMSPACE LTD.
NAME_638	TECH TRAINERS LTD
NAME_639	TECHPROWORLD LIMITED
NAME_640	TELEFOTONIKA LIMITED
NAME_641	TESSA CAPITAL LIMITED
NAME_642	TESTING SOLUTIONS LIMITED
NAME_643	TESTING TRAINING SOLUTIONS LIMITED
NAME_644	THAMESTEC LTD
NAME_645	THE BULL STUDIO LTD
NAME_646	THE DATACENTRE ADVISORY GROUP LIMITED
NAME_647	THE LIGHT IT SUPPORT LTD
NAME_648	THE NEW BLACK CREATIVE STUDIO LIMITED
NAME_649	THE PROSPEROUS SHOP LTD
NAME_650	THEHEALTHFINDER HOLDINGS LIMITED
NAME_651	THEM DIGITAL ASSISTANCE LTD
NAME_652	THINGTHING LTD
NAME_653	THINK DIGITALLY SOFTWARE LTD
NAME_654	THINKING CIRCLE LIMITED
NAME_655	THOMPSON FLETCHER ASSOCIATES LIMITED
NAME_656	THRIVE FINANCIAL LIMITED
NAME_657	TIBTEC LTD
NAME_658	TIKIT LIMITED
NAME_659	TIMED LTD
NAME_660	TIMTOMINC LIMITED
NAME_661	TLDOMAINS LTD
NAME_662	TOBORSOFT LTD
NAME_663	TOTAL MEDIA MARKETING LTD
NAME_664	TRACEMEDIA PROJECTS LIMITED
NAME_665	TRADEWARE GLOBAL UK LIMITED
NAME_666	TRADEXPERT LIMITED
NAME_667	TRAINLINE INTERNATIONAL LIMITED
NAME_668	TRAINLINE.COM LIMITED
NAME_669	TRANSCOMM UK LIMITED
NAME_670	TRAVIOOR LTD
NAME_671	TREAT A FRIEND LIMITED
NAME_672	TRIANA VENTURES LIMITED
NAME_673	TRIANGULATE IT LTD
NAME_674	TRIGENIS LIMITED
NAME_675	TRONCAT LIMITED
NAME_676	TSM INTERNATIONAL LTD
NAME_677	TURQUOISE SOLUTIONS LIMITED
NAME_678	U-2-ME LTD
NAME_679	U.K. BUSINESS FUNDING CENTRE LIMITED
NAME_680	UK PROPERTIES ONLINE LIMITED
NAME_681	UNBIASED LIMITED
NAME_682	UNGM LIMITED
NAME_683	UNICORN COMPUTER GRAPHICS LIMITED
NAME_684	UNIGLO FINANCIAL LIMITED
NAME_685	UNIRISX LIMITED
NAME_686	UNITED PIXELS LTD
NAME_687	UNIVERSAL BASKET LIMITED
NAME_688	UNIVERSAL RESEARCH &  CONSULTING LIMITED
NAME_689	UNPICK LTD
NAME_690	UNYFY CONSULTING LIMITED
NAME_691	URPASS.CO LIMITED
NAME_692	UVIP LIMITED
NAME_693	UWP LIMITED
NAME_694	V4TECH LIMITED
NAME_695	VAMA SOLUTIONS LIMITED
NAME_696	VCE SOLUTIONS LIMITED
NAME_697	VE INTERACTIVE LIMITED
NAME_698	VENDAVO UK LIMITED
NAME_699	VENEZZ LTD
NAME_700	VERDANT SKY LIMITED
NAME_701	VERO SOLUTIONS LIMITED
NAME_702	VIRCLOUD LTD
NAME_703	VIRTUALFILES LIMITED
NAME_704	VISITED.ME LIMITED
NAME_705	VIVACITY LABS LIMITED
NAME_706	VIVE FINANCIAL SERVICES LIMITED
NAME_707	VIZAVIZ INTERNATIONAL LTD
NAME_708	VNETIC LTD
NAME_709	VORBOSS LIMITED
NAME_710	VZINTERNET LIMITED
NAME_711	WARD MARKETING SOLUTIONS LIMITED
NAME_712	WARWICK COMPUTER REPAIRS LTD
NAME_713	WAY2G LIMITED
NAME_714	WE ARE EXPERIENCE LIMITED
NAME_715	WE ARE FRIDAY LIMITED
NAME_716	WE ARE LONDON LIMITED
NAME_717	WE MAKE WEBSITES LTD
NAME_718	WEB ARCHITECTURE AND TECHNOLOGIES LTD
NAME_719	WEB KINGDOM LIMITED
NAME_720	WEBCODE LTD
NAME_721	WHAT'S THE SCORE LIMITED
NAME_722	WHITE WATER METALS LIMITED
NAME_723	WHYM.GLOBAL LTD.
NAME_724	WIIPIX LIMITED
NAME_725	WILSON ROBOTICS LIMITED
NAME_726	WINPHD LIMITED
NAME_727	WITH ASSOCIATES DIGITAL LIMITED
NAME_728	WORDOWN LIMITED
NAME_729	WORTH DYNAMICS LTD
NAME_730	X19 LIMITED
NAME_731	XS NETWORKS LTD
NAME_732	Y1 SYSTEMS LIMITED
NAME_733	YARD NINE LIMITED
NAME_734	YESQL SOLUTIONS LIMITED
NAME_735	YOYO DATA LIMITED
NAME_736	YULAIP TECHNOLOGIES LTD
NAME_737	ZENZIUM LTD
NAME_738	ZEROONEONEZERO LIMITED
NAME_739	ZINTERNETGROUP LTD
NAME_740	ZOARING LIMITED
NAME_741	ZULIOS LIMITED
NAME_742	360 CLOUD NETWORKS LTD
NAME_743	360 DIGI MARKETING LTD
NAME_744	3G OUTSOURCE LIMITED
NAME_745	4T TECHNOLOGY LTD
NAME_746	ACKNOWLEDGEMENT LIMITED
NAME_747	ACTIVISTIC (UK) LTD
NAME_748	AGITEK LTD
NAME_749	AGORABYTES LIMITED
NAME_750	AH BUSINESS SERVICES AND CONSULTANCY LTD
NAME_751	AIR TUNNEL SOLUTIONS LIMITED
NAME_752	ALLE-IT LTD
NAME_753	ASKIA UK LIMITED
NAME_754	ASMISOFT TECHNOLOGIES LIMITED
NAME_755	ASTABIS IRM LTD
NAME_756	AUTONOWARE LIMITED
NAME_757	BCN INTEGRATED LTD.
NAME_758	BEHIND PIXELS LTD
NAME_759	BRAVOSOLUTION UK LIMITED
NAME_760	BROWN PAPER CONSULTING LIMITED
NAME_761	CAPACITAS LIMITED
NAME_762	CERBERUS SECURITY LABORATORIES LIMITED
NAME_763	CIBANDO LTD
NAME_764	CINSPIRED DESIGNS LIMITED
NAME_765	CITY TEST LIMITED
NAME_766	CLOUD DIGITAL RESEARCH LTD
NAME_767	CLOUD ESTATE LIMITED
NAME_768	CLOUDBRIDGE LTD
NAME_769	COASTAL UNION LTD
NAME_770	CODELOCKE SOLUTIONS PRIVATE LIMITED
NAME_771	COMDEVELOPMENT LIMITED
NAME_772	COREAZURE LIMITED
NAME_773	CREDO JPN LIMITED
NAME_774	CROSSCOUNTRY AERO LTD
NAME_775	CRUX NETWORK LIMITED
NAME_776	CUSTOM TECHNOLOGY LIMITED
NAME_777	DATAFACTUALS LIMITED
NAME_778	DATAPOWA LIMITED
NAME_779	DAVIES TECHNOLOGY CONSULTING LTD.
NAME_780	DEEAZ LTD
NAME_781	DIGITLONDON LIMITED
NAME_782	DILIGENCE CONSULTING LIMITED
NAME_783	DILIGENCE PROFESSIONAL LIMITED
NAME_784	DS TECHNOLOGIES GROUP LTD.
NAME_785	EASYCORE MEDIA LTD
NAME_786	ECONWORKS LIMITED
NAME_787	EDART LIMITED
NAME_788	ELECSERVICE LIMITED
NAME_789	ENGAGEWITHIN LTD
NAME_790	EUPING LIMITED
NAME_791	FAST NETWORK DESIGNS LTD
NAME_792	FASTPCS (UK) LTD
NAME_793	FIVESKY LIMITED
NAME_794	FLAMINGOS TECHNOLOGY SOLUTIONS UK PRIVATE LIMITED
NAME_795	FURNISH.CO.UK LTD
NAME_796	GARDENIA-IT LIMITED
NAME_797	GARYT LIMITED
NAME_798	GATEKEEPER (G8) LTD
NAME_799	GET BUSINESS SERVICES LIMITED
NAME_800	GROOVY GECKO LTD
NAME_801	GS DUN LTD
NAME_802	HALLWAY STUDIOS LIMITED
NAME_803	HARMAN CONNECTED SERVICES UK LIMITED
NAME_804	HCI GROUP UK LIMITED
NAME_805	HIGH RELEVANCE LIMITED
NAME_806	HSD TECHNOLOGIES LIMITED
NAME_807	HUBA DIGITAL LIMITED
NAME_808	ICOMPLI LIMITED
NAME_809	IKNOW SOLUTIONS UK LTD
NAME_810	INDIGO SQUARED LIMITED
NAME_811	INDUSTRIAL WINCH LTD
NAME_812	INNOVIX LTD
NAME_813	INTELLIGENT SOLUTIONS TECHNOLOGIES LIMITED
NAME_814	INTERNET PROMOTION EUROPE LIMITED
NAME_815	INZU LIMITED
NAME_816	JAZZ SOFTWARE LIMITED
NAME_817	K1 LIMANOWKA LTD
NAME_818	L.E.D. PRODUCTIONS LIMITED
NAME_819	LEARNING CONNEXIONS (UK) LTD.
NAME_820	LIFFEY LABS LIMITED
NAME_821	LONDON DIGITALBEAMS LIMITED
NAME_822	LTB DIGITAL LIMITED
NAME_823	MACROLINK SOLUTIONS LTD
NAME_824	MAGENCO LTD
NAME_825	MAIDENHEAD BRIDGE LIMITED
NAME_826	MARIUS DALEY LTD.
NAME_827	MARKET APPEAL LIMITED
NAME_828	MAXHILL CONSULTING LTD
NAME_829	MBTA LIMITED
NAME_830	METALUXO IT SECURITY LTD
NAME_831	METHODS DIGITAL LIMITED
NAME_832	METHODS ENTERPRISE LIMITED
NAME_833	MICRO PHOENIX
NAME_834	MIDDLE EAST CAREER LTD
NAME_835	MITHRA MEDIA LTD
NAME_836	MIU NETWORK LTD
NAME_837	MULTIPLOGIC LIMITED
NAME_838	MUNDUS LIMITED
NAME_839	MYMALL LTD
NAME_840	NCODER MEDIA SERVICES LIMITED
NAME_841	NELLESYS LTD
NAME_842	NEOPRAXIS LIMITED
NAME_843	NETSTAR UK LTD
NAME_844	NEWCOINCLUB LIMITED
NAME_845	NIO INNOVATION LIMITED
NAME_846	NU INNOVATION LIMITED
NAME_847	OBAFORTE LIMITED
NAME_848	ONLINUM LIMITED
NAME_849	ORHAN IT SERVICES LTD.
NAME_850	ORLON SOLUTIONS LTD
NAME_851	PETCONNECT TECHNOLOGIES LIMITED
NAME_852	POLMODE LIMITED
NAME_853	PUZZLESTONE LIMITED
NAME_854	RAZOR AGENCY LIMITED
NAME_855	REAPIT LIMITED
NAME_856	RECOGNITION ARTIST MANAGEMENT LIMITED
NAME_857	RELOCATION LIMITED
NAME_858	RIGHTS TRACKER LIMITED
NAME_859	SCASASCIA LIMITED
NAME_860	SEARCH ENGINEERS LIMITED
NAME_861	SEIDOR UK LTD
NAME_862	SELECT CONSULTING PARTNERS LIMITED
NAME_863	SERVERMASTER LTD
NAME_864	SMALL WORLD SOLUTIONS LIMITED
NAME_865	SMART TRANSFER LIMITED
NAME_866	SOLYARIS LTD
NAME_867	SPORTMATE INT. LIMITED
NAME_868	STONEWALL IT SOLUTIONS LTD
NAME_869	SUPERMICRO LIMITED
NAME_870	THE GDPR GROUP LIMITED
NAME_871	TIEFNETZ LIMITED
NAME_872	TIER 1 PUBLISHING LIMITED
NAME_873	TRANK TECHIES PRIVATE LIMITED
NAME_874	TRANSGLOBE TRADING CORPORATION LIMITED
NAME_875	TROENDLE LIMITED
NAME_876	TURTL SURF &  IMMERSE LIMITED
NAME_877	ULTRARAPID LOCAL DELIVERY LTD
NAME_878	UNTESTED LIMITED
NAME_879	UPSHOT LIMITED
NAME_880	URBAN INTELLIGENCE LTD
NAME_881	US COMPUTERS (UK) LIMITED
NAME_882	VELOCITI EUROPE LIMITED
NAME_883	VOIPEX LIMITED
NAME_884	VUNGLE LIMITED
NAME_885	WALLEPT LTD
NAME_886	WEBADELICA LTD
NAME_887	WEBJETS LIMITED
NAME_888	WHITE LIGHT TECHNOLOGY LTD
NAME_889	WIPSTY LTD
NAME_890	WIRED CANVAS LIMITED
NAME_891	WISENS LIMITED
NAME_892	WORIFY MEDIA LTD
NAME_893	XANTURA LIMITED
NAME_894	ZOEPROPERTY LTD
NAME_895	ADEVANCE LTD
NAME_896	AGILE KONSULT LIMITED
NAME_897	ALLIED WARDEN MARKETING LIMITED
NAME_898	ANI ALEXANDER LTD
NAME_899	ANTLERE LIMITED
NAME_900	ANYTIME AROUND LTD
NAME_901	AUREOLIN CORPORATION LIMITED
NAME_902	AXTEK LTD
NAME_903	BIG DATA PARTNERSHIP LIMITED
NAME_904	BIMOPS LTD
NAME_905	BLUE-CANOE LIMITED
NAME_906	CHAINSIDE LTD
NAME_907	CHINA GREAT FIRE WALL NETWORK LIMITED
NAME_908	CHOICE WHEEL LTD
NAME_909	CYBER-GUARD ENTERPRISE LTD
NAME_910	DEV4BB LIMITED
NAME_911	DIGITAL TACTICS INFRASTRUCTURE LTD
NAME_912	DOMAIN CORP LTD
NAME_913	DTS SOLUTION - CYBER SECURITY LIMITED
NAME_914	DUFTAR LIMITED
NAME_915	EPIPHYTE (UK) LTD
NAME_916	ETHICA INTERNET LTD
NAME_917	EUSTON CONSULTANCY SERVICES LTD
NAME_918	F2 CONSULTANTS LIMITED
NAME_919	G1ANT LTD
NAME_920	GLOBAL BIZZ SERVICES LIMITED
NAME_921	HIERARCHY CONSULTING LIMITED
NAME_922	HUBJET LIMITED
NAME_923	IKERTON LTD
NAME_924	INDUS GLOBAL CORP LTD
NAME_925	INNOVATIVE INTERFACES INTERNATIONAL LIMITED
NAME_926	INNOVATIVE INTERFACES LIMITED
NAME_927	INSTASMART SOFTWARE SOLUTIONS LIMITED
NAME_928	ITCSS (IT CONSULTING SUPPORT &  STRATEGIES) LTD
NAME_929	JAYS SYSTEMS LTD
NAME_930	JMLNET LTD
NAME_931	JOUPLE LIMITED
NAME_932	LOST PIXELS LIMITED
NAME_933	MAKE IT PROFESSIONAL LTD
NAME_934	MATSON DIGITAL LTD
NAME_935	MAXOFT LIMITED
NAME_936	MINDVIEW CONSULTING LIMITED
NAME_937	MORGAN BROOKS SERVICES LTD
NAME_938	MTG ENTERPRISE LIMITED
NAME_939	NEW CRANE LIMITED
NAME_940	OCTAVIAN TECHNOLOGY LTD
NAME_941	PERSEA TECHNOLOGIES LIMITED
NAME_942	QUALITY GOODS &  SERVICES LTD
NAME_943	REDMAIN SOLUTIONS LTD
NAME_944	REDSHIFT TECHNOLOGIES LIMITED
NAME_945	REDSTONE CONVERGED SOLUTIONS LIMITED
NAME_946	SAFEGUARD IT LIMITED
NAME_947	SHOOT ME LIMITED
NAME_948	SIGNATURE NETWORK SOLUTIONS LIMITED
NAME_949	SIMPLEWORKS INT. LIMITED
NAME_950	SMARTMED GLOBAL LIMITED
NAME_951	SOFTIMPEX LTD.
NAME_952	SONERA CORPORATIVE LTD.
NAME_953	SPARTALINK LTD
NAME_954	SPECIALIST COMPUTER SOFTWARE LIMITED
NAME_955	SS&C SOLUTIONS LIMITED
NAME_956	SYNATEL LIMITED
NAME_957	TECHXCHANGE CONSULTING LIMITED
NAME_958	TEKMONKS LTD
NAME_959	TOTAL SYSTEMS PLC
NAME_960	TRADERSERVE LIMITED
NAME_961	UNIGRAND TECHNOLOGY LIMITED
NAME_962	UTD. BY CONTENT UK LIMITED
NAME_963	VELO PRODUCTION LTD
NAME_964	VENTURE SYSTEMS LIMITED
NAME_965	VIVID BLOCK LIMITED
NAME_966	VYCRON DESIGN LIMITED
NAME_967	YOUNG ROBOT LTD
NAME_968	'RIMS ENTERPRISE SOLUTIONS LTD
NAME_969	*+ LTD
NAME_970	01 TELECOM LTD
NAME_971	01SOLUTION LTD
NAME_972	08845746 LTD
NAME_973	0902 LIMITED
NAME_974	0PT1MATES LTD.
NAME_975	0TENTIC8 LIMITED
NAME_976	1 B C LTD
NAME_977	1 CHOICE INTERNET LIMITED
NAME_978	1 MEDIA LIMITED
NAME_979	1 MINUS 1 LIMITED
NAME_980	1 ONION LTD
NAME_981	1 STOP WEB LIMITED
NAME_982	1&1 INTERNET LIMITED
NAME_983	10 CREATIVE LTD
NAME_984	10 DIGITAL LADIES LIMITED
NAME_985	10 SQUARE LIMITED
NAME_986	10000 VOLT TECHNOLOGIES LIMITED
NAME_987	10001 LIMITED
NAME_988	1001 VM LIMITED
NAME_989	100STARLINGS LIMITED
NAME_990	100X TECH LTD
NAME_991	101 CAD LTD
NAME_992	101 IT LIMITED
NAME_993	101 NET SOLUTIONS LTD
NAME_994	101 SOLUTIONS LIMITED
NAME_995	101 SYSTEM WORKS LTD
NAME_996	101 WEB LIMITED
NAME_997	101DOMAIN LIMITED
NAME_998	101SMART LIMITED
NAME_999	1045 DESIGN STUDIOS LTD
NAME_1000	10DUKE SOFTWARE LTD.
