CODE_1	EC1Y 2AB
CODE_2	EC1M 6HA
CODE_3	EC1R 0BD
CODE_4	EC1A 4HD
CODE_5	EC1A 4HD
CODE_6	EC1V 4PW
CODE_7	EC1 2AB
CODE_8	EC1V 2NX
CODE_9	EC1A 2DJ
CODE_10	EC1V 7JL
CODE_11	EC1V 2PT
CODE_12	EC1V 2NX
CODE_13	EC1Y 4TW
CODE_14	EC1V 4PY
CODE_15	EC1N 8PN
CODE_16	EC1A 2BN
CODE_17	EC1A 4EE
CODE_18	EC1M 6AW
CODE_19	EC1R 0NE
CODE_20	EC1V 4PW
CODE_21	EC1V 2NX
CODE_22	EC1A 2BN
CODE_23	EC1N 8NX
CODE_24	EC1M 3HE
CODE_25	EC1Y 0SW
CODE_26	EC1V 4PW
CODE_27	EC1M 4DH
CODE_28	EC1R 4RB
CODE_29	EC1V 2NX
CODE_30	EC1V 4UB
CODE_31	EC1A 2BN
CODE_32	EC1V 2NX
CODE_33	EC1V 2NX
CODE_34	EC1Y 4TW
CODE_35	EC1N 8PG
CODE_36	EC1V 2NX
CODE_37	EC1A 2BN
CODE_38	EC1V 4PW
CODE_39	EC1V 2NX
CODE_40	EC1V 2NX
CODE_41	EC1M 7AD
CODE_42	EC1V 4PW
CODE_43	EC1V 1LJ
CODE_44	EC1M 6BB
CODE_45	EC1R 5DF
CODE_46	EC1V 2NX
CODE_47	EC1A 4JQ
CODE_48	EC1V 2NX
CODE_49	EC1V 2NX
CODE_50	EC1V 2NX
CODE_51	EC1Y 0TH
CODE_52	EC1V 2NX
CODE_53	EC1R 3DB
CODE_54	EC1A 2BN
CODE_55	EC1V 2NX
CODE_56	EC1A 2BN
CODE_57	EC1V 2NX
CODE_58	EC1N 8PG
CODE_59	EC1M 3JB
CODE_60	EC1M 7AD
CODE_61	EC1R 0DB
CODE_62	EC1A 2BN
CODE_63	EC1A 2BN
CODE_64	EC1N 8PN
CODE_65	EC1V 2NX
CODE_66	EC1V 4PY
CODE_67	EC1V 2NX
CODE_68	EC1Y 0TH
CODE_69	EC1A 9HP
CODE_70	EC1V 4PW
CODE_71	EC1V 2NX
CODE_72	EC1V 2NX
CODE_73	EC1Y 4TW
CODE_74	EC1V 9BD
CODE_75	EC1M 6BB
CODE_76	EC1R 0BD
CODE_77	EC1V 2NX
CODE_78	EC1N 8JY
CODE_79	EC1R 0BE
CODE_80	EC1V 2NX
CODE_81	EC1N 8SS
CODE_82	EC1V 2NX
CODE_83	EC1V 2NX
CODE_84	EC1V 8BJ
CODE_85	EC1R 0BD
CODE_86	EC1R 3DB
CODE_87	EC1V 8AR
CODE_88	EC1N 8PG
CODE_89	EC1N 6TD
CODE_90	EC1V 2NX
CODE_91	EC1N 8PN
CODE_92	EC1N 8PN
CODE_93	EC1V 4PW
CODE_94	EC1A 2BN
CODE_95	EC1A 2BN
CODE_96	EC1N 8LE
CODE_97	EC1A 4HD
CODE_98	EC1V 4PW
CODE_99	EC1V 4PW
CODE_100	EC1N 6TE
CODE_101	EC1M 7AD
CODE_102	EC1V 1NY
CODE_103	EC1V 2NX
CODE_104	EC1A 7AJ
CODE_105	EC1A 7AJ
CODE_106	EC1R 0NE
CODE_107	EC1V 9BD
CODE_108	EC1N 7TJ
CODE_109	EC1V 2NX
CODE_110	EC1V 2NX
CODE_111	EC1R 0AT
CODE_112	EC1V 2NX
CODE_113	EC1R 5BX
CODE_114	EC1M 4JN
CODE_115	EC1N 8PG
CODE_116	EC1V 4PW
CODE_117	EC1A 9ET
CODE_118	EC1V 4PW
CODE_119	EC1V 4PW
CODE_120	EC1M 4JN
CODE_121	EC1V 4PY
CODE_122	EC1Y 8NA
CODE_123	EC1M 4BH
CODE_124	EC1A 2BN
CODE_125	EC1A 2BN
CODE_126	EC1R 0BD
CODE_127	EC1A 4AB
CODE_128	EC1A 4AB
CODE_129	EC1R 0LY
CODE_130	EC1V 2NX
CODE_131	EC1V 2NX
CODE_132	EC1V 7JX
CODE_133	EC1V 2NX
CODE_134	EC1A 9ET
CODE_135	EC1V 4PW
CODE_136	EC1V 2NX
CODE_137	EC1V 2NX
CODE_138	EC1N 8PG
CODE_139	EC1V 2NX
CODE_140	EC1A 2BN
CODE_141	EC1V 9EE
CODE_142	EC1V 9BD
CODE_143	EC1V 2NX
CODE_144	EC1V 2NX
CODE_145	EC1M 7AD
CODE_146	EC1V 9BD
CODE_147	EC1N 8PG
CODE_148	EC1M 4JN
CODE_149	EC1V 2NX
CODE_150	EC1A 2BN
CODE_151	EC1V 2DW
CODE_152	EC1V 4PY
CODE_153	EC1R 5BX
CODE_154	EC1V 7DF
CODE_155	EC1Y 2AB
CODE_156	EC1M 4BH
CODE_157	EC1V 2NX
CODE_158	EC1M 4DN
CODE_159	EC1A 2BN
CODE_160	EC1R 3DB
CODE_161	EC1V 9AU
CODE_162	EC1M 4EH
CODE_163	EC1M 6AW
CODE_164	EC1Y 4SA
CODE_165	EC1V 4PW
CODE_166	EC1V 2NX
CODE_167	EC1V 4PW
CODE_168	EC1V 9EE
CODE_169	EC1N 6TD
CODE_170	EC1V 2NX
CODE_171	EC1V 2NX
CODE_172	EC1V 4PW
CODE_173	EC1A 2BN
CODE_174	EC1M 4DN
CODE_175	EC1M 6AW
CODE_176	EC1V 2NX
CODE_177	EC1M 6BB
CODE_178	EC1V 4PW
CODE_179	EC1M 6HA
CODE_180	EC1V 4PY
CODE_181	EC1V 2NX
CODE_182	EC1R 3DB
CODE_183	EC1M 3HE
CODE_184	EC1V 2NX
CODE_185	EC1V 4PW
CODE_186	EC1V 4PW
CODE_187	EC1V 4PW
CODE_188	EC1R 3DB
CODE_189	EC1R 3DB
CODE_190	EC1N 8JY
CODE_191	EC1N 8PG
CODE_192	EC1M 3LN
CODE_193	EC1A 9ET
CODE_194	EC1V 2NX
CODE_195	EC1V 4PY
CODE_196	EC1M 6HA
CODE_197	EC1R 0BD
CODE_198	EC1V 2DW
CODE_199	EC1V 2NX
CODE_200	EC1A 2BN
CODE_201	EC1V 2NX
CODE_202	EC1Y 2AB
CODE_203	EC1Y 2AB
CODE_204	EC1A 2BN
CODE_205	EC1R 3DB
CODE_206	EC1V 9EY
CODE_207	EC1V 2NX
CODE_208	EC1V 2NX
CODE_209	EC1V 2NX
CODE_210	EC1N 8PN
CODE_211	EC1R 3DB
CODE_212	EC1V 4PW
CODE_213	EC1V 2NX
CODE_214	EC1V 9BD
CODE_215	EC1R 5HL
CODE_216	EC1V 2NX
CODE_217	EC1V 4PY
CODE_218	EC1N 8JN
CODE_219	EC1A 2BN
CODE_220	EC1R 3DB
CODE_221	EC1V 4PW
CODE_222	EC1M 4JN
CODE_223	EC1A 2BN
CODE_224	EC1V 4PW
CODE_225	EC1N 8PG
CODE_226	EC1V 2NX
CODE_227	EC1V 2NX
CODE_228	EC1V 2NX
CODE_229	EC1V 2DW
CODE_230	EC1V 9EE
CODE_231	EC1R 0BD
CODE_232	EC1N 8JY
CODE_233	EC1A 2BN
CODE_234	EC1V 2NX
CODE_235	EC1R 0BD
CODE_236	EC1N 8LS
CODE_237	EC1V 4PY
CODE_238	EC1M 4JN
CODE_239	EC1V 2NX
CODE_240	EC1A 9ET
CODE_241	EC1V 2NX
CODE_242	EC1V 2NX
CODE_243	EC1A 4AB
CODE_244	EC1V 9AU
CODE_245	EC1V 4PW
CODE_246	EC1V 7RP
CODE_247	EC1V 2NX
CODE_248	EC1A 4HD
CODE_249	EC1V 4PW
CODE_250	EC1A 2BN
CODE_251	EC1V 2NX
CODE_252	EC1V 2NX
CODE_253	EC1V 2NX
CODE_254	EC1R 3DB
CODE_255	EC1A 2BN
CODE_256	EC1N 8SS
CODE_257	EC1V 4PY
CODE_258	EC1A 9ET
CODE_259	EC1V 9HX
CODE_260	EC1N 8PN
CODE_261	EC1A 2BN
CODE_262	EC1N 6TD
CODE_263	EC1V 2NX
CODE_264	EC1V 2DW
CODE_265	EC1V 2NX
CODE_266	EC1V 4PW
CODE_267	EC1V 9EE
CODE_268	EC1V 2NX
CODE_269	EC1V 4PW
CODE_270	EC1V 7ET
CODE_271	EC1N 8JY
CODE_272	EC1N 8JY
CODE_273	EC1R 3DB
CODE_274	EC1R 3DB
CODE_275	EC1V 2NX
CODE_276	EC1V 7DY
CODE_277	EC1A 2DY
CODE_278	EC1M 6BB
CODE_279	EC1M 7AD
CODE_280	EC1V 2NX
CODE_281	EC1V 2NX
CODE_282	EC1V 4PW
CODE_283	EC1V 2NX
CODE_284	EC1V 7LQ
CODE_285	EC1V 4PW
CODE_286	EC1V 2NX
CODE_287	EC1V 2NX
CODE_288	EC1V 9BD
CODE_289	EC1V 4PW
CODE_290	EC1M 7AD
CODE_291	EC1A 9PT
CODE_292	EC1Y 8LP
CODE_293	EC1V 7JL
CODE_294	EC1V 2NX
CODE_295	EC1R 3DB
CODE_296	EC1V 2QZ
CODE_297	EC1Y 4YX
CODE_298	EC1V 2NX
CODE_299	EC1V 7DY
CODE_300	EC1V 4PY
CODE_301	EC1V 4PW
CODE_302	EC1V 9BD
CODE_303	EC1V 4PW
CODE_304	EC1R 3DB
CODE_305	EC1Y 4YX
CODE_306	EC1V 2NX
CODE_307	EC1N 8PN
CODE_308	EC1V 4PW
CODE_309	EC1R 0AT
CODE_310	EC1M 7AD
CODE_311	EC1A 2BN
CODE_312	EC1M 5SA
CODE_313	EC1Y 2AB
CODE_314	EC1R 3DB
CODE_315	EC1V 4PW
CODE_316	EC1V 2NX
CODE_317	EC1R 3DB
CODE_318	EC1M 7AD
CODE_319	EC1V 2NX
CODE_320	EC1N 6TD
CODE_321	EC1A 4AB
CODE_322	EC1Y 2AB
CODE_323	EC1V 4PW
CODE_324	EC1V 2NX
CODE_325	EC1V 4PW
CODE_326	EC1A 4AB
CODE_327	EC1R 3DB
CODE_328	EC1V 2NX
CODE_329	EC1V 4PW
CODE_330	EC1V 2NX
CODE_331	EC1N 8JY
CODE_332	EC1V 4PY
CODE_333	EC1M 5UA
CODE_334	EC1Y 4YX
CODE_335	EC1R 3DB
CODE_336	EC1A 7LP
CODE_337	EC1A 7LP
CODE_338	EC1V 2NX
CODE_339	EC1N 8BR
CODE_340	EC1V 2NX
CODE_341	EC1V 2NX
CODE_342	EC1V 4PY
CODE_343	EC1N 8PG
CODE_344	EC1V 2NX
CODE_345	EC1V 2NX
CODE_346	EC1V 2NX
CODE_347	EC1A 2BN
CODE_348	EC1Y 0UA
CODE_349	EC1V 7RP
CODE_350	EC1R 3DB
CODE_351	EC1V 4JL
CODE_352	EC1V 2NX
CODE_353	EC1A 2BN
CODE_354	EC1N 8EH
CODE_355	EC1A 9PT
CODE_356	EC1R 3DB
CODE_357	EC1N 8JY
CODE_358	EC1Y 8JL
CODE_359	EC1N 6TD
CODE_360	EC1M 4DN
CODE_361	EC1V 2NX
CODE_362	EC1A 9PT
CODE_363	EC1N 2HT
CODE_364	EC1A 2BN
CODE_365	EC1M 6AW
CODE_366	EC1V 4PW
CODE_367	EC1V 2NX
CODE_368	EC1N 6TD
CODE_369	EC1A 4HD
CODE_370	EC1V 2NX
CODE_371	EC1V 4PW
CODE_372	EC1V 4PW
CODE_373	EC1A 2BN
CODE_374	EC1V 2NX
CODE_375	EC1A 2BN
CODE_376	EC1V 2NX
CODE_377	EC1V 2NX
CODE_378	EC1R 3DB
CODE_379	EC1R 3DB
CODE_380	EC1V 2NX
CODE_381	EC1V 7DY
CODE_382	EC1V 2NX
CODE_383	EC1V 2NX
CODE_384	EC1R 5ET
CODE_385	EC1V 7DY
CODE_386	EC1N 6AA
CODE_387	EC1V 2NX
CODE_388	EC1N 8PG
CODE_389	EC1V 3RS
CODE_390	EC1R 0DE
CODE_391	EC1N 8PG
CODE_392	EC1V 4PW
CODE_393	EC1V 4PW
CODE_394	EC1M 6BB
CODE_395	EC1N 8PG
CODE_396	EC1V 2NX
CODE_397	EC1V 2NX
CODE_398	EC1V 2NX
CODE_399	EC1A 9PT
CODE_400	EC1N 2HA
CODE_401	EC1V 9HX
CODE_402	EC1Y 8YZ
CODE_403	EC1V 2NX
CODE_404	EC1V 2NX
CODE_405	EC1A 2BN
CODE_406	EC1A 2BN
CODE_407	EC1N 8JY
CODE_408	EC1M 7AD
CODE_409	EC1A 2BN
CODE_410	EC1N 8PN
CODE_411	EC1N 2HA
CODE_412	EC1V 4PW
CODE_413	EC1V 4PW
CODE_414	EC1V 2NX
CODE_415	EC1R 0BD
CODE_416	EC1V 2NX
CODE_417	EC1V 4PW
CODE_418	EC1M 4JN
CODE_419	EC1A 4EN
CODE_420	EC1A 2BN
CODE_421	EC1A 9PT
CODE_422	EC1A 2DY
CODE_423	EC1V 2NX
CODE_424	EC1V 2NX
CODE_425	EC1V 2NX
CODE_426	EC1V 2NX
CODE_427	EC1V 3AS
CODE_428	EC1V 2NX
CODE_429	EC1V 7DY
CODE_430	EC1V 4PW
CODE_431	EC1M 4JN
CODE_432	EC1N 8PN
CODE_433	EC1V 4PW
CODE_434	EC1Y 8QW
CODE_435	EC1N 8JY
CODE_436	EC1V 9AZ
CODE_437	EC1R 5DF
CODE_438	EC1V 2NX
CODE_439	EC1V 2NX
CODE_440	EC1V 2NX
CODE_441	EC1M 5SA
CODE_442	EC1V 2NX
CODE_443	EC1M 7AD
CODE_444	EC1Y 1HQ
CODE_445	EC1A 4HD
CODE_446	EC1R 3DB
CODE_447	EC1N 8JY
CODE_448	EC1V 2NX
CODE_449	EC1R 0NE
CODE_450	EC1N 8LE
CODE_451	EC1N 8AN
CODE_452	EC1V 4PW
CODE_453	EC1V 2DW
CODE_454	EC1A 2BN
CODE_455	EC1R 1XX
CODE_456	EC1R 0DB
CODE_457	EC1V 2NX
CODE_458	EC1R 0BD
CODE_459	EC1V 2NX
CODE_460	EC1V 4PW
CODE_461	EC1Y 2AB
CODE_462	EC1V 4PW
CODE_463	EC1V 2NX
CODE_464	EC1V 4PW
CODE_465	EC1V 1LJ
CODE_466	EC1N 8JS
CODE_467	EC1V 2NX
CODE_468	EC1V 2NX
CODE_469	EC1V 2NX
CODE_470	EC1V 2NX
CODE_471	EC1Y 4YX
CODE_472	EC1M 6EX
CODE_473	EC1V 1AW
CODE_474	EC1V 2NX
CODE_475	EC1V 4PW
CODE_476	EC1V 2NX
CODE_477	EC1M 7AD
CODE_478	EC1R 5HL
CODE_479	EC1V 4PW
CODE_480	EC1V 2NX
CODE_481	EC1V 2NX
CODE_482	EC1V 2NX
CODE_483	EC1Y 4YX
CODE_484	EC1V 2NX
CODE_485	EC1A 2BN
CODE_486	EC1A 2BN
CODE_487	EC1V 2NX
CODE_488	EC1N 8QX
CODE_489	EC1V 4PW
CODE_490	EC1R 0AU
CODE_491	EC1N 8JY
CODE_492	EC1V 4PW
CODE_493	EC1N 8PG
CODE_494	EC1V 2NX
CODE_495	EC1V 4PW
CODE_496	EC1V 2NX
CODE_497	EC1A 2BN
CODE_498	EC1V 4PW
CODE_499	EC1N 8PN
CODE_500	EC1V 4PW
CODE_501	EC1N 8JY
CODE_502	EC1R 3DB
CODE_503	EC1V 3AN
CODE_504	EC1R 3DB
CODE_505	EC1V 4PY
CODE_506	EC1V 4PW
CODE_507	EC1A 2BN
CODE_508	EC1R 3BW
CODE_509	EC1N 6TD
CODE_510	EC1V 9NU
CODE_511	EC1Y 4YX
CODE_512	EC1N 8JY
CODE_513	EC1A 2BN
CODE_514	EC1V 2NX
CODE_515	EC1R 0BD
CODE_516	EC1R 3DB
CODE_517	EC1R 0AT
CODE_518	EC1V 2NX
CODE_519	EC1R 0LU
CODE_520	EC1V 9LL
CODE_521	EC1Y 8NA
CODE_522	EC1R 0BD
CODE_523	EC1V 2NX
CODE_524	EC1V 7JL
CODE_525	EC1M 7AD
CODE_526	EC1R 0BD
CODE_527	EC1M 7AD
CODE_528	EC1V 2NX
CODE_529	EC1V 2NX
CODE_530	EC1V 2NX
CODE_531	EC1Y 0SW
CODE_532	EC1V 2NX
CODE_533	EC1V 4PW
CODE_534	EC1V 9PD
CODE_535	EC1V 2NX
CODE_536	EC1Y 8QP
CODE_537	EC1Y 4YX
CODE_538	EC1Y 2AB
CODE_539	EC1A 9HP
CODE_540	EC1V 1JN
CODE_541	EC1V 4PW
CODE_542	EC1V 2NX
CODE_543	EC1V 4PW
CODE_544	EC1N 8PN
CODE_545	EC1N 8PG
CODE_546	EC1A 9ET
CODE_547	EC1V 2NX
CODE_548	EC1V 2NX
CODE_549	EC1V 2NX
CODE_550	EC1V 4PW
CODE_551	EC1A 2BN
CODE_552	EC1A 2BN
CODE_553	EC1R 0LU
CODE_554	EC1A 2BN
CODE_555	EC1R 5DF
CODE_556	EC1V 2NX
CODE_557	EC1V 0AU
CODE_558	EC1V 0AU
CODE_559	EC1M 3JP
CODE_560	EC1R 0DB
CODE_561	EC1V 4PW
CODE_562	EC1V 2NX
CODE_563	EC1V 2NX
CODE_564	EC1V 2NX
CODE_565	EC1V 2NX
CODE_566	EC1V 2NX
CODE_567	EC1R 1UL
CODE_568	EC1V 4PW
CODE_569	EC1N8PN
CODE_570	EC1V 4PW
CODE_571	EC1V 2NX
CODE_572	EC1Y 8JL
CODE_573	EC1M 6AW
CODE_574	EC1V 1JN
CODE_575	EC1R 3DB
CODE_576	EC1N 8PN
CODE_577	EC1M 5UA
CODE_578	EC1V 2NX
CODE_579	EC1R 3AU
CODE_580	EC1V 4PW
CODE_581	EC1A 2BN
CODE_582	EC1V 9AU
CODE_583	EC1V 9BD
CODE_584	EC1V 4PW
CODE_585	EC1V 4PY
CODE_586	EC1R 0RR
CODE_587	EC1V 9EE
CODE_588	EC1V 0BJ
CODE_589	EC1V 2NX
CODE_590	EC1V 2NX
CODE_591	EC1M 6BB
CODE_592	EC1V 4PW
CODE_593	EC1A 4AB
CODE_594	EC1N 8SB
CODE_595	EC1V 4UA
CODE_596	EC1A 4HD
CODE_597	EC1V 9EE
CODE_598	EC1A 2BN
CODE_599	EC1M 4DN
CODE_600	EC1N 8TS
CODE_601	EC1A 2BN
CODE_602	EC1N 8JY
CODE_603	EC1A 2BN
CODE_604	EC1V 2NX
CODE_605	EC1R 5DF
CODE_606	EC1A 2DY
CODE_607	EC1V 9BD
CODE_608	EC1V 7NB
CODE_609	EC1R 5DF
CODE_610	EC1A 9PT
CODE_611	EC1M 4DH
CODE_612	EC1M 4BH
CODE_613	EC1V 9BP
CODE_614	EC1V 4PW
CODE_615	EC1V 4PW
CODE_616	EC1Y 4YX
CODE_617	EC1V 2NX
CODE_618	EC1V 2NX
CODE_619	EC1A 4AB
CODE_620	EC1V 2PT
CODE_621	EC1V 2NX
CODE_622	EC1V 2NX
CODE_623	EC1M 6BB
CODE_624	EC1N 8PN
CODE_625	EC1V 4PW
CODE_626	EC1M 4JN
CODE_627	EC1V 2NX
CODE_628	EC1V 2NX
CODE_629	EC1V 2NX
CODE_630	EC1V 9BD
CODE_631	EC1A 2BN
CODE_632	EC1N 8JS
CODE_633	EC1N 7TX
CODE_634	EC1N 6TD
CODE_635	EC1V 2NX
CODE_636	EC1R 3DB
CODE_637	EC1M 7AD
CODE_638	EC1N 8PG
CODE_639	EC1V 2NX
CODE_640	EC1V 2NX
CODE_641	EC1V 3QH
CODE_642	EC1A 4AB
CODE_643	EC1A 4AB
CODE_644	EC1V 4PW
CODE_645	EC1A 2BN
CODE_646	EC1V 2NX
CODE_647	EC1R 0AT
CODE_648	EC1R 4SA
CODE_649	EC1V 9EE
CODE_650	EC1M 3HE
CODE_651	EC1M 5PA
CODE_652	EC1A 7LP
CODE_653	EC1A 2BN
CODE_654	EC1A 2BN
CODE_655	EC1V 4PY
CODE_656	EC1V 2NX
CODE_657	EC1R 3DB
CODE_658	EC1A 7AJ
CODE_659	EC1V 2NX
CODE_660	EC1V 2NX
CODE_661	EC1N 8JY
CODE_662	EC1V 2NX
CODE_663	EC1V 4PW
CODE_664	EC1V 3SU
CODE_665	EC1A 4AS
CODE_666	EC1V 2NX
CODE_667	EC1N 2TD
CODE_668	EC1N 2TD
CODE_669	EC1A 7AJ
CODE_670	EC1R 3DD
CODE_671	EC1V 9BD
CODE_672	EC1N 8SB
CODE_673	EC1V 4PW
CODE_674	EC1R 0NE
CODE_675	EC1N 8LE
CODE_676	EC1V 4PY
CODE_677	EC1R 3DB
CODE_678	EC1V 2NX
CODE_679	EC1N 2HA
CODE_680	EC1V 4PY
CODE_681	EC1V 0AU
CODE_682	EC1V 2NX
CODE_683	EC1M 4JN
CODE_684	EC1N 8PN
CODE_685	EC1Y 4UQ
CODE_686	EC1V 4PW
CODE_687	EC1R 0AT
CODE_688	EC1V 4PW
CODE_689	EC1V 9LT
CODE_690	EC1R 3DB
CODE_691	EC1N 8UN
CODE_692	EC1V 2NX
CODE_693	EC1M 5SA
CODE_694	EC1A 2BN
CODE_695	EC1V 2NX
CODE_696	EC1V 9BP
CODE_697	EC1R 3DG
CODE_698	EC1Y 4YX
CODE_699	EC1V 2NX
CODE_700	EC1R 5XB
CODE_701	EC1R 0BD
CODE_702	EC1V 4PW
CODE_703	EC1V 2DW
CODE_704	EC1M 6AW
CODE_705	EC1A 2BN
CODE_706	EC1Y 8LP
CODE_707	EC1V 2NX
CODE_708	EC1A 2BN
CODE_709	EC1M 7AD
CODE_710	EC1M 4JN
CODE_711	EC1R 0BD
CODE_712	EC1V 4PW
CODE_713	EC1A 4AB
CODE_714	EC1Y 4YX
CODE_715	EC1V 7DF
CODE_716	EC1Y 4YX
CODE_717	EC1N 8UA
CODE_718	EC1V 1NQ
CODE_719	EC1V 2NX
CODE_720	EC1A 2BN
CODE_721	EC1Y 8UE
CODE_722	EC1V 2NX
CODE_723	EC1A 7LP
CODE_724	EC1M 5PA
CODE_725	EC1V 2NX
CODE_726	EC1A 2BN
CODE_727	EC1V 9LT
CODE_728	EC1V 9BD
CODE_729	EC1N 8PN
CODE_730	EC1M 7AD
CODE_731	EC1V 2NX
CODE_732	EC1A 2BN
CODE_733	EC1V 2NX
CODE_734	EC1V 4PW
CODE_735	EC1A 7LP
CODE_736	EC1N 8JY
CODE_737	EC1V 2NX
CODE_738	EC1V 4PW
CODE_739	EC1V 2NX
CODE_740	EC1N 8JY
CODE_741	EC1V 2NX
CODE_742	EC1V 4PW
CODE_743	EC1V 2NX
CODE_744	EC1V 2NX
CODE_745	EC1V 2NX
CODE_746	EC1R 0LU
CODE_747	EC1V 2NX
CODE_748	EC1A 2BN
CODE_749	EC1N 8PG
CODE_750	EC1V 2NX
CODE_751	EC1N 8PG
CODE_752	EC1A 2BN
CODE_753	EC1V 4PY
CODE_754	EC1V 4PY
CODE_755	EC1N 8PN
CODE_756	EC1Y 2BJ
CODE_757	EC1V 4PY
CODE_758	EC1V 2NX
CODE_759	EC1N 6TE
CODE_760	EC1V 4PW
CODE_761	EC1M 5RR
CODE_762	EC1V 2NX
CODE_763	EC1M 7AD
CODE_764	EC1V 4PW
CODE_765	EC1V 2NX
CODE_766	EC1V 9LE
CODE_767	EC1V 2NX
CODE_768	EC1V 2NX
CODE_769	EC1V 2NX
CODE_770	EC1V 2NX
CODE_771	EC1V 4PW
CODE_772	EC1A 4EN
CODE_773	EC1V 2NX
CODE_774	EC1V 4PW
CODE_775	EC1V 2NX
CODE_776	EC1A 9PT
CODE_777	EC1V 2NX
CODE_778	EC1V 2NX
CODE_779	EC1N 8JY
CODE_780	EC1A 2BN
CODE_781	EC1V 4DG
CODE_782	EC1V 4PW
CODE_783	EC1V 4PW
CODE_784	EC1V 2NX
CODE_785	EC1V 2NX
CODE_786	EC1N 2HA
CODE_787	EC1M 6AW
CODE_788	EC1R 0BD
CODE_789	EC1V 2NX
CODE_790	EC1V 2NX
CODE_791	EC1V 2NX
CODE_792	EC1V 2NX
CODE_793	EC1V 2NX
CODE_794	EC1V 2NX
CODE_795	EC1N 8JY
CODE_796	EC1V 9LT
CODE_797	EC1V 2NX
CODE_798	EC1A 2BN
CODE_799	EC1N 8UN
CODE_800	EC1V 9BD
CODE_801	EC1A 2BN
CODE_802	EC1V 9EY
CODE_803	EC1M 7AD
CODE_804	EC1A 2BN
CODE_805	EC1M 7AD
CODE_806	EC1V 2NX
CODE_807	EC1Y 2AB
CODE_808	EC1V 2NX
CODE_809	EC1A 4AB
CODE_810	EC1N 8PN
CODE_811	EC1A 2BN
CODE_812	EC1N 8PG
CODE_813	EC1N 8JY
CODE_814	EC1N 8PG
CODE_815	EC1N 8PN
CODE_816	EC1M 6AW
CODE_817	EC1A 2BN
CODE_818	EC1V 1NW
CODE_819	EC1M 4BH
CODE_820	EC1V 2NX
CODE_821	EC1V 2NX
CODE_822	EC1V 2NX
CODE_823	EC1V 2NX
CODE_824	EC1V
CODE_825	EC1V 2NX
CODE_826	EC1V 2NX
CODE_827	EC1A 2BN
CODE_828	EC1V 4PW
CODE_829	EC1R 0AJ
CODE_830	EC1A 2BN
CODE_831	EC1A 4EN
CODE_832	EC1A 4EN
CODE_833	EC1V 2NX
CODE_834	EC1V 2NX
CODE_835	EC1A 2BN
CODE_836	EC1V 2NX
CODE_837	EC1V 2NX
CODE_838	EC1M 6AW
CODE_839	EC1V 2NX
CODE_840	EC1V 2NX
CODE_841	EC1V 2NX
CODE_842	EC1A 2BN
CODE_843	EC1R 5AG
CODE_844	EC1V 2NX
CODE_845	EC1N 2PZ
CODE_846	EC1V 4PY
CODE_847	EC1V 2NX
CODE_848	EC1V 2NX
CODE_849	EC1A 2BN
CODE_850	EC1V 2NX
CODE_851	EC1V 2NX
CODE_852	EC1V 2NX
CODE_853	EC1N 8PN
CODE_854	EC1V 2NX
CODE_855	EC1N 8QX
CODE_856	EC1R 0LU
CODE_857	EC1Y 4YX
CODE_858	EC1A 9ET
CODE_859	EC1A 9JR
CODE_860	EC1V 2NX
CODE_861	EC1V 2NX
CODE_862	EC1A 2BN
CODE_863	EC1V 2NX
CODE_864	EC1A 4EN
CODE_865	EC1V 9EE
CODE_866	EC1V 9LE
CODE_867	EC1A 2BN
CODE_868	EC1V 2NX
CODE_869	EC1A 4HD
CODE_870	EC1V 2NX
CODE_871	EC1V 2NX
CODE_872	EC1N 8PN
CODE_873	EC1V 2NX
CODE_874	EC1V 4PY
CODE_875	EC1V 2NX
CODE_876	EC1V 2NX
CODE_877	EC1Y 4YX
CODE_878	EC1V 2DW
CODE_879	EC1V 2NX
CODE_880	EC1M 7AJ
CODE_881	EC1V 7RP
CODE_882	EC1Y 4AG
CODE_883	EC1M 6BB
CODE_884	EC1R 3AB
CODE_885	EC1V 4PW
CODE_886	EC1V 4PW
CODE_887	EC1V 2NX
CODE_888	EC1M 6AW
CODE_889	EC1V 2NX
CODE_890	EC1N 8JY
CODE_891	EC1V 4PY
CODE_892	EC1V 2NX
CODE_893	EC1R 0JH
CODE_894	EC1N 8UN
CODE_895	EC1A 2BN
CODE_896	EC1V 2NX
CODE_897	EC1V 2NX
CODE_898	EC1A 2BN
CODE_899	EC1A 4AB
CODE_900	EC1V 4PW
CODE_901	EC1V 4PY
CODE_902	EC1V 4PW
CODE_903	EC1V 9EE
CODE_904	EC1V 2NX
CODE_905	EC1V 2NX
CODE_906	EC1V 2NX
CODE_907	EC1V 2NX
CODE_908	EC1V 4PW
CODE_909	EC1A 2BN
CODE_910	EC1M 4JN
CODE_911	EC1V 9EE
CODE_912	EC1V 2NX
CODE_913	EC1V 2NX
CODE_914	EC1V 2NX
CODE_915	EC1V 2NL
CODE_916	EC1V 2NX
CODE_917	EC1V 9EE
CODE_918	EC1M 6AW
CODE_919	EC1R 5BX
CODE_920	EC1V 2NX
CODE_921	EC1V 2NX
CODE_922	EC1V 4PW
CODE_923	EC1M 3LL
CODE_924	EC1V 2NX
CODE_925	EC1A 4HD
CODE_926	EC1A 4HD
CODE_927	EC1V 2NX
CODE_928	EC1N 8JY
CODE_929	EC1N 8JY
CODE_930	EC1A 2BN
CODE_931	EC1V 2NX
CODE_932	EC1V 2NX
CODE_933	EC1A 2BN
CODE_934	EC1V 4PW
CODE_935	EC1V 2NX
CODE_936	EC1V 2NX
CODE_937	EC1A 2BN
CODE_938	EC1V 4PW
CODE_939	EC1R 5EJ
CODE_940	EC1V 4PW
CODE_941	EC1V 4PW
CODE_942	EC1A 2BN
CODE_943	EC1A 9ET
CODE_944	EC1V 2NX
CODE_945	EC1N 2PB
CODE_946	EC1V 2NX
CODE_947	EC1N 8LE
CODE_948	EC1V 2NX
CODE_949	EC1N 8PN
CODE_950	EC1V 2NX
CODE_951	EC1M 3JP
CODE_952	EC1M 3JP
CODE_953	EC1V 4PY
CODE_954	EC1V 2NX
CODE_955	EC1A 4AS
CODE_956	EC1V 4PY
CODE_957	EC1V 2NX
CODE_958	EC1V 2NX
CODE_959	EC1V 2QA
CODE_960	EC1R 4PF
CODE_961	EC1M 6HW
CODE_962	EC1R 5AR
CODE_963	EC1V 9LE
CODE_964	EC1A 4AB
CODE_965	EC1V 2NX
CODE_966	EC1R 0BD
CODE_967	EC1A 2BN
CODE_968	AB25 2QT
CODE_969	RG12 1QS
CODE_970	BN2 1QB
CODE_971	SW16 4AH
CODE_972	TW3 3AD
CODE_973	HA1 2EY
CODE_974	BN3 6HA
CODE_975	EC2A 1AF
CODE_976	RM2 5DJ
CODE_977	GU10 4PA
CODE_978	LA6 2GT
CODE_979	GU9 7XX
CODE_980	SW12 8AZ
CODE_981	IG1 2SB
CODE_982	GL1 2EX
CODE_983	CB23 1HR
CODE_984	N16 0EH
CODE_985	SK12 1LQ
CODE_986	N3 2LT
CODE_987	CR5 1AN
CODE_988	CH45 7QL
CODE_989	HA7 1JS
CODE_990	BN3 6HA
CODE_991	SS9 1SU
CODE_992	PE37 7QH
CODE_993	CB24 8RX
CODE_994	KT11 3DP
CODE_995	B24 9JE
CODE_996	LE15 6RA
CODE_997	GU27 2LA
CODE_998	NR8 6HW
CODE_999	E14 5AA
CODE_1000	NW1 8NZ
