Cluster ID,Link Score,source file,id,Company_Address
60,,0,1,1 MOBILE LIMITED 30 CITY ROAD LONDON EC1Y 2AB
61,,0,2,1 TECH LTD 57 CHARTERHOUSE STREET LONDON EC1M 6HA
62,,0,3,23 SNAPS LIMITED 16 BOWLING GREEN LANE LONDON EC1R 0BD
63,,0,4,2E2 SERVICES LIMITED 200 200 ALDERSGATE ALDERSGATE STREET LONDON EC1A 4HD
64,,0,5,2E2 UK LIMITED 200 ALDERSGATE ALDERSGATE STREET LONDON EC1A 4HD
65,,0,6,40 50 MEDIA LTD 145-157 ST JOHN STREET LONDON EC1V 4PW
66,,0,7,4D DATA CENTRES LIMITED 30 CITY ROAD LONDON EC1 2AB
67,,0,8,4GETMOBILE LIMITED 152 KEMP HOUSE CITY ROAD LONDON EC1V 2NX
68,,0,9,4SL CONSULTING LIMITED 4 SNOW HILL LONDON EC1A 2DJ
69,,0,10,4TC SERVICES LIMITED 355 GOSWELL ROAD LONDON EC1V 7JL
70,,0,11,"A-INFINITY LIMITED AKIN PALMER LLP 3, ANGEL GATE 326 CITY ROAD LONDON EC1V 2PT"
71,,0,12,A-TEK SOLUTIONS LIMITED KEMP HOUSE 152-160 CITY ROAD LONDON EC1V 2NX
72,,0,13,A.I. TALENT LTD LONGBOW HOUSE CHISWELL STREET LONDON EC1Y 4TW
73,,0,14,AAA CONSULT LTD 2ND FLOOR 145-157 ST. JOHN STREET LONDON EC1V 4PY
74,,0,15,AARDVARK UPRISING LIMITED UNIT 36 88-90 HATTON GARDEN LONDON EC1N 8PN
75,,0,16,AB TECHSYS LTD INTERNATIONAL HOUSE 24 HOLBORN VIADUCT LONDON EC1A 2BN
76,,0,17,"ABLINX LIMITED 7TH FLOOR, 16 ST. MARTIN'S LE GRAND LONDON EC1A 4EE"
77,,0,18,ABSU LIMITED THIRD FLOOR 111 CHARTERHOUSE STREET LONDON EC1M 6AW
78,,0,19,ABV SOLUTIONS LTD C/O CAYOS CONSULTING SERVICES 40 BOWLING GREEN LANE LONDON EC1R 0NE
79,,0,20,ACTION FOR THE FUTURE LTD 145-157 ST JOHN STREET LONDON EC1V 4PW
80,,0,21,ACTIVATED THINKING LIMITED KEMP HOUSE 152 CITY ROAD LONDON EC1V 2NX
81,,0,22,ACTIVON PROJECTS LIMITED INTERNATIONAL HOUSE 24 HOLBORN VIADUCT CITY OF LONDON LONDON EC1A 2BN
82,,0,23,ACTURIS LIMITED COURTYARD SUITE 100 HATTON GARDEN LONDON EC1N 8NX
83,,0,24,AD PEPPER MEDIA UK LIMITED 20 FARRINGDON ROAD LONDON EC1M 3HE
84,,0,25,ADCOMPASS LTD. 6-8 SYCAMORE STREET LONDON EC1Y 0SW
85,,0,26,ADD TO CART LTD 145-157 ST JOHN STREET LONDON EC1V 4PW
86,,0,27,ADFORM LONDON LIMITED GATE HOUSE 1 ST JOHN'S SQUARE LONDON EC1M 4DH
87,,0,28,ADLUDIO LIMITED 1 HARDWICK STREET HARDWICK STREET LONDON EC1R 4RB
88,,0,29,AFIN-IT GROUP LIMITED KEMP HOUSE 160 CITY ROAD LONDON EC1V 2NX
89,,0,30,AFTER THE FLOOD LIMITED 140-142 ST. JOHN STREET LONDON EC1V 4UB
90,,0,31,AGILE ALLIANCE LIMITED 24 INTERNATIONAL HOUSE HOLBORN VIADUCT LONDON EC1A 2BN
91,,0,32,AGM SOLUTIONS LIMITED 152 KEMP HOUSE CITY ROAD LONDON EC1V 2NX
92,,0,33,AGOC DIGITAL PRIVATE LIMITED KEMP HOUSE 160 CITY ROAD LONDON EC1V 2NX
93,,0,34,AI CONTROLPOINT LIMITED LONGBOW HOUSE CHISWELL STREET LONDON EC1Y 4TW
94,,0,35,AIM ITC LTD UNIT/OFFICE 36 88-90 HATTON GARDEN LONDON EC1N 8PG
95,,0,36,ALCHEMYWORKS LTD KEMP HOUSE 160 CITY ROAD LONDON EC1V 2NX
96,,0,37,ALCHERA TECHNOLOGIES LIMITED INTERNATIONAL HOUSE 24 HOLBORN VIADUCT CITY OF LONDON LONDON EC1A 2BN
97,,0,38,ALMARADIX LTD 145-157 ST JOHN STREET LONDON EC1V 4PW
98,,0,39,ALTIASERVICES LTD. KEMP HOUSE 152 CITY ROAD LONDON EC1V 2NX
99,,0,40,ALTIATECH LTD 152 CITY ROAD LONDON EC1V 2NX
100,,0,41,AM TECHNICAL LIMITED DEVONSHIRE HOUSE 60 GOSWELL ROAD LONDON EC1M 7AD
101,,0,42,AMBIENCE INVESTMENT LTD 145-157 ST JOHN STREET LONDON EC1V 4PW
102,,0,43,AMISSION LTD LANDON SEAMER 335 CITY ROAD LONDON EC1V 1LJ
103,,0,44,AMLEU SOFTWARE DEVELOPMENT UK LIMITED 1 CHARTERHOUSE MEWS LONDON LONDON EC1M 6BB
104,,0,45,ANGELLIST LIMITED 2ND FLOOR WHITE BEAR YARD CLERKENWELL ROAD LONDON EC1R 5DF
105,,0,46,"ANGLO PAK SOLUTION LIMITED KEMP HOUSE,152 CITY ROAD LONDON EC1V 2NX"
106,,0,47,ANOMALIES LIMITED 123 ALDERSGATE STREET LONDON EC1A 4JQ
107,,0,48,ANVIL RECRUITMENT LIMITED KEMP HOUSE 152 CITY ROAD LONDON EC1V 2NX
108,,0,49,APP-ALACARTE LIMITED KEMP HOUSE 160 CITY ROAD LONDON LONDON EC1V 2NX
109,,0,50,APPDRAGON LIMITED KEMP HOUSE 152 CITY ROAD LONDON EC1V 2NX
110,,0,51,ARCHON DEVELOPMENT UK LTD SUITE A 6 HONDURAS STREET LONDON EC1Y 0TH
111,,0,52,ARCTOUS LIMITED KEMP HOUSE 152 CITY ROAD LONDON EC1V 2NX
112,,0,53,ARCTREE CONSULTING LIMITED GROUND FLOOR 1 BAKER'S ROW LONDON EC1R 3DB
113,,0,54,AREZA LIMITED 24 HOLBORN VIADUCT LONDON EC1A 2BN
114,,0,55,ARGUS INTELLIGENCE LIMITED 152 KEMP HOUSE CITY ROAD LONDON EC1V 2NX
115,,0,56,ARKA ASSOCIATES LIMITED 24 INTERNATIONAL HOUSE HOLBORN VIADUCT LONDON EC1A 2BN
116,,0,57,ARROW DIGITAL MEDIA PRIVATE LIMITED KEMP HOUSE 160 CITY ROAD LONDON LONDON EC1V 2NX
117,,0,58,ARTANEON LTD ARTANEON LTD UNIT 36 88-90 HATTON GARDEN LONDON EC1N 8PG
118,,0,59,ARTESAN STUDIOS LIMITED THE DRILL HALL 57A FARRINGDON ROAD LONDON EC1M 3JB
119,,0,60,ARTLINES MEDIA LIMITED DEVONSHIRE HOUSE 60 GOSWELL ROAD LONDON EC1M 7AD
120,,0,61,ARUBACLOUD LIMITED 17-18 AYLESBURY STREET LONDON EC1R 0DB
121,,0,62,ASITY LTD INTERNATIONAL HOUSE HOLBORN VIADUCT LONDON EC1A 2BN
122,,0,63,ASSERTIVE MEDIA SOLUTIONS LTD INTERNATIONAL HOUSE HOLBORN VIADUCT LONDON EC1A 2BN
123,,0,64,ASSET ICT LTD OFFICE 36 88-90 HATTON GARDEN LONDON EC1N 8PN
124,,0,65,ATRI SERVICES LTD KEMP HOUSE 152-160 CITY RD LONDON EC1V 2NX
125,,0,66,ATTICMEDIA LIMITED WESTBURY 2ND FLOOR 145-157 ST JOHN STREET LONDON EC1V 4PY
126,,0,67,AUDEZA LTD KEMP HOUSE 152 CITY ROAD LONDON EC1V 2NX
127,,0,68,AVENIR TECHNOLOGY LIMITED SUITE A 6 HONDURAS STREET LONDON EC1Y 0TH
128,,0,69,AYIMA LIMITED SUITE 1A 1 LINDSEY STREET LONDON EC1A 9HP
129,,0,70,AYSCIO LTD 145-157 ST JOHN STREET LONDON EC1V 4PW
130,,0,71,AZUROS LIMITED KEMP HOUSE 152-160 CITY ROAD LONDON EC1V 2NX
131,,0,72,BABY BEAUTY GROUP LTD. KEMP HOUSE 160 CITY ROAD LONDON EC1V 2NX
132,,0,73,BACKUP AND RUNNING PLC LONGBOW HOUSE CHISWELL STREET LONDON EC1Y 4TW
133,,0,74,BCSG LTD 130 OLD STREET LONDON EC1V 9BD
134,,0,75,BEDBUG STUDIO LTD 1 CHARTERHOUSE MEWS LONDON EC1M 6BB
135,,0,76,BEDROOM LONDON LIMITED 15 BOWLING GREEN LANE LONDON EC1R 0BD
136,,0,77,BEMOIR LIMITED KEMP HOUSE 152 CITY ROAD LONDON EC1V 2NX
137,,0,78,BEN YOUNG CONSULTANCY LTD SUITE 34 67-68 HATTON GARDEN LONDON EC1N 8JY
138,,0,79,BETTER CITIES LIMITED URBAN INNOVATION CENTRE 1 SEKFORDE STREET LONDON EC1R 0BE
139,,0,80,BETTER WEB SOLUTIONS LIMITED KEMP HOUSE 160 CITY ROAD LONDON EC1V 2NX
140,,0,81,BIFF TRADING LIMITED 24 GREVILLE STREET LONDON EC1N 8SS
141,,0,82,BIOSCITEX LTD. 152 CITY RD LONDON EC1V 2NX
142,,0,83,BITOK LTD KEMP HOUSE 160 CITY ROAD LONDON EC1V 2NX
143,,0,84,BIZ ANALYSIS SERVICES LTD 108 WORCESTER POINT CENTRAL STREET LONDON EC1V 8BJ
144,,0,85,BLAHTECH LIMITED 15 BOWLING GREEN LANE LONDON EC1R 0BD
145,,0,86,BLANCHE SYSTEMS LIMITED GROUND FLOOR 1 BAKER'S ROW LONDON EC1R 3DB
146,,0,87,BLINKIT LIMITED CENTRAL HOUSE 142 CENTRAL STREET LONDON EC1V 8AR
147,,0,88,BLUE VISION CONSULTING LTD 88-90 HATTON GARDEN LONDON EC1N 8PG
148,,0,89,BLUESHED.CO.UK LIMITED 28 ELY PLACE 3RD FLOOR LONDON EC1N 6TD
149,,0,90,BM STUDIOS LIMITED KEMP HOUSE CITY ROAD LONDON EC1V 2NX
150,,0,91,BODOR LIMITED SUITE 36 88-90  HATTON GARDEN HOLBORN LONDON EC1N 8PN
151,,0,92,BOENISCH LIMITED SUITE 48 88-90 HATTON GARDEN LONDON EC1N 8PN
152,,0,93,BOLYX INVESTMENTS LIMITED 145-157 ST. JOHN STREET LONDON EC1V 4PW
153,,0,94,"BONDSMEN GROUP LTD INTERNATIONAL HOUSE, 24 HOLBORN VIADUCT CITY OF LONDON LONDON EC1A 2BN"
154,,0,95,BORDER CAPITAL LIMITED GRESHAM HOUSE 24 HOLBORN VIADUCT LONDON EC1A 2BN
155,,0,96,BORNE DIGITAL LIMITED 63-66 (2ND FLOOR) HATTON GARDEN LONDON EC1N 8LE
156,,0,97,BOWATER DATA SERVICES LIMITED 200 ALDERSGATE LONDON EC1A 4HD
157,,0,98,BRADLINK LTD 145-157 ST. JOHN STREET LONDON ENGLAND EC1V 4PW
158,,0,99,BRAINSHOWCASE LTD 145-157 ST JOHN STREET LONDON EC1V 4PW
159,,0,100,BRAVOSOLUTION TECHNOLOGIES LTD 22-24 ELY PLACE LONDON EC1N 6TE
160,,0,101,BRILLIO UK LIMITED DEVONSHIRE HOUSE 60 GOSWELL ROAD LONDON EC1M 7AD
161,,0,102,BRISQQ LTD. 2 ANGEL SQUARE 2 ANGEL SQUARE LONDON EC1V 1NY
162,,0,103,BROADBAND &  HOSTING UK LIMITED KEMP HOUSE 160 CITY ROAD LONDON EC1V 2NX
163,,0,104,BT CORNWALL LIMITED 81 NEWGATE STREET LONDON EC1A 7AJ
164,,0,105,BT LANCASHIRE SERVICES LIMITED 81 NEWGATE STREET LONDON EC1A 7AJ
165,,0,106,BURST TIMES LIMITED ROOM 2 FINSBURY BUSINESS CENTRE 40 BOWLING GREEN LANE LONDON EC1R 0NE
166,,0,107,BUSINESS CENTRIC SERVICES GROUP LIMITED 130 OLD STREET LONDON EC1V 9BD
167,,0,108,BYNDER LIMITED 45 LEATHER LANE LONDON EC1N 7TJ
168,,0,109,CABLETECH NETWORKS LIMITED KEMP HOUSE 152 CITY ROAD LONDON EC1V 2NX
169,,0,110,CAIMAN COMMUNICATIONS LIMITED KEMP HOUSE 152 CITY ROAD LONDON EC1V 2NX
170,,0,111,CALLSQUAD LIMITED UNIT 1.02 27/31 CLERKENWELL CLOSE LONDON EC1R 0AT
171,,0,112,CAMFOLIO LIMITED KEMP HOUSE 152 CITY ROAD LONDON EC1V 2NX
172,,0,113,CAPILLA LIMITED 101 CLERKENWELL ROAD LONDON EC1R 5BX
173,,0,114,CARRINGTON SOLUTIONS LTD BM ADVISORY 82 ST JOHN STREET LONDON EC1M 4JN
174,,0,115,CASE ANALYSIS SOLUTIONS LIMITED SUITE 36 88-90 HATTON GARDEN LONDON EC1N 8PG
175,,0,116,CASH ON MOBILE LTD 145-157 ST JOHN STREET LONDON EC1V 4PW
176,,0,117,CATIPH SERVICES LIMITED 80-83 LONG LANE LONDON EC1A 9ET
177,,0,118,CEE CHANGERS LTD 145-157 ST. JOHN STREET LONDON EC1V 4PW
178,,0,119,CEELOGIC LIMITED 145-157 ST JOHN STREET LONDON EC1V 4PW
179,,0,120,CELERITY INFORMATION SERVICES LIMITED 82 ST JOHN STREET LONDON EC1M 4JN
180,,0,121,CENTRILLIUM LIMITED 2ND FLOOR 145-157 ST JOHN STREET LONDON EC1V 4PY
181,,0,122,CHANNEL-C LIMITED 1-3 DUFFERIN STREET LONDON EC1Y 8NA
182,,0,123,CHERRYPICKIT LTD 5 ST. JOHN'S LANE LONDON EC1M 4BH
183,,0,124,"CHI DIGITAL DESIGN LTD. INTERNATIONAL HOUSE 24 HOLBORN VIADUCT, CITY OF LONDON LONDON EC1A 2BN"
184,,0,125,CHOCOLATEY LIMITED INTERNATIONAL HOUSE 24 HOLBORN VIADUCT LONDON EC1A 2BN
185,,0,126,CIRCUIT BAKERY LTD 15 BOWLING GREEN LANE LONDON EC1R 0BD
186,,0,127,CISILION (GROUP) LIMITED 150 ALDERSGATE STREET LONDON EC1A 4AB
187,,0,128,CISILION LIMITED 150 ALDERSGATE STREET LONDON EC1A 4AB
188,,0,129,CLEAR CONSULTING LIMITED THE CHEMISTRY LAB 57 KINGSWAY PLACE SANS WALK LONDON EC1R 0LY
189,,0,130,CLEBBR LTD KEMP HOUSE 160 CITY ROAD LONDON EC1V 2NX
190,,0,131,CLICK A SERVICE LIMITED KEMP HOUSE 160 CITY ROAD LONDON EC1V 2NX
191,,0,132,CLICK PERFORMANCE LIMITED SUITE 1 6 OWEN STREET LONDON EC1V 7JX
192,,0,133,CLICK PROFITS LTD KEMP HOUSE 152 CITY ROAD LONDON EC1V 2NX
193,,0,134,CLICKS2CUSTOMERS (UK) LIMITED 80-83 LONG LANE LONDON EC1A 9ET
194,,0,135,CLICKUNI LTD 145-157 ST. JOHN STREET LONDON EC1V 4PW
195,,0,136,CLIENTWIRE LTD KEMP HOUSE 160 CITY ROAD LONDON EC1V 2NX
196,,0,137,CLOUD VEND LIMITED KEMP HOUSE 160 CITY ROAD LONDON EC1V 2NX
197,,0,138,CLOUDBIZ LIMITED SUITE 36 88-90 HATTON GARDON LONDON EC1N LONDON EC1N 8PG
198,,0,139,CLOUDE-SCORM LIMITED KEMP HOUSE 152-160 CITY ROAD LONDON EC1V 2NX
199,,0,140,CLOUDIFIE LIMITED INTERNATIONAL HOUSE 24 HOLBORN VIADUCT LONDON EC1A 2BN
200,,0,141,CO-D LONDON LIMITED FINSGATE 5-7 CRANWOOD STREET LONDON EC1V 9EE
201,,0,142,COBWEB OUTSOURCE LIMITED 130 OLD STREET LONDON EC1V 9BD
202,,0,143,COGNITIVE FINANCE GROUP LTD KEMP HOUSE 160 CITY ROAD LONDON EC1V 2NX
203,,0,144,COGNITIVE OPTIMUM LTD KEMP HOUSE 160 CITY ROAD LONDON EC1V 2NX
204,,0,145,COLLABERA EUROPE LIMITED DEVONSHIRE HOUSE 60 GOSWELL ROAD LONDON EC1M 7AD
205,,0,146,COLUX RECRUITMENT LIMITED 130 OLD STREET LONDON EC1V 9BD
206,,0,147,COMMERA CAPITAL LTD OFFICE 36 88-90 HATTON GARDEN LONDON EC1N 8PG
207,,0,148,COMPIT COMPUTING LTD 82 ST. JOHN STREET LONDON EC1M 4JN
208,,0,149,COMPOUND FREEDOM LIMITED KEMP HOUSE 160 CITY ROAD LONDON EC1V 2NX
209,,0,150,COMPUSERVICES LTD INTERNATIONAL HOUSE HOLBORN VIADUCT LONDON EC1A 2BN
210,,0,151,COMPUTAGEEKS LIMITED RAMON LEE AND PARTNERS KEMP HOUSE 152-160 CITY ROAD LONDON EC1V 2DW
211,,0,152,COMPUTER TERRORISM (UK) LTD 2ND FLOOR 145-157 ST.JOHN STREET LONDON EC1V 4PY
212,,0,153,COMYOUCOM LTD DEPARTMENT 16 101 CLERKENWELL ROAD LONDON EC1R 5BX
213,,0,154,CONCRETE MEDIA LIMITED HARELLA HOUSE 2ND FLOOR 90-98 GOSWELL ROAD LONDON EC1V 7DF
214,,0,155,CONSERP LIMITED 30 CITY ROAD LONDON EC1Y 2AB
215,,0,156,CONSULTING SPIRIT LIMITED C/O GROSS KLEIN 5 ST. JOHN'S LANE LONDON EC1M 4BH
216,,0,157,CONSUMERTHINK UK LTD KEMP HOUSE 160 CITY ROAD LONDON EC1V 2NX
217,,0,158,CONTEC-GLOBAL LIMITED KLACO HOUSE 28-30 SAINT JOHNS SQUARE LONDON EC1M 4DN
218,,0,159,CONTORNO-INK LIMITED EDWARD BALDRY INTERNATIONAL HOUSE 24 HOLBORN VIADUCT LONDON EC1A 2BN
219,,0,160,COOLEA DEVELOPERS LIMITED GROUND FLOOR 1 BAKER'S ROW LONDON EC1R 3DB
220,,0,161,CRAFTS AND LOOMS LIMITED 372 OLD STREET LONDON EC1V 9AU
221,,0,162,CRASH MEDIA GROUP LIMITED 78 - 80 ST. JOHN STREET LONDON EC1M 4EH
222,,0,163,CREATIVENERDS LTD LOWER GROUND FLOOR 111 CHARTERHOUSE STREET LONDON EC1M 6AW
223,,0,164,CREDIT MARKET ANALYSIS LIMITED MILTON GATE 60 CHISWELL STREET LONDON EC1Y 4SA
224,,0,165,CRESCENDO WORLDWIDE LIMITED 145-157 ST. JOHN STREET LONDON EC1V 4PW
225,,0,166,CRIBFINDER LTD KEMP HOUSE 152 CITY ROAD LONDON EC1V 2NX
226,,0,167,CROGTECH LTD 145-157 ST JOHN STREET LONDON EC1V 4PW
227,,0,168,CROSSITE LTD FINSGATE 5-7 CRANWOOD STREET LONDON EC1V 9EE
228,,0,169,CROWDSCORES LTD 28 ELY PLACE LONDON EC1N 6TD
229,,0,170,CRUCIAL MEDIA GROUP LTD. KEMP HOUSE 152 CITY ROAD LONDON EC1V 2NX
230,,0,171,CSVCONSULT LTD KEMP HOUSE 160 CITY ROAD LONDON LONDON EC1V 2NX
231,,0,172,CT CONSULTANTS LTD 145-157 ST JOHN STREET LONDON EC1V 4PW
232,,0,173,CTS TECHNOLOGY LTD INTERNATIONAL HOUSE 24 HOLBORN VIADUCT LONDON EC1A 2BN
233,,0,174,CUBE 33 DESIGN LIMITED C/O KLSA CHARTERED ACCOUNTANTS KLACO HOUSE 28-30 ST. JOHN'S SQUARE LONDON EC1M 4DN
234,,0,175,CUBE19 LIMITED THIRD FLOOR 111 CHARTERHOUSE STREET LONDON EC1M 6AW
235,,0,176,CYBACORE LTD KEMP HOUSE 152 CITY ROAD LONDON EC1V 2NX
236,,0,177,CYBERISK SECURITY SOLUTION (UK) LIMITED 1 CHARTERHOUSE MEWS LONDON EC1M 6BB
237,,0,178,DALMARTIN LTD 145-157 ST. JOHN STREET LONDON EC1V 4PW
238,,0,179,DANDAN DIGITAL LTD 57-61 CHARTERHOUSE STREET LONDON EC1M 6HA
239,,0,180,DAOTEC LTD WESTBURY 2ND FLOOR 145-157 ST JOHN STREET LONDON EC1V 4PY
240,,0,181,DASHHOUND LTD KEMP HOUSE 160 CITY ROAD LONDON LONDON EC1V 2NX
241,,0,182,DATA SYNOPSIS LIMITED GROUND FLOOR 1 BAKER'S ROW LONDON EC1R 3DB
242,,0,183,DAZZLE TECHNOLOGY LIMITED 50 FARRINGDON ROAD LONDON EC1M 3HE
243,,0,184,DC INTELLIGENCE LIMITED KEMP HOUSE 160 CITY ROAD LONDON EC1V 2NX
244,,0,185,DEALPIPS LTD 145-157 ST JOHN STREET LONDON EC1V 4PW
245,,0,186,DECIMAL FACTOR SOFTWARE LIMITED 145-157 ST JOHN STREET LONDON EC1V 4PW
246,,0,187,DECODE DIGITAL LTD 145-157 ST. JOHN STREET LONDON EC1V 4PW
247,,0,188,DEENATH LIMITED GOUND FLOOR 1 BAKER'S ROW LONDON EC1R 3DB
248,,0,189,DELBRY LTD GROUND FLOOR 1 BAKER'S ROW LONDON EC1R 3DB
249,,0,190,DELIVER BRAND MARKETING LTD 34 NEW HOUSE 67-68 HATTON GARDENS LONDON EC1N 8JY
250,,0,191,DENTAL BUSINESS BUTLERS LIMITED SUITE 36 88-90 HATTON GARDEN HOLBORN LONDON EC1N 8PG
251,,0,192,DESIGN AND PROSPER LIMITED LEVEL 3 91-93 FARRINGDON RD LONDON EC1M 3LN
252,,0,193,DESIGN FOR ME LIMITED 80-83 LONG LANE LONDON EC1A 9ET
253,,0,194,DESIGNOPOLY LIMITED KEMP HOUSE 152-160 CITY ROAD LONDON EC1V 2NX
254,,0,195,DHPM LIMITED 2ND FLOOR 145-157 ST JOHN STREET LONDON EC1V 4PY
255,,0,196,DIG LONDON LIMITED 57-61 CHARTERHOUSE STREET LONDON EC1M 6HA
256,,0,197,DIGIPOLIS LIMITED 15 BOWLING GREEN LANE LONDON EC1R 0BD
257,,0,198,DIGITAL ACUMEN PLC KEMP HOUSE 152-160 CITY ROAD LONDON EC1V 2DW
258,,0,199,DIGITAL CAPACITY LIMITED KEMP HOUSE 160 CITY ROAD LONDON EC1V 2NX
259,,0,200,DIGITAL GOODS STORE LTD INTERNATIONAL HOUSE 24 HOLBORN VIADUCT LONDON CITY OF LONDON EC1A 2BN
260,,0,201,DIGITAL HUB MEDIA PRIVATE LIMITED KEMP HOUSE 160 CITY ROAD LONDON LONDON EC1V 2NX
261,,0,202,DIGITAL INCLUSION TECHNOLOGY GROUP (CST PROGRAMMES) LIMITED 30 CITY ROAD LONDON EC1Y 2AB
262,,0,203,DIGITAL INCLUSION TECHNOLOGY GROUP (IAP) LIMITED 30 CITY ROAD LONDON EC1Y 2AB
263,,0,204,DIGITAL INK DROP C.I.C. INTERNATIONAL HOUSE 24 HOLBORN VIADUCT LONDON EC1A 2BN
264,,0,205,DIMANCHE LIMITED GROUND FLOOR 1 BAKER'S ROW LONDON EC1R 3DB
265,,0,206,DISPATCH MESSENGER LIMITED THE TRAMPERY 239 OLD STREET LONDON EC1V 9EY
266,,0,207,DMS NETWORK LIMITED KEMP HOUSE 152-160 CITY ROAD LONDON EC1V 2NX
267,,0,208,DOMAIN SECURITIES LIMITED KEMP HOUSE 152 CITY ROAD LONDON EC1V 2NX
268,,0,209,"DREAMBYTE STUDIO LTD KEMP HOUSE, 152-160 CITY ROAD LONDON EC1V 2NX"
269,,0,210,DREW AND GREGORIES LTD SUITE 36 88-90 HATTON GARDEN HOLBORN LONDON EC1N 8PN
270,,0,211,DRG TEC LIMITED GF 1 BAKER'S ROW LONDON EC1R 3DB
271,,0,212,DRP WICKHAM CONSULTANCY LIMITED 145-157 ST. JOHN ST. JOHN STREET LONDON EC1V 4PW
272,,0,213,"DT TECHNOLOGY LTD KEMP HOUSE, 152 CITY ROAD LONDON EC1V 2NX"
273,,0,214,DTM INVEST LIMITED 130 OLD STREET LONDON EC1V 9BD
274,,0,215,E&S SOFTWARE LTD 10 COLDBATH SQUARE LONDON EC1R 5HL
275,,0,216,EALING MANAGEMENT ACCOUNTANCY LIMITED KEMP HOUSE 152 CITY ROAD LONDON EC1V 2NX
276,,0,217,EASYWARE SOFTWARE SOLUTIONS LIMITED 145-157 ST JOHN STREET LONDON EC1V 4PY
277,,0,218,EC1 TECHNOLOGIES LIMITED PETERSHAM HOUSE 57A HATTON GARDEN LONDON EC1N 8JN
278,,0,219,ECHOSIXTY LIMITED INTERNATIONAL HOUSE 24 HOLBORN VIADUCT LONDON EC1A 2BN
279,,0,220,EI SQUARE LIMITED GROUND FLOOR 1 BAKER'S ROW LONDON EC1R 3DB
280,,0,221,EKTBLY LTD 145-157 ST JOHN STREET LONDON EC1V 4PW
281,,0,222,ELECTRONIC MARKET SYSTEMS LTD 82 ST JOHN STREET LONDON EC1M 4JN
282,,0,223,ELITE TECHNOLOGICAL SOLUTIONS LTD INTERNATIONAL HOUSE 24 HOLBORN VIADUCT LONDON EC1A 2BN
283,,0,224,ENRO SOLUTIONS LIMITED 145-157 ST JOHN STREET LONDON EC1V 4PW
284,,0,225,ENTROM LIMITED SUITE 36 88-90 HATTON GARDEN LONDON EC1N 8PG
285,,0,226,ENVISION MEDIA &  PUBLICATIONS LIMITED KEMP HOUSE 160 CITY ROAD LONDON EC1V 2NX
286,,0,227,EQ ENTERPRISES LIMITED KEMP HOUSE 160 CITY ROAD LONDON EC1V 2NX
287,,0,228,ERICA LABS LTD KEMP HOUSE 160 CITY ROAD LONDON LONDON EC1V 2NX
288,,0,229,ESCHMANN LIMITED KEMP HOUSE 152-160 CITY ROAD LONDON EC1V 2DW
289,,0,230,ESTORA LTD FINSGATE 5-7 CRANWOOD STREET LONDON EC1V 9EE
290,,0,231,EUMIS LIMITED 15 BOWLING GREEN LANE LONDON EC1R 0BD
291,,0,232,EUREKA NETWORKS LIMITED UNIT 34 67-68 HATTON GARDEN LONDON EC1N 8JY
292,,0,233,EUROPEAN CENTRE FOR RESEARCH &  CONSULTANCY LTD 24 HOLBORN VIADUCT LONDON EC1A 2BN
293,,0,234,EVA GALO LTD. KEMP HOUSE 160 CITY ROAD LONDON EC1V 2NX
294,,0,235,EVORI LIMITED 16 BOWLING GREEN LANE LONDON EC1R 0BD
295,,0,236,EXACT EDITIONS LIMITED COLONIAL BUILDINGS 59 - 61 HATTON GARDEN LONDON EC1N 8LS
296,,0,237,EXCEL IT TECHNOLOGIES LTD 145-157 ST JOHN STREET LONDON EC1V 4PY
297,,0,238,EXPATGLOBAL LIMITED 82 ST JOHN STREET LONDON EC1M 4JN
298,,0,239,EXPOSHOPS LTD 152 CITY ROAD LONDON EC1V 2NX
299,,0,240,EXTREME ELECTRONICS LTD. 80-83 LONG LANE LONDON EC1A 9ET
300,,0,241,"EXWAL LTD. KEMP HOUSE, 152 CITY ROAD, LONDON EC1V 2NX LONDON EC1V 2NX"
301,,0,242,F6S NETWORK LIMITED 152-160 KEMP HOUSE CITY ROAD LONDON EC1V 2NX
302,,0,243,FACTOM FOUNDATION LIMITED 150 ALDERSGATE STREET LONDON EC1A 4AB
303,,0,244,FALLYFIN IT &  ELECTRONICS LTD. 372 OLD STREET LONDON EC1V 9AU
304,,0,245,FAN DOMAINS LTD 145-157 ST JOHN STREET LONDON EC1V 4PW
305,,0,246,"FARNTRON LIMITED C/O AMIN PATEL AND SHAH ACCOUNTANTS, 334-336 GOSWELL ROAD LONDON EC1V 7RP"
306,,0,247,FEELSFLOW LTD KEMP HOUSE 160 CITY ROAD LONDON EC1V 2NX
307,,0,248,FENERGO UK LIMITED 200 ALDERSGATE LONDON EC1A 4HD
308,,0,249,FENGSTONE UK LTD 145-157 ST JOHN STREET LONDON EC1V 4PW
309,,0,250,FINTIA LTD INTERNATIONAL HOUSE 24 HOLBORN VIADUCT LONDON EC1A 2BN
310,,0,251,FIRE MEDIA INTERACTIVE LTD KEMP HOUSE 152-160 CITY ROAD LONDON EC1V 2NX
311,,0,252,FIREBIRD MEDIA LIMITED KEMP HOUSE 160 CITY ROAD LONDON LONDON EC1V 2NX
312,,0,253,FIRST EASYTEC LTD KEMP HOUSE CITY ROAD 152 LONDON EC1V 2NX
313,,0,254,FISHEREK LIMITED C/O GOLDER BAQA GROUND FLOOR 1 BAKER'S ROW LONDON EC1R 3DB
314,,0,255,FLASH CLOUD SOLUTIONS LIMITED INTERNATIONAL HOUSE HOLBORN VIADUCT LONDON EC1A 2BN
315,,0,256,FLIP SPORTS LIMITED 24 GREVILLE STREET LONDON EC1N 8SS
316,,0,257,FLOWSTATE LIMITED C/O WESTBURY 2ND FLOOR 145-157 ST JOHN STREET LONDON EC1V 4PY
317,,0,258,FLOYD TECHNOLOGIES LIMITED 80-83 LONG LANE LONDON EC1A 9ET
318,,0,259,FLUID ADS LIMITED 4TH FLOOR 35-39 OLD STREET LONDON EC1V 9HX
319,,0,260,FOOTFALLS LIMITED SUITE 48 88-90 HATTON GARDEN LONDON EC1N 8PN
320,,0,261,FOR TOMORROW LTD INTERNATIONAL HOUSE 24 HOLBORN VIADUCT LONDON EC1A 2BN
321,,0,262,FOREX ADVISER LIMITED 26-28 ELY PLACE 3RD FLOOR LONDON EC1N 6TD
322,,0,263,FORIS HOLDINGS LIMITED KEMP HOUSE 160 CITY ROAD LONDON LONDON EC1V 2NX
323,,0,264,FOURCUBE LIMITED KEMP HOUSE 152-160 CITY ROAD LONDON EC1V 2DW
324,,0,265,FREAKINWARE LIMITED KEMP HOUSE 152 - 160 CITY ROAD LONDON EC1V 2NX
325,,0,266,FRIENDSHIPUK LTD 145-157 ST. JOHN STREET LONDON EC1V 4PW
326,,0,267,FROGNATION LTD. FINSGATE 5-7 CRANWOOD STREET LONDON EC1V 9EE
327,,0,268,FRUUMI LIMITED KEMP HOUSE 160 CITY ROAD LONDON EC1V 2NX
328,,0,269,FUNKY LEMON WEB LTD 145-157 ST JOHN STREET LONDON EC1V 4PW
329,,0,270,FURTHERMORE LTD 411 DAVINA HOUSE 137-149 GOSWELL ROAD LONDON EC1V 7ET
330,,0,271,FUTURA TECHNOLOGIES LIMITED OFFICE 34 67-68 HATTON GARDEN NEW HOUSE LONDON EC1N 8JY
331,,0,272,GENERALCONSULT LIMITED 34 NEW HOUSE 67-68 HATTON GARDEN LONDON EC1N 8JY
332,,0,273,GENESIS GLOBAL TECHNOLOGY LIMITED C/O GOLDER BAQA GROUND FLOOR 1 BAKER'S ROW LONDON EC1R 3DB
333,,0,274,GENESIS TECHNOLOGY ARCHITECTURE LIMITED C/O GOLDER BAQA GROUND FLOOR 1 BAKER'S ROW LONDON EC1R 3DB
334,,0,275,GEOHUBB LIMITED KEMP HOUSE 160 CITY ROAD LONDON EC1V 2NX
335,,0,276,GEORGIE LIMITED LASER HOUSE 132-140 GOSWELL ROAD LONDON EC1V 7DY
336,,0,277,GHOSTERY LIMITED 21 HOLBORN VIADUCT LONDON EC1A 2DY
337,,0,278,GIOASS DOMAINS LIMITED 1 CHARTERHOUSE MEWS LONDON EC1M 6BB
338,,0,279,"GLOBAL PUBLISHING SOLUTIONS LTD DEVONSHIRE HOUSE, 60 GOSWELL ROAD LONDON EC1M 7AD"
339,,0,280,GLOBAL TECHNOLOGY LONDON LIMITED KEMP HOUSE 160 CITY ROAD LONDON LONDON EC1V 2NX
340,,0,281,GLOOMLASH INCORPORATION LIMITED KEMP HOUSE 160 CITY ROAD LONDON LONDON EC1V 2NX
341,,0,282,GLOPAY LIMITED 145-157 ST JOHN STREET LONDON EC1V 4PW
342,,0,283,GMCFAR LIMITED KEMP HOUSE 160 CITY ROAD LONDON EC1V 2NX
343,,0,284,GOCARDLESS LTD 338-346 GOSWELL ROAD LONDON EC1V 7LQ
344,,0,285,GOLDFISH DIGITAL MEDIA LIMITED 145-157 ST JOHN STREET LONDON EC1V 4PW
345,,0,286,GOLDSTAR ELECTRONICS LTD KEMP HOUSE 152 CITY ROAD LONDON EC1V 2NX
346,,0,287,GOLFERS' MATCH LIMITED KEMP HOUSE 152-160 CITY ROAD LONDON EC1V 2NX
347,,0,288,GOMABU LIMITED 130 OLD STREET LONDON EC1V 9BD
348,,0,289,GOOD IDEAS FOR INTERNET LTD 145-157 ST JOHN STREET LONDON EC1V 4PW
349,,0,290,GOTHAM STREET UK LIMITED DEVONSHIRE HOUSE 60 GOSWELL ROAD LONDON EC1M 7AD
350,,0,291,GREEN FIELDS TECHNOLOGY LIMITED BIG STUDIOS 1 EAST POULTRY AVENUE LONDON EC1A 9PT
351,,0,292,GVC LIMITED 15 BUNHILL ROW LONDON EC1Y 8LP
352,,0,293,GX2 TECHNOLOGY LIMITED 353-355 GOSWELL ROAD LONDON EC1V 7JL
353,,0,294,HALAL SPOT LTD KEMP HOUSE 152 CITY ROAD LONDON EC1V 2NX
354,,0,295,HANDYMARTIAN LTD C/O GOLDER BAQA GROUND FLOOR 1 BAKER'S ROW LONDON EC1R 3DB
355,,0,296,HAYFORD RECRUITMENT LIMITED LANSDOWNE HOUSE CITY FORUM 250 CITY ROAD LONDON EC1V 2QZ
356,,0,297,HAZELTREE TREASURY UK LTD. THIRD FLOOR 24 CHISWELL STREET LONDON EC1Y 4YX
357,,0,298,HCF AUTOMATION LIMITED KEMP HOUSE CITY ROAD LONDON EC1V 2NX
358,,0,299,HEALTHFORGE LTD LASER HOUSE 132-140 GOSWELL ROAD LONDON EC1V 7DY
359,,0,300,HIGHGOLD COMMUNICATIONS LIMITED 145-157 ST. JOHN STREET LONDON EC1V 4PY
360,,0,301,HOB CONSULTING LTD 145-157 ST JOHN STREET LONDON EC1V 4PW
361,,0,302,HOMES YOU SHARE LIMITED 130 OLD STREET LONDON EC1V 9BD
362,,0,303,HOPESTEAD MANAGEMENT LTD 145-157 ST JOHN STREET LONDON EC1V 4PW
363,,0,304,HU BU LIMITED GROUND FLOOR 1 BAKER'S ROW LONDON EC1R 3DB
364,,0,305,HUUPE LIMITED 3RD FLOOR 24 CHISWELL STREET LONDON EC1Y 4YX
365,,0,306,HYBRID SMART CONTRACTS MEDIA LIMITED KEMP HOUSE 160 CITY ROAD LONDON EC1V 2NX
366,,0,307,HYDROAUTOMATION LTD UNIT 36 88-90 HATTON GARDEN LONDON EC1N 8PN
367,,0,308,HYPERCYBERNETICS COMPUTATIONAL FINANCE RESEARCH CENTER LTD 145-157 ST JOHN STREET LONDON EC1V 4PW
368,,0,309,IDEABUILDER LIMITED CLERKENWELL WORKSHOPS 31 CLERKENWELL CLOSE LONDON EC1R 0AT
369,,0,310,"IDN PROJECTS LIMITED KINGSTON SMITH LLP, DEVONSHIRE HOUSE 60 GOSWELL ROAD LONDON EC1M 7AD"
370,,0,311,IGNITE UTILITY LIMITED INTERNATIONAL HOUSE 24 HOLBORN VIADUCT LONDON EC1A 2BN
371,,0,312,ILAB LIMITED THIRD FLOOR 112 CLERKENWELL ROAD LONDON EC1M 5SA
372,,0,313,IMPORT.IO LIMITED 30 CITY ROAD LONDON EC1Y 2AB
373,,0,314,IMRAN BAIG MOBILE SOFTWARE TECHNOLOGIES LIMITED C/O GOLDER BAQA GROUND FLOOR 1 BAKER'S ROW LONDON EC1R 3DB
374,,0,315,INCOMMON LTD 145-157 ST JOHN STREET LONDON EC1V 4PW
375,,0,316,INFERENTIAL LTD KEMP HOUSE 152 CITY ROAD LONDON LONDON EC1V 2NX
376,,0,317,INFINITY HOT TUBS LIMITED C/O GOLDER BAQA GROUND FLOOR 1 BAKER'S ROW LONDON EC1R 3DB
377,,0,318,INFO STOR LIMITED DEVONSHIRE HOUSE 60 GOSWELL ROAD LONDON EC1M 7AD
378,,0,319,INFODOCS LIMITED KEMP HOUSE 152-160 CITY ROAD LONDON EC1V 2NX
379,,0,320,INFORMATION EXPERIENCE LIMITED 28 ELY PLACE 3RD FLOOR LONDON EC1N 6TD
380,,0,321,"INFORMATION SERVICES EXTENDED, UK LTD 150 ALDERSGATE STREET LONDON EC1A 4AB"
381,,0,322,INFORMATION TECHNOLOGY EUROPE PUBLIC SECTOR LIMITED 30 CITY ROAD LONDON EC1Y 2AB
382,,0,323,INFOSAAS LTD 145-157 ST JOHN STREET LONDON EC1V 4PW
383,,0,324,"INFOSECO LTD 152 KEMP HOUSE, CITY ROAD LONDON EC1V 2NX"
384,,0,325,INFYLINE LIMITED 145-157 ST JOHN STREET LONDON EC1V 4PW
385,,0,326,INGENIOUS BUSINESS SOLUTIONS LIMITED 150 ALDERSGATE STREET LONDON EC1A 4AB
386,,0,327,"INKU CONSULTANTS LIMITED GROUND FLOOR , 1 BAKER'S ROW LONDON EC1R 3DB"
387,,0,328,INNOVA8E LIMITED KEMP HOUSE 160 CITY ROAD LONDON EC1V 2NX
388,,0,329,INSIGHT INTERNATIONAL (UK) LTD 145-157 ST JOHN STREET LONDON EC1V 4PW
389,,0,330,INSOLYTICS LIMITED KEMP HOUSE 160 CITY ROAD LONDON LONDON EC1V 2NX
390,,0,331,"INSTAPRISE SOLUTIONS LIMITED SUITE 34, 68 HATTON GARDEN LONDON EC1N 8JY"
391,,0,332,INTCOMMERCE LTD 2ND FLOOR 145-157 ST JOHN STREET LONDON EC1V 4PY
392,,0,333,INTEGRATION AND SOFTWARE LIMITED 4TH FLOOR CLERKS WELL HOUSE 20 BRITTON STREET LONDON EC1M 5UA
393,,0,334,INTERFAX UK LIMITED THIRD FLOOR 24 CHISWELL STREET LONDON EC1Y 4YX
394,,0,335,INTERNET E-MAIL LIMITED 3 BAKER'S ROW LONDON EC1R 3DB
395,,0,336,INTERPRETERS-ON-CALL LTD THIRD FLOOR 12 EAST PASSAGE LONDON EC1A 7LP
396,,0,337,INTERPRETERSPORTAL LTD THIRD FLOOR 12 EAST PASSAGE LONDON EC1A 7LP
397,,0,338,INVESTIN LTD KEMP HOUSE 152-160 CITY ROAD LONDON EC1V 2NX
398,,0,339,IOLOGICS LIMITED SUITE 10 MINERVA HOUSE 26-27 HATTON GARDEN LONDON EC1N 8BR
399,,0,340,IONOVA LIMITED 152-160 CITY ROAD LONDON EC1V 2NX
400,,0,341,IPROCURE LIMITED KEMP HOUSE 152-160 CITY ROAD LONDON EC1V 2NX
401,,0,342,IPUBLIC SOLUTIONS LIMITED 2ND FLOOR 145-157 ST JOHN STREET LONDON EC1V 4PY
402,,0,343,IQ PROFESSIONAL LIMITED 88-90 HATTON GARDEN LONDON EC1N 8PG
403,,0,344,IQSYS SECURITY LTD KEMP HOUSE 160 CITY ROAD LONDON LONDON EC1V 2NX
404,,0,345,IRATEU LTD 152 CITY ROAD LONDON EC1V 2NX
405,,0,346,IRATEU VENTURES LTD 152 CITY ROAD LONDON EC1V 2NX
406,,0,347,IRISATION LTD INTERNATIONAL HOUSE 24 HOLBORN VIADUCT LONDON EC1A 2BN
407,,0,348,IS IT MEANT TO DO THAT? LTD 88 GOLDEN LANE LONDON ISLINGTON EC1Y 0UA
408,,0,349,ISTOP KIOSKS LIMITED 334 - 336 GOSWELL ROAD LONDON EC1V 7RP
409,,0,350,IT SYSTEMS SOLUTIONS LIMITED GROUND FLOOR 1 BAKER'S ROW LONDON EC1R 3DB
410,,0,351,IT XPERT LTD ST JOHNS HOUSE 54 ST JOHN'S SQUARE LONDON EC1V 4JL
411,,0,352,ITEXTPORTAL LTD KEMP HOUSE 152 CITY ROAD LONDON EC1V 2NX
412,,0,353,ITFINSG LTD INTERNATIONAL HOUSE 24 HOLBORN VIADUCT LONDON EC1A 2BN
413,,0,354,ITSALLWEDO LIMITED 39 HATTON GARDEN LONDON EC1N 8EH
414,,0,355,J.M. COMPUTING LIMITED BIG STUDIOS 1 EAST POULTRY AVENUE LONDON EC1A 9PT
415,,0,356,JABO LTD GROUND FLOOR 1 BAKER'S ROW LONDON EC1R 3DB
416,,0,357,JAJ CAPITAL LTD UNIT 34 HATTON GARDEN LONDON EC1N 8JY
417,,0,358,JARVIS MARKETING LTD 137-139 WHITECROSS STREET LONDON EC1Y 8JL
418,,0,359,JAVELIN BROADBAND LIMITED 28 ELY PLACE 3RD FLOOR LONDON EC1N 6TD
419,,0,360,JIGZONE.COM LIMITED KLACO HOUSE 28-30 ST JOHN'S SQUARE LONDON EC1M 4DN
420,,0,361,JINITO LTD KEMP HOUSE 160 CITY ROAD LONDON LONDON EC1V 2NX
421,,0,362,JMC. IT GROUP LIMITED BIG STUDIOS 1 EAST POULTRY AVENUE LONDON EC1A 9PT
422,,0,363,JS INFORMATION SYSTEMS LIMITED 33 HOLBORN LONDON EC1N 2HT
423,,0,364,JULIUS CAESAR CONSULTANCY LTD INTERNATIONAL HOUSE 24 HOLBORN VIADUCT LONDON EC1A 2BN
424,,0,365,JWR TRADING LIMITED THIRD FLOOR 111 CHARTERHOUSE STREET LONDON EC1M 6AW
425,,0,366,KANDOLA LUXURIES LTD 145-157 ST JOHN STREET LONDON EC1V 4PW
426,,0,367,KARTEPAY TECHNOLOGIES LTD KEMP HOUSE 160 CITY ROAD LONDON EC1V 2NX
427,,0,368,KAWIKY LIMITED 30 ELY PLACE THIRD FLOOR OFFICE 30 ELY PLACE LONDON EC1N 6TD
428,,0,369,KEEBOO UK LTD 17TH FLOOR 200 ALDERSGATE STREET LONDON EC1A 4HD
429,,0,370,KEEP IT SIMPLE LIMITED KEMP HOUSE 160 CITY ROAD LONDON LONDON EC1V 2NX
430,,0,371,KEMLING LTD 145-157 ST JOHN STREET LONDON EC1V 4PW
431,,0,372,KENNETIQ LTD. 145-147 ST. JOHN STREET LONDON EC1V 4PW
432,,0,373,KETZEN LTD INTERNATIONAL HOUSE 24 HOLBORN VIADUCT LONDON EC1A 2BN
433,,0,374,KINGSTON WEB SERVICES LIMITED KEMP HOUSE 160 CITY ROAD LONDON EC1V 2NX
434,,0,375,KITENZI LTD INTERNATIONAL HOUSE 24 HOLBORN VIADUCT LONDON EC1A 2BN
435,,0,376,KIWANO LTD KEMP HOUSE 152 CITY ROAD LONDON EC1V 2NX
436,,0,377,KIYATA LIMITED KEMP HOUSE 152 CITY ROAD LONDON EC1V 2NX
437,,0,378,KLARKWERK LTD GROUND FLOOR 1 BAKER'S ROW LONDON EC1R 3DB
438,,0,379,KNOWLEDGE WORKERS LIMITED GROUND FLOOR 1 BAKER'S ROW LONDON EC1R 3DB
439,,0,380,KUKZY TECHNOLOGIES LIMITED KEMP HOUSE 152 CITY ROAD LONDON EC1V 2NX
440,,0,381,LABGRAPHIQUE. LIMITED LASER HOUSE 132-140 GOSWELL ROAD LONDON EC1V 7DY
441,,0,382,LADIES SAFE LTD KEMP HOUSE 152-160 CITY ROAD LONDON EC1V 2NX
442,,0,383,LAPTOPFRIENDLY LTD KEMP HOUSE 160 CITY ROAD LONDON EC1V 2NX
443,,0,384,LATTISPHERE LTD 33 EYRE STREET HILL LONDON EC1R 5ET
444,,0,385,LAUGHTON IT SERVICES LIMITED LASER HOUSE 132-140 GOSWELL ROAD LONDON EC1V 7DY
445,,0,386,LAURENCE POSTGATE LIMITED 28 ELY PLACE LONDON EC1N 6AA
446,,0,387,LAZY FACTORY LTD KEMP HOUSE 160 CITY ROAD LONDON EC1V 2NX
447,,0,388,LEAD LOGIC LTD OFFICE 36 88-90 HATTON GARDEN LONDON EC1N 8PG
448,,0,389,LEAN PERSPECTIVE LTD SILK HOUSE 61A GEE STREET LONDON EC1V 3RS
449,,0,390,LEFT SHIFT IT LIMITED 02-Jul CLERKENWELL GREEN LONDON EC1R 0DE
450,,0,391,LEGALEYE (INTERNATIONAL) LIMITED SUITE 36 88-90 HATTON GARDEN LONDON EC1N 8PG
451,,0,392,LEGALSURE LTD 145-157 ST JOHN STREET LONDON EC1V 4PW
452,,0,393,LEMON YETI MEDIA LTD 145-157 ST JOHN STREET LONDON EC1V 4PW
453,,0,394,LENDERWIZE LIMITED 1 CHARTERHOUSE MEWS LONDON EC1M 6BB
454,,0,395,LENOLA LTD UNIT 36 88-90 HATTON GARDEN LONDON EC1N 8PG
455,,0,396,LIFE DESIGN GROUP LIMITED KEMP HOUSE 160 CITY ROAD LONDON EC1V 2NX
456,,0,397,LIGHTNESS IT LTD KEMP HOUSE 152 CITY ROAD LONDON EC1V 2NX
457,,0,398,LINKAGE DESIGN LIMITED KEMP HOUSE 152-160 CITY ROAD LONDON EC1V 2NX
458,,0,399,"LITTLEBIRD ONLINE LTD BIG STUDIOS, 1 EAST POULTRY AVENUE LONDON EC1A 9PT"
459,,0,400,LIVE SMARTER LTD. FIRST FLOOR THAVIES INN HOUSE 3-4 HOLBORN CIRCUS LONDON EC1N 2HA
460,,0,401,LOCALSTARS LTD 35-39 4TH FLOOR OLD STREET LONDON EC1V 9HX
461,,0,402,LOCATA (HOUSING SERVICES) LIMITED 3 BUNHILL ROW LONDON EC1Y 8YZ
462,,0,403,LOGIC REPLACE LIMITED KEMP HOUSE 160 CITY ROAD LONDON LONDON EC1V 2NX
463,,0,404,LOGIC SOFT LTD KEMP HOUSE 160 CITY ROAD LONDON LONDON EC1V 2NX
464,,0,405,LOGINWORK LTD INTERNATIONAL HOUSE 24 HOLBORN VIADUCT LONDON EC1A 2BN
465,,0,406,LOKI INTERNET LIMITED INTERNATIONAL HOUSE 24 HOLBORN VIADUCT LONDON LONDON EC1A 2BN
466,,0,407,LONDON COLLEGE OF INFORMATION TECHNOLOGY LTD 34 NEW HOUSE 67-68 HATTON GARDEN LONDON EC1N 8JY
467,,0,408,LOYALTY PRIME LIMITED DEVONSHIRE HOUSE 60 GOSWELL ROAD LONDON EC1M 7AD
468,,0,409,LUCKY YOU STUDIO LTD INTERNATIONAL HOUSE 24 HOLBORN VIADUCT LONDON EC1A 2BN
469,,0,410,LUMINEA IT SOLUTIONS LIMITED SUITE 48 88-90 HATTON GARDEN LONDON EC1N 8PN
470,,0,411,LUPON MEDIA LTD FIRST FLOOR THAVIES INN HOUSE / 3-4 HOLBORN CIRCUS LONDON EC1N 2HA
471,,0,412,LUX REPAIR LTD 145-157 ST JOHN STREET LONDON EC1V 4PW
472,,0,413,LYCOM CORPORATION LTD 145-157 ST JOHN STREET LONDON EC1V 4PW
473,,0,414,LYTRIBE LTD KEMP HOUSE 160 CITY ROAD LONDON EC1V 2NX
474,,0,415,M/A WORK LIMITED 15 BOWLING GREEN LANE LONDON EC1R 0BD
475,,0,416,MAC CREATIONS LTD KEMP HOUSE 152 CITY ROAD LONDON EC1V 2NX
476,,0,417,MADDOX MARKETING LTD 145-157 ST JOHN STREET LONDON EC1V 4PW
477,,0,418,MAGENTA IT CONSULTING LTD BM ADVISORY LLLP 82 ST JOHN STREET LONDON EC1M 4JN
478,,0,419,MAGNETIC IT LIMITED 16 ST. MARTIN'S LE GRAND LONDON EC1A 4EN
479,,0,420,MAILJET SAAS LTD INTERNATIONAL HOUSE 24 HOLBORN VIADUCT LONDON EC1A 2BN
480,,0,421,MANAGIS LTD 1 EAST POULTRY AVENUE EAST POULTRY AVENUE FIRST FLOOR LONDON EC1A 9PT
481,,0,422,MANDIANT LTD. 21 HOLBORN VIADUCT LONDON EC1A 2DY
482,,0,423,MAR IT SERVICES LTD KEMP HOUSE 160 CITY ROAD LONDON EC1V 2NX
483,,0,424,MASTER IN RESEARCH LTD KEMP HOUSE 152 - 160 CITY ROAD LONDON EC1V 2NX
484,,0,425,MASTERING MEDIA (PRODUCTION ADVICE) LTD KEMP HOUSE 152-160 CITY ROAD LONDON EC1V 2NX
485,,0,426,MASTERS OF CEREMONIES LIMITED KEMP HOUSE 160 CITY ROAD LONDON EC1V 2NX
486,,0,427,MBA INFORMATION TECHNOLOGY LIMITED 7 PEARTREE STREET LONDON EC1V 3AS
487,,0,428,MBA TECHNOLOGIES LIMITED KEMP HOUSE 152 CITY ROAD LONDON EC1V 2NX
488,,0,429,MC ITS LIMITED LASER HOUSE 132-140 GOSWELL ROAD LONDON EC1V 7DY
489,,0,430,MCLEOD ENTERPRISES LTD 145-157 ST. JOHN STREET LONDON EC1V 4PW
490,,0,431,MEDECARD LIMITED 84 ST. JOHN STREET LONDON EC1M 4JN
491,,0,432,MEDIA72 HOSTING LIMITED OFFICE 36 88-90 HATTON GARDEN LONDON EC1N 8PN
492,,0,433,MEGANETWORK LTD 145-157 ST JOHN STREET LONDON EC1V 4PW
493,,0,434,MENDI ASSOCIATES LIMITED APEX HOUSE 24 59 BUNHILL ROW LONDON EC1Y 8QW
494,,0,435,MENUKOOL FOODS LIMITED 34 NEW HOUSE 67-68 HATTON GARDEN LONDON EC1N 8JY
495,,0,436,MILLHOUSE KAYSER LIMITED 80 OLD STREET LONDON EC1V 9AZ
496,,0,437,MINT DIGITAL LIMITED WHITE BEAR YARD 144A CLERKENWELL ROAD LONDON EC1R 5DF
497,,0,438,MIQAT TECHNOLOGIES LIMITED KEMP HOUSE 160 CITY ROAD LONDON EC1V 2NX
498,,0,439,MISSINGLETTR LTD KEMP HOUSE 160 CITY ROAD LONDON LONDON EC1V 2NX
499,,0,440,MOBILE TECTONICS LIMITED KEMP HOUSE 160 CITY ROAD LONDON EC1V 2NX
500,,0,441,MONETIC LIMITED THIRD FLOOR 112 CLERKENWELL ROAD LONDON EC1M 5SA
501,,0,442,MONGOOSE GRAY LTD KEMP HOUSE 160 CITY ROAD LONDON EC1V 2NX
502,,0,443,MOODAWAY LIMITED DEVONSHIRE HOUSE 60 GOSWELL ROAD LONDON EC1M 7AD
503,,0,444,MORNINGSTAR EUROPE LIMITED 1 OLIVER'S YARD 55-71 CITY ROAD LONDON EC1Y 1HQ
504,,0,445,MORSE GROUP LIMITED 200 ALDERSGATE ALDERSGATE STREET LONDON EC1A 4HD
505,,0,446,MOTION SOLUTIONS LIMITED GROUND FLOOR 1 BAKER'S ROW LONDON EC1R 3DB
506,,0,447,MPSCOTT LTD UNIT 34 67-68 HATTON GARDEN NEW HOUSE LONDON EC1N 8JY
507,,0,448,MTIVITY LIMITED KEMP HOUSE 152-160 CITY ROAD LONDON EC1V 2NX
508,,0,449,MULROONEY MEDIA LIMITED C/O CAYOS CONSULTING SERVICES 40 BOWLING GREEN LANE LONDON EC1R 0NE
509,,0,450,MUNKEY LIMITED C/O TOBIN ASSOCIATES 4TH FLOOR LONDON EC1N 8LE
510,,0,451,MX STUDIO LTD PREMIER HOUSE 12-13 HATTON GARDEN LONDON EC1N 8AN
511,,0,452,MYBUSKS LTD 145-157 ST JOHN STREET LONDON EC1V 4PW
512,,0,453,MYCLOUDHOST LIMITED KEMP HOUSE 152/160 CITY ROAD LONDON EC1V 2DW
513,,0,454,"MYTODDLR LTD INTERNATIONAL HOUSE, 24 HOLBORN VIADUCT LONDON EC1A 2BN"
514,,0,455,N.KO ENGINEERING LIMITED FLAT 1 61 MYDDELTON SQUARE LONDON EC1R 1XX
515,,0,456,NANOTEMPER TECHNOLOGIES LIMITED 17-18 AYLESBURY STREET LONDON EC1R 0DB
516,,0,457,NARC INTERACTIVE SERVICES LTD KEMP HOUSE 152-160 CITY ROAD LONDON EC1V 2NX
517,,0,458,NATICI LTD 15 BOWLING GREEN LANE LONDON EC1R 0BD
518,,0,459,NATIVEAPPSTUDIO LTD KEMP HOUSE 160 CITY ROAD LONDON EC1V 2NX
519,,0,460,NCP SOFTWARE &  CONSULTANT LTD 145-157 ST JOHN STREET LONDON EC1V 4PW
520,,0,461,NCSOFT EUROPE LIMITED 30 CITY ROAD LONDON EC1Y 2AB
521,,0,462,NEONSTREAM LIMITED 145-157 ST JOHN STREET LONDON EC1V 4PW
522,,0,463,NEPHRITE CONSULTANCY LTD KEMP HOUSE 152 CITY ROAD LONDON EC1V 2NX
523,,0,464,NERDABILITY LTD 145-157 ST JOHN STREET LONDON EC1V 4PW
524,,0,465,NET SELECT LIMITED 335 CITY ROAD LONDON EC1V 1LJ
525,,0,466,NETRESULT SOLUTIONS LIMITED THE JOHNSON BUILDING 77 HATTON GARDEN LONDON ENGLAND EC1N 8JS
526,,0,467,NETSWITCH LIMITED KEMP HOUSE 160 CITY ROAD LONDON EC1V 2NX
527,,0,468,NETWORK &  SECURITY LIMITED KEMP HOUSE 152-160 CITY ROAD LONDON EC1V 2NX
528,,0,469,NETWORK FIBRE LIMITED KEMP HOUSE 160 CITY ROAD LONDON LONDON EC1V 2NX
529,,0,470,NETWORKUP LTD KEMP HOUSE 152 CITY ROAD LONDON LONDON EC1V 2NX
530,,0,471,"NEUTRINO NETWORKS LTD THIRD FLOOR, 24 CHISWELL STREET LONDON EC1Y 4YX"
531,,0,472,NEW BYTE LIMITED 74 FLORIN COURT 6-9 CHARTERHOUSE SQUARE LONDON EC1M 6EX
532,,0,473,"NEW GAME TECHNOLOGIES LIMITED SUITES 1.04 AND 1.05, EAGLE HOUSE 167 CITY ROAD LONDON EC1V 1AW"
533,,0,474,NEW MODEL IDENTITY LIMITED KEMP HOUSE CITY ROAD LONDON EC1V 2NX
534,,0,475,NEWGEN TECHNOLOGIES LTD 145-157 ST JOHN STREET LONDON EC1V 4PW
535,,0,476,NEWNRG PTY LTD KEMP HOUSE 160 CITY ROAD LONDON LONDON EC1V 2NX
536,,0,477,NINESTARS INFORMATION TECHNOLOGIES UK LIMITED DEVONSHIRE HOUSE 60 GOSWELL ROAD LONDON EC1M 7AD
537,,0,478,NINETY NORTH LIMITED 10 COLDBATH SQUARE LONDON EC1R 5HL
538,,0,479,NK IT SOLUTIONS LIMITED 145-157 ST. JOHN STREET LONDON EC1V 4PW
539,,0,480,NMX IT SOLUTIONS LTD KEMP HOUSE 160 CITY ROAD LONDON EC1V 2NX
540,,0,481,NOBLE WEB SOLUTIONS LTD KEMP HOUSE 160 CITY ROAD LONDON EC1V 2NX
541,,0,482,NODEX LIMITED KEMP HOUSE 152-160 CITY ROAD LONDON EC1V 2NX
542,,0,483,NOVELLIC LIMITED THIRD FLOOR 24 CHISWELL STREET LONDON EC1Y 4YX
543,,0,484,NPIRE DIGITAL LTD KEMP HOUSE 160 CITY ROAD LONDON EC1V 2NX
544,,0,485,NUMBER VIOLET LIMITED INTERNATIONAL HOUSE 24 HOLBORN VIADUCT CITY OF LONDON LONDON EC1A 2BN
545,,0,486,"NUTRALIFE SOLUTION LIMITED INTERNATIONAL HOUSE, 24 HOLBORN VIADUCT LONDON EC1A 2BN"
546,,0,487,O'HWAYS LTD KEMP HOUSE 152 CITY ROAD LONDON EC1V 2NX
547,,0,488,ODEGRA LIMITED 6.4 ZIGGURAT BUILDING 60-66 SAFFRON HILL LONDON EC1N 8QX
548,,0,489,OFFSITE DATA STORAGE LIMITED 145-157 ST JOHN STREET LONDON EC1V 4PW
549,,0,490,OIL INTERNET LIMITED UNIT 410 27-31 CLERKENWELL CLOSE LONDON EC1R 0AU
550,,0,491,ONLINE DIGITAL SOLUTIONS LIMITED 34 NEW HOUSE HATTON GARDEN LONDON EC1N 8JY
551,,0,492,ONLINE SECURE LTD 145-157 ST JOHN STREET LONDON EC1V 4PW
552,,0,493,OPEN SOURCE INNOVATIONS LIMITED UNIT 36 / SUITE 36 / OFFICE 36 UNIT 36 / SUITE 36 / OFFICE 36 88 - 90 HATTON GARDEN LONDON HOLBORN EC1N 8PG
553,,0,494,OPSFACTORY LIMITED KEMP HOUSE 152-160 CITY ROAD LONDON EC1V 2NX
554,,0,495,OPTICONVERT LTD 145-157 ST JOHN STREET LONDON EC1V 4PW
555,,0,496,OPTIMALCORE LTD KEMP HOUSE 152 CITY ROAD LONDON EC1V 2NX
556,,0,497,ORICLE DESIGNS LTD 24 HOLBORN VIADUCT LONDON EC1A 2BN
557,,0,498,ORIEN ASSOCIATES LTD 145-157 ST. JOHN STREET LONDON EC1V 4PW
558,,0,499,OTS CORPORATION LTD SUITE 48 88-90 HATTON GARDEN LONDON EC1N 8PN
559,,0,500,OTT CONSULTANTS LTD 145-157 ST JOHN STREET LONDON EC1V 4PW
560,,0,501,OUTCODE LTD 34 NEW HOUSE 67-68 HATTON GARDEN LONDON EC1N 8JY
561,,0,502,P7WBB LIMITED GROUND FLOOR 1 BAKER'S ROW LONDON EC1R 3DB
562,,0,503,PARALLAX SOLUTIONS LTD 270 DANCE SQUARE LONDON EC1V 3AN
563,,0,504,PAUL COOPER ASSOCIATES LIMITED GROUND FLOOR 1 BAKER'S ROW LONDON EC1R 3DB
564,,0,505,PC IT SOLUTIONS LIMITED 2ND FLOOR 145-157 ST JOHN STREET LONDON EC1V 4PY
565,,0,506,PEAKWAVE LTD 145-157 ST JOHN STREET LONDON EC1V 4PW
566,,0,507,PEAMEW DIGITAL LIMITED INTERNATIONAL HOUSE 24 HOLBORN VIADUCT LONDON EC1A 2BN
567,,0,508,PEERIUS LTD PRINCE CONSORT HOUSE 109-111 FARRINGDON ROAD LONDON EC1R 3BW
568,,0,509,PELASGUS LIMITED 3RD FLOOR 28 ELY PLACE LONDON EC1N 6TD
569,,0,510,PERHAM UK LTD UNIT2 5 BALDWIN STREET LONDON EC1V 9NU
570,,0,511,PERSONAL 24 LIMITED 3RD FLOOR 24 CHISWELL STREET LONDON EC1Y 4YX
571,,0,512,PETER DIVOS CONSULTING LIMITED HOXTON MIX 86-90 PAUL ST LONDON EC1N 8JY
572,,0,513,"PHMUSEUM LTD INTERNATIONAL HOUSE, 24 HOLBORN VIADUCT HOLBORN VIADUCT LONDON EC1A 2BN"
573,,0,514,PINEMARTEN EDUCATION LTD KEMP HOUSE CITY ROAD LONDON EC1V 2NX
574,,0,515,PINETEC LIMITED 15 BOWLING GREEN LANE LONDON EC1R 0BD
575,,0,516,PIPSKI LIMITED C/O GOLDER BAQA GROUND FLOOR 1 BAKER'S ROW LONDON EC1R 3DB
576,,0,517,PIXELRIGHTS LIMITED 27-31 CLERKENWELL CLOSE LONDON EC1R 0AT
577,,0,518,PIXSENS LTD 160 CITY ROAD KEMP HOUSE LONDON EC1V 2NX
578,,0,519,PLANETARY VISIONS LIMITED 52 KINGSWAY PLACE SANS WALK LONDON EC1R 0LU
579,,0,520,PLATFI LTD 345 OLD STREET LONDON EC1V 9LL
580,,0,521,PLATINUM BLUE LIMITED 1-3 DUFFERIN STREET LONDON EC1Y 8NA
581,,0,522,POMEGRANATE HEALTH LTD 15 BOWLING GREEN LANE LONDON EC1R 0BD
582,,0,523,POSSIBLE POINT PRIVATE LIMITED KEMP HOUSE 160 CITY ROAD LONDON LONDON EC1V 2NX
583,,0,524,POST &  PLACE (UK) LTD 359 GOSWELL ROAD LONDON EC1V 7JL
584,,0,525,PRAMATI TECHNOLOGIES EUROPE LIMITED DEVONSHIRE HOUSE 60 GOSWELL ROAD LONDON EC1M 7AD
585,,0,526,PROCYON STUDIOS LIMITED 15 BOWLING GREEN LANE LONDON EC1R 0BD
586,,0,527,PRODAPT (UK) LIMITED DEVONSHIRE HOUSE 60 GOSWELL ROAD LONDON EC1M 7AD
587,,0,528,PRODATA TECHNOLOGY LIMITED CAPITAL OFFICE 152 CITY ROAD LONDON EC1V 2NX
588,,0,529,PRODEMIC LTD KEMP HOUSE 152 CITY ROAD LONDON EC1V 2NX
589,,0,530,"PROFIMO LTD KEMP HOUSE, 152-160 CITY ROAD CITY ROAD LONDON EC1V 2NX"
590,,0,531,PROGRAMMATIC.LY LIMITED DYNAMIS HOUSE 6-8 SYCAMORE STREET LONDON EC1Y 0SW
591,,0,532,PROMAST TECHNOLOGY LIMITED KEMP HOUSE 160 CITY ROAD LONDON EC1V 2NX
592,,0,533,PROXIMA WEB LTD 145-157 ST JOHN STREET LONDON EC1V 4PW
593,,0,534,QLMIETO LTD 31B ADEYFIELD HOUSE CRANWOOD STREET LONDON EC1V 9PD
594,,0,535,QUCONT LIMITED KEMP HOUSE 160 CITY ROAD LONDON LONDON EC1V 2NX
595,,0,536,QUEST TECHNOLOGIES (LONDON) LIMITED 195 WHITECROSS STREET LONDON EC1Y 8QP
596,,0,537,QUINTAIN TECHNOLOGY SOLUTIONS LIMITED 3RD FLOOR 24 CHISWELL STREET LONDON EC1Y 4YX
597,,0,538,RANK-1 (SOUTH) LIMITED 30 CITY ROAD LONDON EC1Y 2AB
598,,0,539,RANKERS LIMITED SUITE 1A 1 LINDSEY STREET LONDON LONDON EC1A 9HP
599,,0,540,RAPPIDLY LTD 2ND FLOOR 197 CITY ROAD LONDON EC1V 1JN
600,,0,541,RCS (CAD) LTD 145-157 ST JOHN STREET LONDON EC1V 4PW
601,,0,542,REAL DATACENTRES (EMEA) LIMITED KEMP HOUSE 160 CITY ROAD LONDON EC1V 2NX
602,,0,543,REALITY HITS LTD 145-157 ST JOHN STREET LONDON EC1V 4PW
603,,0,544,RED PANDA MEDIA LIMITED SUITE 48 88-90 HATTON GARDEN LONDON EC1N 8PN
604,,0,545,RED RAINBOWS LTD OFFICE 36 88-90 HATTON GARDEN LONDON EC1N 8PG
605,,0,546,REDHAT IT LTD 80 - 83 LONG LANE LONDON EC1A 9ET
606,,0,547,REDSTONE DATA SOLUTIONS LIMITED KEMP HOUSE 160 CITY ROAD LONDON EC1V 2NX
607,,0,548,REGIUM CONSULTING LIMITED KEMP HOUSE 152 CITY ROAD LONDON LONDON EC1V 2NX
608,,0,549,REVERSE DELTA LIMITED KEMP HOUSE CITY ROAD LONDON EC1V 2NX
609,,0,550,RIVERSIDE COMPUTING SOLUTIONS LTD 145-157 ST JOHN STREET LONDON EC1V 4PW
610,,0,551,RJM.IT LIMITED INTERNATIONAL HOUSE 24 HOLBORN VIADUCT LONDON EC1A 2BN
611,,0,552,RM &  JT CONSULTING LTD INTERNATIONAL HOUSE 24 HOLBORN VIADUCT LONDON EC1A 2BN
612,,0,553,ROAD TO WORK LIMITED 1892 BUILDING 47 KINGSWAY PLACE LONDON EC1R 0LU
613,,0,554,ROBUCODE LIMITED INTERNATIONAL HOUSE 24 HOLBORN VIADUCT LONDON EC1A 2BN
614,,0,555,ROKK3R LABS EMEA LTD GROUND FLOOR WHITE BEAR YARD 144A CLERKENWELL ROAD LONDON EC1R 5DF
615,,0,556,"ROOKA, LTD KEMP HOUSE 160 CITY ROAD LONDON EC1V 2NX"
616,,0,557,ROOM ONE DESIGN LIMITED 12-14 BERRY STREET CLERKENWELL LONDON EC1V 0AU
617,,0,558,ROOM ONE DIGITAL LIMITED 12-14 BERRY STREET CLERKENWELL LONDON EC1V 0AU
618,,0,559,ROSAMAN LTD. 3RD FLOOR 49 FARRINGDON ROAD LONDON EC1M 3JP
619,,0,560,ROSENDAHL CONCEPTKIOSK LTD 17-18 AYLESBURY STREET LONDON EC1R 0DB
620,,0,561,RPM DIGITAL LTD 145-157 ST JOHN STREET LONDON EC1V 4PW
621,,0,562,RTS (RESEARCH &  TECHNOLOGY SOLUTIONS) LTD KEMP HOUSE 152 CITY ROAD LONDON EC1V 2NX
622,,0,563,RUMMBLE LIMITED KEMP HOUSE 152 CITY ROAD LONDON EC1V 2NX
623,,0,564,"SAAIMO LTD KEMP HOUSE, 152-160 CITY ROAD LONDON EC1V 2NX"
624,,0,565,SAHY INTERNATIONAL MANAGEMENT LTD KEMP HOUSE 152 - 160 CITY ROAD LONDON EC1V 2NX
625,,0,566,SATCHCORP LTD KEMP HOUSE 152 CITY ROAD LONDON EC1V 2NX
626,,0,567,SAVVY EYE MEDIA LIMITED 11 AMWELL STREET LONDON EC1R 1UL
627,,0,568,SAVWIRE LTD 145-157 ST JOHN STREET LONDON EC1V 4PW
628,,0,569,SCHOOLS MATTER PARTNERS LIMITED SUITE 48 88-90 HATTON GARDEN LONDON EC1N8PN
629,,0,570,SEARCH MAGNET MARKETING LTD 145-157 ST JOHN STREET LONDON EC1V 4PW
630,,0,571,SECONDBYTE MICROS LTD KEMP HOUSE 152-160 CITY ROAD LONDON EC1V 2NX
631,,0,572,SECURE GLOBAL TECHNOLOGIES LTD DIRECT ACCOUNTANTS UK LIMITED WHITECROSS STREET 137-139 LONDON EC1Y 8JL
632,,0,573,SECURITY HEADS LIMITED THIRD FLOOR 111 CHARTERHOUSE STREET LONDON EC1M 6AW
633,,0,574,SECURYS LIMITED 2ND FLOOR 197 CITY ROAD LONDON EC1V 1JN
634,,0,575,SEFRICAN LIMITED 1 BAKER'S ROW LONDON EC1R 3DB
635,,0,576,SERVICE4SERVER LIMITED SUITE 48 88-90 HATTON GARDEN LONDON EC1N 8PN
636,,0,577,SHARK DIGITAL CONSULTANCY LTD 4TH FLOOR CLERK'S WELL HOUSE 20 BRITTON STREET LONDON EC1M 5UA
637,,0,578,SHARK HOSTING LIMITED KEMP HOUSE 160 CITY ROAD LONDON EC1V 2NX
638,,0,579,SHARK TANK LIMITED CLERKS COURT 5TH FLOOR 18-20 FARRINGDON LANE LONDON EC1R 3AU
639,,0,580,SHARP DIGITAL ASSEMBLY LTD 145-157 ST JOHN STREET LONDON EC1V 4PW
640,,0,581,SHEERIE LIMITED INTERNATIONAL HOUSE 24 HOLBORN VIADUCT LONDON EC1A 2BN
641,,0,582,SHINY IDEAS LTD 231 ROSDEN HOUSE 372 OLD STREET LONDON EC1V 9AU
642,,0,583,SHUFFZCO LIMITED 130 OLD STREET LONDON EC1V 9BD
643,,0,584,SIENTECH LTD 145-157 ST JOHN STREET LONDON EC1V 4PW
644,,0,585,SIGMA VENTURES LIMITED 2ND FLOOR 145-157 ST.JOHN STREET LONDON EC1V 4PY
645,,0,586,SILVERLAKE SYMMETRI (EUROPE) LIMITED CHALLONER HOUSE 19 CLERKENWELL CLOSE LONDON EC1R 0RR
646,,0,587,SIM GLOBAL MARKETS LIMITED FINSGATE 5-7 CRANWOOD STREET LONDON EC1V 9EE
647,,0,588,SIMBOLIC LTD 4 DOMECQ HOUSE 12 DALLINGTON STREET LONDON EC1V 0BJ
648,,0,589,SIMON MARSDEN LIMITED KEMP HOUSE 152-160 CITY ROAD LONDON EC1V 2NX
649,,0,590,SIMPLE DIGITAL LTD 152 CITY ROAD LONDON EC1V 2NX
650,,0,591,SKWILE LTD. 1 CHARTERHOUSE MEWS LONDON EC1M 6BB
651,,0,592,SKYGATE DIGITAL LTD 145-157 ST JOHN STREET LONDON EC1V 4PW
652,,0,593,SLEEK NETWORKS LIMITED 150 ALDERSGATE STREET LONDON EC1A 4AB
653,,0,594,SMART STORAGE TECHNOLOGIES LIMITED UG06 14 GREVILLE STREET LONDON EC1N 8SB
654,,0,595,SMARTERKEY LIMITED 146B ST. JOHN STREET LONDON EC1V 4UA
655,,0,596,SMARTLOGIC SCHEMASERVER LIMITED 200 ALDERSGATE STREET LONDON EC1A 4HD
656,,0,597,SMARTSESSION LTD FINSGATE 5-7 CRANWOOD STREET LONDON EC1V 9EE
657,,0,598,SNET GLOBAL LTD INTERNATIONAL HOUSE 24 HOLBORN VIADUCT LONDON EC1A 2BN
658,,0,599,SNS TECHNOLOGIES LIMITED KLACO HOUSE 28-30 ST JOHNS SQUARE LONDON EC1M 4DN
659,,0,600,SOFTWARE SOLUTIONS (UK) LIMITED SAFFRON HOUSE 6-10 KIRBY STREET LONDON EC1N 8TS
660,,0,601,SOKAM ONLINE LIMITED INTERNATIONAL HOUSE 24 HOLBORN VIADUCT LONDON EC1A 2BN
661,,0,602,SOL MARKET LTD UNIT 34 67-68 HATTON GARDEN LONDON EC1N 8JY
662,,0,603,SOLID STATE INFLIGHT LIMITED INTERNATIONAL HOUSE 24 HOLBORN VIADUCT LONDON EC1A 2BN
663,,0,604,SOLISTECH SOLUTIONS LTD 152-160 CITY ROAD LONDON EC1V 2NX
664,,0,605,SPARKLE &  FLOW LIMITED 144A CLERKENWELL ROAD LONDON EC1R 5DF
665,,0,606,SPECIALISTSUK LIMITED 21 HOLBORN VIADUCT LONDON EC1A 2DY
666,,0,607,SPEECHBUBBLE CONSULTANCY LIMITED 130 OLD STREET LONDON EC1V 9BD
667,,0,608,SPIRISICAL LIMITED FLAT 28 BREWERS BUILDINGS RAWSTORNE STREET LONDON EC1V 7NB
668,,0,609,SPOTAHOME LTD 2ND FLOOR WHITE BEAR YARD 144A CLERKENWELL ROAD LONDON EC1R 5DF
669,,0,610,SPRING DIGITAL LIMITED BIG STUDIOS 1 EAST POULTRY AVENUE LONDON EC1A 9PT
670,,0,611,SPRINKLR UK LTD GATE HOUSE 1 ST. JOHN'S SQUARE LONDON EC1M 4DH
671,,0,612,SQUARE EYE LIMITED 5 ST. JOHN'S LANE LONDON EC1M 4BH
672,,0,613,STACK EXCHANGE LTD BENTIMA HOUSE 168-172 OLD STREET LONDON EC1V 9BP
673,,0,614,STANDARD GLOBAL SOLUTIONS LTD 145-157 ST JOHN STREET LONDON EC1V 4PW
674,,0,615,STANFORD ELECTRICAL CONTRACTING LTD 145-157 ST JOHN STREET LONDON EC1V 4PW
675,,0,616,STAR DOT HELP COMPUTER CONSULTING LIMITED THIRD FLOOR 24 CHISWELL STREET LONDON EC1Y 4YX
676,,0,617,STARKWAY LTD. KEMP HOUSE 160 CITY ROAD LONDON EC1V 2NX
677,,0,618,STARTIDE LIMITED KEMP HOUSE 152-160 CITY ROAD LONDON EC1V 2NX
678,,0,619,STEHLE CONSULTING LIMITED 150 ALDERSGATE STREET LONDON EC1A 4AB
679,,0,620,STREAM UK MEDIA SERVICES LIMITED UNIT 27-28 ANGEL GATE LONDON EC1V 2PT
680,,0,621,STREAMESS LIMITED 160 CITY ROAD KEMP HOUSE LONDON EC1V 2NX
681,,0,622,STREAMTRAIN LIMITED KEMP HOUSE 152-160 CITY ROAD LONDON EC1V 2NX
682,,0,623,STUDIOF CREATIVE LTD 1 CHARTERHOUSE MEWS LONDON EC1M 6BB
683,,0,624,SUCCESSFUL INTERNET LIMITED SUITE 36 88-90 HATTON GARDEN LONDON EC1N 8PN
684,,0,625,SUN SYSTEMS IT SERVICES LIMITED 145-157 ST JOHN STREET LONDON EC1V 4PW
685,,0,626,SUNNER CONSULTANCY LTD 82 ST. JOHN STREET LONDON EC1M 4JN
686,,0,627,SUPREME SUCCESS STRATEGIES LTD CAPITAL OFFICE KEMP HOUSE 152-160 CITY ROAD OLD STREET LONDON EC1V 2NX
687,,0,628,SURREY SYSTEMS PARTNERSHIP LTD KEMP HOUSE 160 CITY ROAD LONDON EC1V 2NX
688,,0,629,SVVISH LIMITED KEMP HOUSE 152 CITY ROAD LONDON EC1V 2NX
689,,0,630,SWIFTEE TECHNOLOGY LIMITED 130 OLD STREET LONDON EC1V 9BD
690,,0,631,SYNAPSES IT LIMITED INTERNATIONAL HOUSE HOLBORN VIADUCT LONDON EC1A 2BN
691,,0,632,SYZYGY UK LIMITED THE JOHNSON BUILDING 77 HATTON GARDEN LONDON EC1N 8JS
692,,0,633,TAKEMEOUT LTD FLAT 1 100 LEATHER LANE LONDON EC1N 7TX
693,,0,634,TAMETON SOLUTIONS LIMITED 28 ELY PLACE 3RD FLOOR LONDON EC1N 6TD
694,,0,635,TAYSTME LTD KEMP HOUSE 152 CITY ROAD LONDON GREATER LONDON EC1V 2NX
695,,0,636,TEAM IT CONSULTING LIMITED C/O GOLDER BAQA GROUND FLOOR 1 BAKER'S ROW LONDON EC1R 3DB
696,,0,637,TEAMSPACE LTD. DEVONSHIRE HOUSE 60 GOSWELL ROAD LONDON EC1M 7AD
697,,0,638,TECH TRAINERS LTD OFFICE 36 88-90 HATTON GARDEN LONDON EC1N 8PG
698,,0,639,TECHPROWORLD LIMITED KEMP HOUSE 160 CITY ROAD LONDON LONDON EC1V 2NX
699,,0,640,TELEFOTONIKA LIMITED KEMP HOUSE 160 CITY ROAD LONDON EC1V 2NX
700,,0,641,TESSA CAPITAL LIMITED 26-28 BARTHOLOMEW SQUARE SUITE 1 LONDON EC1V 3QH
701,,0,642,TESTING SOLUTIONS LIMITED 150 ALDERSGATE STREET LONDON EC1A 4AB
702,,0,643,TESTING TRAINING SOLUTIONS LIMITED 150 ALDERSGATE STREET LONDON EC1A 4AB
703,,0,644,THAMESTEC LTD 145-157 ST JOHN STREET LONDON EC1V 4PW
704,,0,645,THE BULL STUDIO LTD INTERNATIONAL HOUSE 24 HOLBORN VIADUCT LONDON EC1A 2BN
705,,0,646,THE DATACENTRE ADVISORY GROUP LIMITED KEMP HOUSE 160 CITY ROAD LONDON EC1V 2NX
706,,0,647,THE LIGHT IT SUPPORT LTD 31A CLERKENWELL CLOSE LONDON EC1R 0AT
707,,0,648,THE NEW BLACK CREATIVE STUDIO LIMITED FLAT 2 1 TYSOE STREET LONDON EC1R 4SA
708,,0,649,THE PROSPEROUS SHOP LTD FINSGATE CRANWOOD STREET LONDON EC1V 9EE
709,,0,650,THEHEALTHFINDER HOLDINGS LIMITED 50 FARRINGDON ROAD GROUND FLOOR LONDON EC1M 3HE
710,,0,651,THEM DIGITAL ASSISTANCE LTD 4TH FLOOR 1-5 CLERKENWELL ROAD LONDON EC1M 5PA
711,,0,652,THINGTHING LTD 3RD FLOOR 12 EAST PASSAGE LONDON EC1A 7LP
712,,0,653,THINK DIGITALLY SOFTWARE LTD INTERNATIONAL HOUSE 24 HOLBORN VIADUCT LONDON EC1A 2BN
713,,0,654,THINKING CIRCLE LIMITED INTERNATIONAL HOUSE 24 HOLBORN VIADUCT CITY OF LONDON LONDON EC1A 2BN
714,,0,655,THOMPSON FLETCHER ASSOCIATES LIMITED 2ND FLOOR 145-157 ST JOHN STREET LONDON EC1V 4PY
715,,0,656,THRIVE FINANCIAL LIMITED KEMP HOUSE 160 CITY ROAD LONDON EC1V 2NX
716,,0,657,TIBTEC LTD GROUND FLOOR 1 BAKER'S ROW LONDON EC1R 3DB
717,,0,658,TIKIT LIMITED 81 NEWGATE STREET LONDON EC1A 7AJ
718,,0,659,TIMED LTD KEMP HOUSE 160 CITY ROAD LONDON LONDON EC1V 2NX
719,,0,660,TIMTOMINC LIMITED KEMP HOUSE 152 CITY ROAD LONDON EC1V 2NX
720,,0,661,"TLDOMAINS LTD OFFICE 34, NEW HOUSE 67-68 HATTON GARDEN LONDON EC1N 8JY"
721,,0,662,TOBORSOFT LTD KEMP HOUSE 160 CITY ROAD LONDON EC1V 2NX
722,,0,663,TOTAL MEDIA MARKETING LTD 145-157 ST JOHN STREET LONDON EC1V 4PW
723,,0,664,"TRACEMEDIA PROJECTS LIMITED 10 GASTIGNY HOUSE PLEYDELL ESTATE, LEVER STREET LONDON EC1V 3SU"
724,,0,665,TRADEWARE GLOBAL UK LIMITED 1 ST MARTINS LE GRAND LONDON EC1A 4AS
725,,0,666,TRADEXPERT LIMITED KEMP HOUSE 160 CITY ROAD LONDON EC1V 2NX
726,,0,667,TRAINLINE INTERNATIONAL LIMITED 120 HOLBORN LONDON EC1N 2TD
727,,0,668,TRAINLINE.COM LIMITED 120 HOLBORN LONDON EC1N 2TD
728,,0,669,TRANSCOMM UK LIMITED 81 NEWGATE STREET LONDON EC1A 7AJ
729,,0,670,TRAVIOOR LTD 1 BAKER'S YARD LONDON EC1R 3DD
730,,0,671,TREAT A FRIEND LIMITED 130 OLD STREET LONDON EC1V 9BD
731,,0,672,TRIANA VENTURES LIMITED 14 GREVILLE STREET UNIT UG06 LONDON EC1N 8SB
732,,0,673,TRIANGULATE IT LTD 145-157 ST JOHN STREET LONDON EC1V 4PW
733,,0,674,TRIGENIS LIMITED 40 BOWLING GREEN LANE LONDON EC1R 0NE
734,,0,675,TRONCAT LIMITED TOBIN ASSOCIATES LTD 4TH FLOOR 63-66 HATTON GARDEN LONDON EC1N 8LE
735,,0,676,TSM INTERNATIONAL LTD 145-157 2ND FLOOR ST JOHN STREET LONDON UNITED KINGDOM EC1V 4PY
736,,0,677,TURQUOISE SOLUTIONS LIMITED C/O GOLDER BAQA GROUND FLOOR 1 BAKER'S ROW LONDON EC1R 3DB
737,,0,678,U-2-ME LTD KEMP HOUSE 152 CITY ROAD LONDON EC1V 2NX
738,,0,679,U.K. BUSINESS FUNDING CENTRE LIMITED 1ST FLOOR THAVIES INN HOUSE 3-4 HOLBORN CIRCUS LONDON EC1N 2HA
739,,0,680,UK PROPERTIES ONLINE LIMITED 145-157 ST. JOHN STREET LONDON EC1V 4PY
740,,0,681,UNBIASED LIMITED 12-14 BERRY STREET LONDON EC1V 0AU
741,,0,682,UNGM LIMITED 152-160 CITY ROAD LONDON EC1V 2NX
742,,0,683,UNICORN COMPUTER GRAPHICS LIMITED 82 ST JOHN STREET LONDON EC1M 4JN
743,,0,684,"UNIGLO FINANCIAL LIMITED OFFICE 36, 88-90 HATTON GARDEN LONDON EC1N 8PN"
744,,0,685,UNIRISX LIMITED 10 CHISWELL STREET 2ND FLOOR LONDON EC1Y 4UQ
745,,0,686,UNITED PIXELS LTD 145-157 ST. JOHN STREET LONDON EC1V 4PW
746,,0,687,UNIVERSAL BASKET LIMITED 27-31 CLERKENWELL CLOSE UNIT 4.06 LONDON EC1R 0AT
747,,0,688,UNIVERSAL RESEARCH &  CONSULTING LIMITED 145-157 ST. JOHN STREET LONDON EC1V 4PW
748,,0,689,UNPICK LTD 372 OLD STREET LONDON SUITE 32 LONDON EC1V 9LT
749,,0,690,UNYFY CONSULTING LIMITED C/O GOLDER BAQA GROUND FLOOR 1 BAKER'S ROW LONDON EC1R 3DB
750,,0,691,URPASS.CO LIMITED 4TH FLOOR ST. CROSS STREET LONDON EC1N 8UN
751,,0,692,UVIP LIMITED KEMP HOUSE 160 CITY ROAD LONDON LONDON EC1V 2NX
752,,0,693,UWP LIMITED 3RD FLOOR 112 CLERKENWELL ROAD LONDON EC1M 5SA
753,,0,694,V4TECH LIMITED INTERNATIONAL HOUSE 24 HOLBORN VIADUCT CITY OF LONDON LONDON EC1A 2BN
754,,0,695,VAMA SOLUTIONS LIMITED KEMP HOUSE SUITE 454 152-160 CITY ROAD LONDON EC1V 2NX
755,,0,696,VCE SOLUTIONS LIMITED BENTIMA HOUSE 4TH FLOOR 168-172 OLD STREET LONDON EC1V 9BP
756,,0,697,VE INTERACTIVE LIMITED 15-19 BAKER'S ROW LONDON EC1R 3DG
757,,0,698,VENDAVO UK LIMITED 3RD FLOOR 24 CHISWELL STREET LONDON EC1Y 4YX
758,,0,699,VENEZZ LTD KEMP HOUSE 152 CITY ROAD LONDON EC1V 2NX
759,,0,700,VERDANT SKY LIMITED UNIT C23 9 HERBAL HILL HERBAL HILL GARDENS LONDON EC1R 5XB
760,,0,701,VERO SOLUTIONS LIMITED 15 BOWLING GREEN LANE LONDON EC1R 0BD
761,,0,702,VIRCLOUD LTD 145-157 ST JOHN STREET LONDON EC1V 4PW
762,,0,703,VIRTUALFILES LIMITED KEMP HOUSE 152/160 CITY ROAD LONDON EC1V 2DW
763,,0,704,VISITED.ME LIMITED THIRD FLOOR 111 CHARTERHOUSE STREET LONDON EC1M 6AW
764,,0,705,VIVACITY LABS LIMITED INTERNATIONAL HOUSE 24 HOLBORN VIADUCT CITY OF LONDON LONDON EC1A 2BN
765,,0,706,VIVE FINANCIAL SERVICES LIMITED 15 BUNHILL ROW LONDON EC1Y 8LP
766,,0,707,VIZAVIZ INTERNATIONAL LTD KEMP HOUSE 160 CITY ROAD LONDON EC1V 2NX
767,,0,708,"VNETIC LTD INTERNATIONAL HOUSE, 24 HOLBORN VIADUCT LONDON EC1A 2BN"
768,,0,709,VORBOSS LIMITED DEVONSHIRE HOUSE 60 GOSWELL ROAD LONDON EC1M 7AD
769,,0,710,VZINTERNET LIMITED 82 ST JOHN STREET LONDON EC1M 4JN
770,,0,711,WARD MARKETING SOLUTIONS LIMITED 15 BOWLING GREEN LANE LONDON EC1R 0BD
771,,0,712,WARWICK COMPUTER REPAIRS LTD 145-157 ST JOHN STREET LONDON EC1V 4PW
772,,0,713,WAY2G LIMITED 150 ALDERSGATE STREET LONDON EC1A 4AB
773,,0,714,WE ARE EXPERIENCE LIMITED 3RD FLOOR 24 CHISWELL STREET LONDON EC1Y 4YX
774,,0,715,WE ARE FRIDAY LIMITED HARELLA HOUSE 3RD FLOOR 90-98 GOSWELL ROAD LONDON EC1V 7DF
775,,0,716,WE ARE LONDON LIMITED 3RD FLOOR 24 CHISWELL STREET LONDON EC1Y 4YX
776,,0,717,WE MAKE WEBSITES LTD SWEEPS BUILDING C/O 6-7 ST. CROSS STREET LONDON EC1N 8UA
777,,0,718,WEB ARCHITECTURE AND TECHNOLOGIES LTD IMPACT HUB ISLINGTON 5 TORRENS STREET 4TH FLOOR LONDON EC1V 1NQ
778,,0,719,WEB KINGDOM LIMITED 160 CITY ROAD LONDON EC1V 2NX
779,,0,720,WEBCODE LTD INTERNATIONAL HOUSE 24 HOLBORN VIADUCT LONDON EC1A 2BN
780,,0,721,WHAT'S THE SCORE LIMITED 20 BUNHILL ROW LONDON EC1Y 8UE
781,,0,722,WHITE WATER METALS LIMITED KEMP HOUSE 152 CITY ROAD LONDON EC1V 2NX
782,,0,723,WHYM.GLOBAL LTD. THIRD FLOOR 12 EAST PASSAGE LONDON EC1A 7LP
783,,0,724,WIIPIX LIMITED 1-5 CLERKENWELL ROAD LONDON EC1M 5PA
784,,0,725,WILSON ROBOTICS LIMITED KEMP HOUSE 160 CITY ROAD LONDON LONDON EC1V 2NX
785,,0,726,WINPHD LIMITED INTERNATIONAL HOUSE 24 HOLBORN VIADUCT LONDON EC1A 2BN
786,,0,727,"WITH ASSOCIATES DIGITAL LIMITED SUITE 47, 372 OLD STREET LONDON EC1V 9LT"
787,,0,728,WORDOWN LIMITED 130 OLD STREET LONDON EC1V 9BD
788,,0,729,WORTH DYNAMICS LTD UNIT/OFFICE 36 88-90 HATTON GARDEN LONDON EC1N 8PN
789,,0,730,X19 LIMITED DEVONSHIRE HOUSE 60 GOSWELL ROAD LONDON EC1M 7AD
790,,0,731,XS NETWORKS LTD KEMP HOUSE 152 CITY ROAD LONDON EC1V 2NX
791,,0,732,Y1 SYSTEMS LIMITED INTERNATIONAL HOUSE 24 HOLBORN VIADUCT LONDON EC1A 2BN
792,,0,733,YARD NINE LIMITED KEMP HOUSE 152-160 CITY ROAD LONDON EC1V 2NX
793,,0,734,YESQL SOLUTIONS LIMITED 145-157 ST. JOHN STREET LONDON EC1V 4PW
794,,0,735,YOYO DATA LIMITED THIRD FLOOR 12 EAST PASSAGE LONDON EC1A 7LP
795,,0,736,YULAIP TECHNOLOGIES LTD APARTMENT 34 67-68 HATTON GARDEN LONDON EC1N 8JY
796,,0,737,ZENZIUM LTD KEMP HOUSE 160 CITY ROAD LONDON EC1V 2NX
797,,0,738,ZEROONEONEZERO LIMITED 145-157 ST. JOHN STREET LONDON EC1V 4PW
798,,0,739,ZINTERNETGROUP LTD KEMP HOUSE 160 CITY ROAD LONDON LONDON EC1V 2NX
799,,0,740,ZOARING LIMITED OFFICE 34 NEW HOUSE 67-68 HATTON GARDEN CITY OF LONDON EC1N 8JY
800,,0,741,ZULIOS LIMITED KEMP HOUSE 152 CITY ROAD LONDON EC1V 2NX
801,,0,742,360 CLOUD NETWORKS LTD 145-157 ST JOHN STREET LONDON EC1V 4PW
802,,0,743,360 DIGI MARKETING LTD KEMP HOUSE 160 CITY ROAD LONDON EC1V 2NX
803,,0,744,3G OUTSOURCE LIMITED 152-160 KEMP HOUSE CITY ROAD EC1V 2NX LONDON EC1V 2NX
804,,0,745,4T TECHNOLOGY LTD KEMP HOUSE 160 CITY ROAD LONDON EC1V 2NX
805,,0,746,ACKNOWLEDGEMENT LIMITED 54 KINGSWAY PLACE SANS WALK LONDON EC1R 0LU
806,,0,747,ACTIVISTIC (UK) LTD SUITE 907 KEMP HOUSE 152 - 160 CITY ROAD LONDON EC1V 2NX
807,,0,748,AGITEK LTD INTERNATIONAL HOUSE 24 HOLBORN VIADUCT LONDON EC1A 2BN
808,,0,749,AGORABYTES LIMITED SUITE / UNIT / OFFICE 36 88-90  HATTON GARDEN HOLBORN LONDON EC1N 8PG
809,,0,750,"AH BUSINESS SERVICES AND CONSULTANCY LTD KEMP HOUSE 152-160, CITY ROAD LONDON EC1V 2NX"
810,,0,751,AIR TUNNEL SOLUTIONS LIMITED SUITE 36 88-90 HATTON GARDEN HOLBORN LONDON EC1N 8PG
811,,0,752,ALLE-IT LTD INTERNATIONAL HOUSE 24 HOLBORN VIADUCT LONDON EC1A 2BN
812,,0,753,ASKIA UK LIMITED C/O WESTBURY 145-157 ST JOHN STREET LONDON EC1V 4PY
813,,0,754,ASMISOFT TECHNOLOGIES LIMITED 2ND FLOOR 145-157 ST.JOHN STREET LONDON EC1V 4PY
814,,0,755,ASTABIS IRM LTD SUITE 48 88-90 HATTON GARDEN LONDON EC1N 8PN
815,,0,756,AUTONOWARE LIMITED 76-80 CITY ROAD LONDON EC1Y 2BJ
816,,0,757,BCN INTEGRATED LTD. 145-157 ST JOHN STR LONDON EC1V 4PY
817,,0,758,BEHIND PIXELS LTD 152 CITY ROAD KEMP HOUSE LONDON EC1V 2NX
818,,0,759,BRAVOSOLUTION UK LIMITED 22-24 ELY PLACE LONDON EC1N 6TE
819,,0,760,BROWN PAPER CONSULTING LIMITED 145-157 ST JOHN STREET LONDON EC1V 4PW
820,,0,761,CAPACITAS LIMITED 69 TURNMILL STREET LONDON EC1M 5RR
821,,0,762,CERBERUS SECURITY LABORATORIES LIMITED KEMP HOUSE 160 CITY ROAD LONDON LONDON EC1V 2NX
822,,0,763,CIBANDO LTD DEVONSHIRE HOUSE 60 GOSWELL ROAD LONDON EC1M 7AD
823,,0,764,CINSPIRED DESIGNS LIMITED 145-157 ST JOHN STREET LONDON EC1V 4PW
824,,0,765,CITY TEST LIMITED KEMP HOUSE 152-160 CITY ROAD LONDON EC1V 2NX
825,,0,766,CLOUD DIGITAL RESEARCH LTD 329A OLD STREET LONDON EC1V 9LE
826,,0,767,CLOUD ESTATE LIMITED KEMP HOUSE 152 CITY ROAD LONDON EC1V 2NX
827,,0,768,CLOUDBRIDGE LTD KEMP HOUSE 160 CITY ROAD LONDON EC1V 2NX
828,,0,769,COASTAL UNION LTD KEMP HOUSE 152 CITY ROAD LONDON EC1V 2NX
829,,0,770,CODELOCKE SOLUTIONS PRIVATE LIMITED KEMP HOUSE 160 CITY ROAD LONDON EC1V 2NX
830,,0,771,COMDEVELOPMENT LIMITED 145-157 ST. JOHN STREET LONDON EC1V 4PW
831,,0,772,COREAZURE LIMITED 16 ST. MARTIN'S LE GRAND LONDON EC1A 4EN
832,,0,773,CREDO JPN LIMITED KEMP HOUSE 160 CITY ROAD LONDON EC1V 2NX
833,,0,774,CROSSCOUNTRY AERO LTD 145-157 ST JOHN STREET LONDON EC1V 4PW
834,,0,775,CRUX NETWORK LIMITED KEMP HOUSE 160 CITY ROAD LONDON EC1V 2NX
835,,0,776,CUSTOM TECHNOLOGY LIMITED FIRST FLOOR 1 EAST POULTRY AVENUE LONDON EC1A 9PT
836,,0,777,DATAFACTUALS LIMITED KEMP HOUSE 160 CITY ROAD LONDON EC1V 2NX
837,,0,778,DATAPOWA LIMITED KEMP HOUSE 160 CITY ROAD LONDON EC1V 2NX
838,,0,779,DAVIES TECHNOLOGY CONSULTING LTD. 34 NEW HOUSE 67-68 HATTON GARDEN LONDON EC1N 8JY
839,,0,780,DEEAZ LTD INTERNATIONAL HOUSE 24 HOLBORN VIADUCT CITY OF LONDON LONDON EC1A 2BN
840,,0,781,DIGITLONDON LIMITED 6 BREWHOUSE YARD LONDON EC1V 4DG
841,,0,782,DILIGENCE CONSULTING LIMITED 145-157 ST. JOHN STREET LONDON EC1V 4PW
842,,0,783,DILIGENCE PROFESSIONAL LIMITED 145-157 ST JOHN STREET LONDON EC1V 4PW
843,,0,784,DS TECHNOLOGIES GROUP LTD. KEMP HOUSE 160 CITY ROAD LONDON EC1V 2NX
844,,0,785,EASYCORE MEDIA LTD KEMP HOUSE 152-160 CITY ROAD LONDON EC1V 2NX
845,,0,786,"ECONWORKS LIMITED FIRST FLOOR, THAVIES INN HOUSE 3-4 HOLBORN CIRCUS LONDON EC1N 2HA"
846,,0,787,EDART LIMITED THIRD FLOOR 111 CHARTERHOUSE STREET LONDON EC1M 6AW
847,,0,788,ELECSERVICE LIMITED 15 BOWLING GREEN LANE LONDON EC1R 0BD
848,,0,789,ENGAGEWITHIN LTD KEMP HOUSE 160 CITY ROAD LONDON EC1V 2NX
849,,0,790,EUPING LIMITED KEMP HOUSE 160 CITY ROAD LONDON LONDON EC1V 2NX
850,,0,791,FAST NETWORK DESIGNS LTD KEMP HOUSE 152 CITY ROAD LONDON EC1V 2NX
851,,0,792,FASTPCS (UK) LTD KEMP HOUSE 152 - 160 CITY ROAD LONDON EC1V 2NX
852,,0,793,FIVESKY LIMITED KEMP HOUSE 152 CITY ROAD LONDON EC1V 2NX
853,,0,794,FLAMINGOS TECHNOLOGY SOLUTIONS UK PRIVATE LIMITED KEMP HOUSE 160 CITY ROAD LONDON EC1V 2NX
854,,0,795,FURNISH.CO.UK LTD 34 NEW HOUSE 67-68 HATTON GARDEN LONDON EC1N 8JY
855,,0,796,GARDENIA-IT LIMITED FLAT 281 ROSDEN HOUSE 372 OLD STREET LONDON EC1V 9LT
856,,0,797,GARYT LIMITED KEMP HOUSE 160 CITY ROAD LONDON EC1V 2NX
857,,0,798,GATEKEEPER (G8) LTD 24 HOLBORN VIADUCT CITY OF LONDON LONDON EC1A 2BN
858,,0,799,GET BUSINESS SERVICES LIMITED 4TH FLOOR 18 ST. CROSS STREET LONDON EC1N 8UN
859,,0,800,GROOVY GECKO LTD 2ND FLOOR 130 OLD STREET LONDON EC1V 9BD
860,,0,801,GS DUN LTD INTERNATIONAL HOUSE 24 HOLBORN VIADUCT LONDON EC1A 2BN
861,,0,802,HALLWAY STUDIOS LIMITED THE TRAMPERY 239 OLD STREET LONDON EC1V 9EY
862,,0,803,HARMAN CONNECTED SERVICES UK LIMITED DEVONSHIRE HOUSE 60 GOSWELL ROAD LONDON EC1M 7AD
863,,0,804,HCI GROUP UK LIMITED GRESHAM HOUSE 24 HOLBORN VIADUCT LONDON EC1A 2BN
864,,0,805,HIGH RELEVANCE LIMITED DEVONSHIRE HOUSE 60 GOSWELL ROAD LONDON EC1M 7AD
865,,0,806,HSD TECHNOLOGIES LIMITED KEMP HOUSE 160 CITY ROAD LONDON EC1V 2NX
866,,0,807,HUBA DIGITAL LIMITED 30 CITY ROAD LONDON EC1Y 2AB
867,,0,808,ICOMPLI LIMITED KEMP HOUSE 152 CITY ROAD LONDON EC1V 2NX
868,,0,809,IKNOW SOLUTIONS UK LTD 150 ALDERSGATE STREET LONDON EC1A 4AB
869,,0,810,INDIGO SQUARED LIMITED SUITE 48 88-90 HATTON GARDEN LONDON EC1N 8PN
870,,0,811,INDUSTRIAL WINCH LTD INTERNATIONAL HOUSE 24 HOLBORN VIADUCT LONDON EC1A 2BN
871,,0,812,INNOVIX LTD OFFICE 36 88-90 HATTON GARDEN LONDON EC1N 8PG
872,,0,813,INTELLIGENT SOLUTIONS TECHNOLOGIES LIMITED OFFICE 34 67-68 HATTON GARDEN LONDON EC1N 8JY
873,,0,814,INTERNET PROMOTION EUROPE LIMITED DELTA SOLUTION TRADE CENTER HOLBORN LONDON EC1N 8PG
874,,0,815,INZU LIMITED SUITE 48 88-90 HATTON GARDEN LONDON EC1N 8PN
875,,0,816,JAZZ SOFTWARE LIMITED THIRD FLOOR 111 CHARTERHOUSE STREET LONDON EC1M 6AW
876,,0,817,K1 LIMANOWKA LTD INTERNATIONAL HOUSE 24 HOLBORN VIADUCT LONDON EC1A 2BN
877,,0,818,L.E.D. PRODUCTIONS LIMITED HIGGISON HOUSE 381-383 CITY ROAD LONDON EC1V 1NW
878,,0,819,LEARNING CONNEXIONS (UK) LTD. 5 5 ST JOHN'S LANE LONDON EC1M 4BH
879,,0,820,LIFFEY LABS LIMITED KEMP HOUSE 160 CITY ROAD LONDON LONDON EC1V 2NX
880,,0,821,LONDON DIGITALBEAMS LIMITED KEMP HOUSE 152 CITY ROAD LONDON EC1V 2NX
881,,0,822,LTB DIGITAL LIMITED KEMP HOUSE 160 CITY ROAD LONDON EC1V 2NX
882,,0,823,MACROLINK SOLUTIONS LTD KEMP HOUSE 160 CITY ROAD LONDON EC1V 2NX
883,,0,824,MAGENCO LTD KEMP HOUSE CITY ROAD LONDON LONDON EC1V
884,,0,825,MAIDENHEAD BRIDGE LIMITED KEMP HOUSE 160 CITY ROAD LONDON LONDON EC1V 2NX
885,,0,826,"MARIUS DALEY LTD. KEMP HOUSE, 152 CITY ROAD LONDON EC1V 2NX"
886,,0,827,MARKET APPEAL LIMITED INTERNATIONAL HOUSE 24 HOLBORN VIADUCT LONDON EC1A 2BN
887,,0,828,MAXHILL CONSULTING LTD 145-157 ST JOHN STREET LONDON EC1V 4PW
888,,0,829,MBTA LIMITED FLAT E 48 CLERKENWELL CLOSE LONDON EC1R 0AJ
889,,0,830,METALUXO IT SECURITY LTD 24 HOLBORN VIADUCT LONDON EC1A 2BN
890,,0,831,METHODS DIGITAL LIMITED 16 ST. MARTIN'S LE GRAND LONDON EC1A 4EN
891,,0,832,METHODS ENTERPRISE LIMITED 16 ST. MARTIN'S LE GRAND LONDON EC1A 4EN
892,,0,833,MICRO PHOENIX KEMP HOUSE 152-160 CITY ROAD LONDON EC1V 2NX
893,,0,834,MIDDLE EAST CAREER LTD MIDDLE EAST CAREER 152 KEMP HOUSE CITY ROAD LONDON EC1V 2NX
894,,0,835,MITHRA MEDIA LTD INTERNATIONAL HOUSE 24 HOLBORN VIADUCT LONDON EC1A 2BN
895,,0,836,MIU NETWORK LTD 160 CITY ROAD KEMP HOUSE LONDON EC1V 2NX
896,,0,837,MULTIPLOGIC LIMITED KEMP HOUSE 160 CITY ROAD LONDON LONDON EC1V 2NX
897,,0,838,MUNDUS LIMITED THIRD FLOOR 111 CHARTERHOUSE STREET LONDON EC1M 6AW
898,,0,839,MYMALL LTD KEMP HOUSE 160 CITY ROAD LONDON EC1V 2NX
899,,0,840,NCODER MEDIA SERVICES LIMITED KEMP HOUSE 160 CITY ROAD LONDON LONDON EC1V 2NX
900,,0,841,NELLESYS LTD KEMP HOUSE 160 CITY ROAD LONDON LONDON EC1V 2NX
901,,0,842,NEOPRAXIS LIMITED INTERNATIONAL HOUSE 24 HOLBORN VIADUCT LONDON EC1A 2BN
902,,0,843,NETSTAR UK LTD 83 CLERKENWELL ROAD LONDON EC1R 5AG
903,,0,844,NEWCOINCLUB LIMITED KEMP HOUSE 160 CITY ROAD LONDON LONDON EC1V 2NX
904,,0,845,NIO INNOVATION LIMITED 40 HOLBORN VIADUCT LONDON EC1N 2PZ
905,,0,846,NU INNOVATION LIMITED 2ND FLOOR 145-157 ST JOHN STREET LONDON EC1V 4PY
906,,0,847,"OBAFORTE LIMITED KEMP HOUSE, 152 CITY ROAD LONDON EC1V 2NX"
907,,0,848,ONLINUM LIMITED KEMP HOUSE 160 CITY ROAD LONDON LONDON EC1V 2NX
908,,0,849,ORHAN IT SERVICES LTD. INTERNATIONAL HOUSE 24 HOLBORN VIADUCT CITY OF LONDON LONDON EC1A 2BN
909,,0,850,"ORLON SOLUTIONS LTD KEMP HOUSE, 152 CITY ROAD LONDON EC1V 2NX"
910,,0,851,PETCONNECT TECHNOLOGIES LIMITED KEMP HOUSE 160 CITY ROAD LONDON LONDON EC1V 2NX
911,,0,852,POLMODE LIMITED KEMP HOUSE 160 CITY ROAD LONDON LONDON EC1V 2NX
912,,0,853,PUZZLESTONE LIMITED SUITE 48 88-90 HATTON GARDEN LONDON EC1N 8PN
913,,0,854,RAZOR AGENCY LIMITED KEMP HOUSE 152 CITY ROAD LONDON EC1V 2NX
914,,0,855,REAPIT LIMITED 67 - 74 SAFFRON HILL LONDON EC1N 8QX
915,,0,856,RECOGNITION ARTIST MANAGEMENT LIMITED 54 KINGSWAY PLACE SANS WALK LONDON EC1R 0LU
916,,0,857,RELOCATION LIMITED 3RD FLOOR 24 CHISWELL STREET LONDON EC1Y 4YX
917,,0,858,RIGHTS TRACKER LIMITED 80-83 LONG LANE LONDON EC1A 9ET
918,,0,859,SCASASCIA LIMITED 8A WEST SMITHFIELD LONDON EC1A 9JR
919,,0,860,SEARCH ENGINEERS LIMITED KEMP HOUSE 160 CITY ROAD LONDON EC1V 2NX
920,,0,861,SEIDOR UK LTD KEMP HOUSE 160 CITY ROAD LONDON EC1V 2NX
921,,0,862,SELECT CONSULTING PARTNERS LIMITED INTERNATIONAL HOUSE 24 HOLBORN VIADUCT LONDON EC1A 2BN
922,,0,863,SERVERMASTER LTD KEMP HOUSE 160 CITY ROAD LONDON EC1V 2NX
923,,0,864,"SMALL WORLD SOLUTIONS LIMITED ST. MARTIN'S HOUSE, 16 ST. MARTIN'S LE GRAND LONDON EC1A 4EN"
924,,0,865,SMART TRANSFER LIMITED FINSGATE 5-7 CRANWOOD STREET LONDON EC1V 9EE
925,,0,866,SOLYARIS LTD 329A OLD STREET LONDON EC1V 9LE
926,,0,867,SPORTMATE INT. LIMITED INTERNATIONAL HOUSE HOLBORN VIADUCT LONDON EC1A 2BN
927,,0,868,STONEWALL IT SOLUTIONS LTD KEMP HOUSE 160 CITY ROAD LONDON EC1V 2NX
928,,0,869,SUPERMICRO LIMITED 11TH FLOOR 200 ALDERSGATE STREET LONDON EC1A 4HD
929,,0,870,THE GDPR GROUP LIMITED KEMP HOUSE 160 CITY ROAD LONDON LONDON EC1V 2NX
930,,0,871,TIEFNETZ LIMITED KEMP HOUSE 160 CITY ROAD LONDON EC1V 2NX
931,,0,872,TIER 1 PUBLISHING LIMITED UNIT 36 88-90 HATTON GARDEN HOLBORN LONDON EC1N 8PN
932,,0,873,TRANK TECHIES PRIVATE LIMITED KEMP HOUSE 160 CITY ROAD LONDON EC1V 2NX
933,,0,874,TRANSGLOBE TRADING CORPORATION LIMITED 145-157 ST. JOHN STREET LONDON EC1V 4PY
934,,0,875,TROENDLE LIMITED KEMP HOUSE 152 CITY ROAD LONDON EC1V 2NX
935,,0,876,TURTL SURF &  IMMERSE LIMITED KEMP HOUSE CITY ROAD LONDON EC1V 2NX
936,,0,877,ULTRARAPID LOCAL DELIVERY LTD THIRD FLOOR 24 CHISWELL STREET LONDON EC1Y 4YX
937,,0,878,UNTESTED LIMITED KEMP HOUSE 3RD FLOOR 135 160 CITY ROAD LONDON EC1V 2DW
938,,0,879,UPSHOT LIMITED KEMP HOUSE 160 CITY ROAD LONDON EC1V 2NX
939,,0,880,"URBAN INTELLIGENCE LTD 603, 25B GOSWELL ROAD LONDON EC1M 7AJ"
940,,0,881,US COMPUTERS (UK) LIMITED 334 - 336 GOSWELL ROAD LONDON EC1V 7RP
941,,0,882,VELOCITI EUROPE LIMITED MILTON GATE 60 CHISWELL STREET LONDON EC1Y 4AG
942,,0,883,VOIPEX LIMITED 1 CHARTERHOUSE MEWS LONDON EC1M 6BB
943,,0,884,VUNGLE LIMITED CLOVER HOUSE 147-149 FARRINGDON ROAD LONDON EC1R 3AB
944,,0,885,WALLEPT LTD 145-157 ST. JOHN STREET LONDON EC1V 4PW
945,,0,886,WEBADELICA LTD 145-157 ST JOHN STREET LONDON EC1V 4PW
946,,0,887,WEBJETS LIMITED KEMP HOUSE CITY ROAD LONDON EC1V 2NX
947,,0,888,WHITE LIGHT TECHNOLOGY LTD 3RD FLOOR 111 CHARTERHOUSE STREET LONDON EC1M 6AW
948,,0,889,WIPSTY LTD KEMP HOUSE 160 CITY ROAD LONDON LONDON EC1V 2NX
949,,0,890,WIRED CANVAS LIMITED 34 NEW HOUSE 67-68 HATTON GARDEN LONDON EC1N 8JY
950,,0,891,WISENS LIMITED 2ND FLOOR 145-157 ST.JOHN STREET LONDON EC1V 4PY
951,,0,892,WORIFY MEDIA LTD KEMP HOUSE 160 CITY ROAD LONDON EC1V 2NX
952,,0,893,XANTURA LIMITED 3-11 PINE STREET LONDON EC1R 0JH
953,,0,894,ZOEPROPERTY LTD 4TH FLOOR 18 ST. CROSS STREET LONDON EC1N 8UN
954,,0,895,ADEVANCE LTD INTERNATIONAL HOUSE 24 HOLBORN VIADUCT LONDON EC1A 2BN
955,,0,896,AGILE KONSULT LIMITED KEMP HOUSE 152 CITY ROAD LONDON EC1V 2NX
956,,0,897,ALLIED WARDEN MARKETING LIMITED C/O TEMPLES KEMP HOUSE 152-160 CITY ROAD LONDON EC1V 2NX
957,,0,898,ANI ALEXANDER LTD INTERNATIONAL HOUSE HOLBORN VIADUCT LONDON CITY OF LONDON EC1A 2BN
958,,0,899,ANTLERE LIMITED 150 ALDERSGATE STREET LONDON EC1A 4AB
959,,0,900,ANYTIME AROUND LTD 145-157 ST JOHN STREET LONDON EC1V 4PW
960,,0,901,AUREOLIN CORPORATION LIMITED 145-157 ST JOHN STREET LONDON EC1V 4PY
961,,0,902,AXTEK LTD 145-157 ST JOHN STREET LONDON EC1V 4PW
962,,0,903,BIG DATA PARTNERSHIP LIMITED JEFFREYS HENRY LLP FINSGATE 5-7 CRANWOOD STREET LONDON EC1V 9EE
963,,0,904,BIMOPS LTD KEMP HOUSE 160 CITY ROAD LONDON EC1V 2NX
964,,0,905,BLUE-CANOE LIMITED KEMP HOUSE 160 CITY ROAD LONDON EC1V 2NX
965,,0,906,CHAINSIDE LTD KEMP HOUSE 160 CITY ROAD LONDON EC1V 2NX
966,,0,907,CHINA GREAT FIRE WALL NETWORK LIMITED 160 KEMP HOUSE CITY ROAD LONDON EC1V 2NX
967,,0,908,CHOICE WHEEL LTD 145-157 ST JOHN STREET LONDON EC1V 4PW
968,,0,909,CYBER-GUARD ENTERPRISE LTD INTERNATIONAL HOUSE 24 HOLBORN VIADUCT LONDON EC1A 2BN
969,,0,910,DEV4BB LIMITED 82 ST JOHN STREET LONDON EC1M 4JN
970,,0,911,DIGITAL TACTICS INFRASTRUCTURE LTD FINSGATE 5-7 CRANWOOD STREET LONDON EC1V 9EE
971,,0,912,DOMAIN CORP LTD KEMP HOUSE 152 - 160 CITY ROAD LONDON EC1V 2NX
972,,0,913,DTS SOLUTION - CYBER SECURITY LIMITED KEMP HOUSE 160 CITY ROAD LONDON EC1V 2NX
973,,0,914,DUFTAR LIMITED KEMP HOUSE 160 CITY ROAD LONDON EC1V 2NX
974,,0,915,EPIPHYTE (UK) LTD 150 CITY ROAD FIRST FLOOR LONDON EC1V 2NL
975,,0,916,ETHICA INTERNET LTD KEMP HOUSE 160 CITY ROAD LONDON LONDON EC1V 2NX
976,,0,917,EUSTON CONSULTANCY SERVICES LTD FINSGATE 5-7 CRANWOOD STREET LONDON EC1V 9EE
977,,0,918,F2 CONSULTANTS LIMITED THIRD FLOOR 111 CHARTERHOUSE STREET LONDON EC1M 6AW
978,,0,919,G1ANT LTD 101 CLERKENWELL ROAD LONDON EC1R 5BX
979,,0,920,GLOBAL BIZZ SERVICES LIMITED KEMP HOUSE 160 CITY ROAD LONDON EC1V 2NX
980,,0,921,HIERARCHY CONSULTING LIMITED 152 KEMP HOUSE 152-160 CITY ROAD LONDON EC1V 2NX
981,,0,922,HUBJET LIMITED 145-157 ST JOHN STREET LONDON EC1V 4PW
982,,0,923,IKERTON LTD FLAT 6 MONTGOMERY BUILDINGS 81-89 FARRINGDON ROAD LONDON EC1M 3LL
983,,0,924,INDUS GLOBAL CORP LTD KEMP HOUSE 160 CITY ROAD LONDON LONDON EC1V 2NX
984,,0,925,INNOVATIVE INTERFACES INTERNATIONAL LIMITED 11TH FLOOR 200 ALDERSGATE STREET LONDON EC1A 4HD
985,,0,926,INNOVATIVE INTERFACES LIMITED 11TH FLOOR 200 ALDERSGATE STREET LONDON EC1A 4HD
986,,0,927,INSTASMART SOFTWARE SOLUTIONS LIMITED KEMP HOUSE 160 CITY ROAD LONDON LONDON EC1V 2NX
987,,0,928,ITCSS (IT CONSULTING SUPPORT &  STRATEGIES) LTD 34 NEW HOUSE 67-68 HATTON GARDEN LONDON EC1N 8JY
988,,0,929,JAYS SYSTEMS LTD 34 NEW HOUSE 67-68 HATTON GARDEN LONDON EC1N 8JY
989,,0,930,JMLNET LTD INTERNATIONAL HOUSE 24 HOLBORN VIADUCT LONDON EC1A 2BN
990,,0,931,JOUPLE LIMITED KEMP HOUSE 160 CITY ROAD LONDON EC1V 2NX
991,,0,932,LOST PIXELS LIMITED KEMP HOUSE 160 CITY ROAD LONDON EC1V 2NX
992,,0,933,MAKE IT PROFESSIONAL LTD INTERNATIONAL HOUSE 24 HOLBORN VIADUCT LONDON EC1A 2BN
993,,0,934,MATSON DIGITAL LTD SUITE 15922 LOWER GROUND FLOOR 145-157 ST JOHN STREET LONDON EC1V 4PW
994,,0,935,MAXOFT LIMITED KEMP HOUSE 160 CITY ROAD LONDON LONDON EC1V 2NX
995,,0,936,MINDVIEW CONSULTING LIMITED KEMP HOUSE 152 CITY ROAD LONDON EC1V 2NX
996,,0,937,"MORGAN BROOKS SERVICES LTD INTERNATIONAL HOUSE, 24 HOLBORN VIADUCT LONDON EC1A 2BN"
997,,0,938,MTG ENTERPRISE LIMITED 145-157 ST JOHN STREET LONDON EC1V 4PW
998,,0,939,NEW CRANE LIMITED 3-7 HERBAL HILL LONDON EC1R 5EJ
999,,0,940,OCTAVIAN TECHNOLOGY LTD 145-157 ST JOHN STREET LONDON EC1V 4PW
1000,,0,941,PERSEA TECHNOLOGIES LIMITED 145-157 ST JOHN STREET LONDON EC1V 4PW
1001,,0,942,QUALITY GOODS &  SERVICES LTD INTERNATIONAL HOUSE 24 HOLBORN VIADUCT LONDON EC1A 2BN
1002,,0,943,REDMAIN SOLUTIONS LTD 80 -83 LONG LANE LONDON EC1A 9ET
1003,,0,944,REDSHIFT TECHNOLOGIES LIMITED KEMP HOUSE 160 CITY ROAD LONDON EC1V 2NX
1004,,0,945,REDSTONE CONVERGED SOLUTIONS LIMITED 40 HOLBORN VIADUCT LONDON EC1N 2PB
1005,,0,946,SAFEGUARD IT LIMITED KEMP HOUSE 152 - 160 CITY ROAD LONDON EC1V 2NX
1006,,0,947,SHOOT ME LIMITED C/O. TOBIN ASSOCIATES LIMITED 4TH FLOOR 63 - 66 HATTON GARDEN LONDON EC1N 8LE
1007,,0,948,SIGNATURE NETWORK SOLUTIONS LIMITED KEMP HOUSE 152 TO 160 CITY ROAD LONDON EC1V 2NX
1008,,0,949,SIMPLEWORKS INT. LIMITED SUITE 48 88-90 HATTON GARDEN LONDON EC1N 8PN
1009,,0,950,SMARTMED GLOBAL LIMITED KEMP HOUSE 152 CITY ROAD LONDON EC1V 2NX
1010,,0,951,SOFTIMPEX LTD. 3RD FLOOR 49 FARRINGDON ROAD LONDON EC1M 3JP
1011,,0,952,SONERA CORPORATIVE LTD. 3RD FLOOR 49 FARRINGDON ROAD LONDON LONDON EC1M 3JP
1012,,0,953,SPARTALINK LTD CRUSADER HOUSE 145-157 ST. JOHN STREET SUITE 13511 LONDON EC1V 4PY
1013,,0,954,SPECIALIST COMPUTER SOFTWARE LIMITED KEMP HOUSE 160 CITY ROAD LONDON EC1V 2NX
1014,,0,955,SS&C SOLUTIONS LIMITED 1 ST. MARTIN'S LE GRAND LONDON LONDON EC1A 4AS
1015,,0,956,SYNATEL LIMITED 2ND FLOOR 145-157 ST JOHN STREET LONDON EC1V 4PY
1016,,0,957,TECHXCHANGE CONSULTING LIMITED KEMP HOUSE 160 CITY ROAD LONDON EC1V 2NX
1017,,0,958,TEKMONKS LTD TEKMONKS KEMP HOUSE 152 CITY ROAD LONDON EC1V 2NX
1018,,0,959,TOTAL SYSTEMS PLC 394 CITY ROAD LONDON EC1V 2QA
1019,,0,960,TRADERSERVE LIMITED 12-16 LAYSTALL STREET CLERKENWELL LONDON EC1R 4PF
1020,,0,961,UNIGRAND TECHNOLOGY LIMITED 4TH FLOOR 107 CHARTERHOUSE STREET LONDON ENGLAND EC1M 6HW
1021,,0,962,UTD. BY CONTENT UK LIMITED 79 CLERKENWELL ROAD LONDON EC1R 5AR
1022,,0,963,VELO PRODUCTION LTD 329A OLD STREET LONDON EC1V 9LE
1023,,0,964,VENTURE SYSTEMS LIMITED 150 ALDERSGATE STREET LONDON EC1A 4AB
1024,,0,965,VIVID BLOCK LIMITED KEMP HOUSE 160 CITY ROAD LONDON EC1V 2NX
1025,,0,966,VYCRON DESIGN LIMITED 15 BOWLING GREEN LANE LONDON EC1R 0BD
1026,,0,967,YOUNG ROBOT LTD INTERNATIONAL HOUSE 24 HOLBORN VIADUCT LONDON EC1A 2BN
1027,,0,968,'RIMS ENTERPRISE SOLUTIONS LTD 38 MOUNT STREET ABERDEEN AB25 2QT
1028,,0,969,*+ LTD ENTERPRISE COURT DOWNMILL ROAD BRACKNELL RG12 1QS
1029,,0,970,01 TELECOM LTD THE OLD FACTORY 30-31 DEVONSHIRE PLACE BRIGHTON EAST SUSSEX BN2 1QB
1030,,0,971,01SOLUTION LTD 1417/1419 LONDON ROAD NORBURY LONDON SW16 4AH
1031,,0,972,08845746 LTD 58 BULSTRODE AVENUE HOUNSLOW MIDDLESEX TW3 3AD
1032,,0,973,0902 LIMITED 7 ST JOHN'S ROAD HARROW MIDDLESEX HA1 2EY
1033,,0,974,0PT1MATES LTD. UNIT 11 HOVE BUSINESS CENTRE FONTHILL ROAD HOVE EAST SUSSEX BN3 6HA
1034,,0,975,0TENTIC8 LIMITED 10 FINSBURY SQUARE LONDON EC2A 1AF
1035,,0,976,1 B C LTD 79 STANLEY AVENUE ROMFORD RM2 5DJ
1036,,0,977,1 CHOICE INTERNET LIMITED 5 BEACON CLOSE FARNHAM SURREY GU10 4PA
1037,,0,978,1 MEDIA LIMITED UNIT 3A KIRKBY LONSDALE BUSINESS PARK KIRKBY LONSDALE CARNFORTH LANCASHIRE LA6 2GT
1038,,0,979,1 MINUS 1 LIMITED MOLEX HOUSE THE MILLENNIUM CENTRE CROSBY WAY FARNHAM SURREY GU9 7XX
1039,,0,980,1 ONION LTD 53 BALHAM GROVE LONDON SW12 8AZ
1040,,0,981,1 STOP WEB LIMITED 239 ILFORD LANE ILFORD ESSEX IG1 2SB
1041,,0,982,1&1 INTERNET LIMITED DISCOVERY HOUSE 154 SOUTHGATE STREET GLOUCESTER GLOUCESTERSHIRE GL1 2EX
1042,,0,983,10 CREATIVE LTD 28 WIMPOLE ROAD GREAT EVERSDEN CAMBRIDGE CB23 1HR
1043,,0,984,10 DIGITAL LADIES LIMITED 48 DEFOE ROAD LONDON N16 0EH
1044,,0,985,"10 SQUARE LIMITED SUITE 1, ARMCON BUSINESS PARK LONDON ROAD SOUTH POYNTON STOCKPORT CHESHIRE SK12 1LQ"
1045,,0,986,10000 VOLT TECHNOLOGIES LIMITED 1ST FLOOR 314 REGENTS PARK ROAD FINCHLEY LONDON N3 2LT
1046,,0,987,10001 LIMITED 19 REDDOWN ROAD COULSDON SURREY CR5 1AN
1047,,0,988,1001 VM LIMITED 169 SEABANK ROAD WALLASEY MERSEYSIDE CH45 7QL
1048,,0,989,100STARLINGS LIMITED DEVONSHIRE HOUSE 582 HONEYPOT LANE STANMORE MIDDLESEX HA7 1JS
1049,,0,990,100X TECH LTD UNIT 11 HOVE BUSINESS CENTRE FONTHILL ROAD HOVE EAST SUSSEX BN3 6HA
1050,,0,991,101 CAD LTD 92A STATION ROAD LEIGH-ON-SEA ESSEX SS9 1SU
1051,,0,992,101 IT LIMITED 30 MARKET PLACE SWAFFHAM NORFOLK PE37 7QH
1052,,0,993,"101 NET SOLUTIONS LTD THE OLD BANK, 205 - 207 HIGH STREET, COTTENHAM CAMBRIDGE CB24 8RX"
1053,,0,994,101 SOLUTIONS LIMITED 45-47 HIGH STREET 2ND FLOOR COBHAM SURREY KT11 3DP
1054,,0,995,101 SYSTEM WORKS LTD 101 ORCHARD ROAD ERDINGTON BIRMINGHAM B24 9JE
1055,,0,996,"101 WEB LIMITED 17 MIDLAND COURT, STATION APPROACH, OAKHAM RUTLAND LE15 6RA"
1056,,0,997,101DOMAIN LIMITED C/O FLETCHER KENNEDY LIMITED 72 HIGH STREET HASLEMERE SURREY GU27 2LA
1057,,0,998,101SMART LIMITED UNIT 15 BEECH AVENUE TAVERHAM NORWICH NORFOLK NR8 6HW
1058,,0,999,"1045 DESIGN STUDIOS LTD 10TH FLOOR, K &amp; B ACCOUNTANCY GROUP ONE CANADA SQUARE CANARY WHARF LONDON E14 5AA"
1059,,0,1000,10DUKE SOFTWARE LTD. 2 WATER LANE LONDON NW1 8NZ
1060,,1,1,1 MOBILE LIMITED 30 CITY ROAD LONDON EC1Y 2AB
1061,,1,2,1 MOB LTD 30 CITY ROAD LONDON ECIY 2AB
1062,,1,3,1 MOBILE LIM 30 CITY ROAD LONDON EC1Y 2AB
1063,,1,4,1 MOBILE LIMITED 30 city RD LONDON EC1Y 2AB
1064,,1,5,1 MOBILE LIM 30 CITY ROAD LON EC1Y 2AB
1065,,1,6,1 MOBILE LIM 30 CITY ROAD LONDON
1066,,1,7,MOBILE LIM 30 CITY ROAD LONDON EC1Y 2AB
1067,,1,8,1 MOBILE LIM 30 CITY LONDON EC1Y 2AB
1068,,1,9,1  LIMITED 30 CITY ROAD LONDON EC1Y 2AB
1069,,1,10,1 MOBILE LIMITED CITY ROAD LONDON EC1Y 2AB
1070,,1,11,1 MOB LIM 30 CITY RD LONDON EC1Y
1071,,1,12,6 MOBILE LIMITED 40 CITY ROAD LONDON EC1Y 2AB
1072,,1,13,1 MOBILE LIMITED 7 CITY ROAD LONDON  2AB
1073,,1,14,1 MOBILE LIMITED LONDON EC1Y 2AB
1074,,1,15,30 CITY ROAD LONDON EC1Y 2AB
1075,,1,16,1 MOBILE LIMITED 30 CITY ROAD
1076,,1,17,90 MOBILE 30 CITY STREET LONDON EC1Y 2AB
1077,,1,18,#1 MOBILE LIM. 30 CITY ROAD LONDON
1078,,1,19,LONDON MOBILE LIMITED #1 30 CITY ROAD EC1Y 2AB
1079,,1,20,30 CITY ROAD 1 MOBILE LIMITED LONDON EC1Y 2AB
1080,,1,21,ACTION FOR THE FUTURE limited 145-157 ST JOHN strt LONDON
1081,,1,22, 145-157 ST JOHN STREET ACTION FOR THE FUTURE LIMITED LONDON EC1V 4PW
1082,,1,23,ACTION FOR THE FUTURE ST JOHN STREET LONDON
1083,,1,24,145-157 ST JOHN STREET LONDON EC1V 4PW
1084,,1,25,ACTION fr future LIMITED 145-157 SainT JOHN st LON EC1V 4PW
1085,,1,26,ACTION FOR THE FUTURE 145 ST JOHN road LONDON
1086,,1,27,future LTD 157 ST JOHN STREET LONDON 4PW
1087,,1,28,ACTION FOR THE FUTURE LTD 145-157 ST JOHN STREET LONDON EC1V 4PW
1088,,1,29,ACTION FOR THE FUTURE LTD
1089,,1,30,ACTION FOR FUTURE ST JOHN STREET EC1V 4PW
1090,,1,31,AMLEU sftwr DEV UK LIMmITED 1 CHARTER HOUSE LONDON 6BB
1091,,1,32,SOFTWARE Dev UK LIMITED 1 Chater LONDON EC1M 6BB
1092,,1,33,amleu DEVELOPMENT UK CHARTERHOUSE MEWS
1093,,1,34,AMLEU UK LIMITED 1 CHARTERHOUSE MEWS  LONDON EC1M 6BB
1094,,1,35,amlew SOFTWARE DEVELOPMENT UK LIMITED 1 CHARTERHOUSE MEWS LONDON LONDON EC1M 6BB
1095,,1,36,AMLEU SOFTWARE dvlmp UK LIMITED 1 CHARTERHOUSE MEWS LONDON LONDON EC1M 6BB
1096,,1,37,AMLEU SOFTWARE DEVELOPMENT United Kingdom ltd 1 CHARTERHOUSE MEWS LONDON LONDON EC1M 6BB
1097,,1,38,AMLEU SOFTWARE DEVELOPMENT UK LIMITED 09234 CHARTERHOUSE MEWS LONDON LONDON EC1M 6BB
1098,,1,39,AMLEU SOFTWARE DEVELOPMENT UK LIMITED 1 CHARTERHOUSE MEWS LONDON LONDON EC1M 6BB
1099,,1,40,AMLEU SOFTWARE DEVELOPMENT UK LIMITED 1 CHARTERHOUSE MEWS LONDON LONDON EC1M 6BB
1100,,1,41,GENESIS TECH ARCHICTURE LIMIED GOLDER BAQA GRND FLR 1 BAKER ROW LONDON EC1R 3DB
1101,,1,42,GENES TECHNOL ARCHITECT ltd company GOLDER  LONDON
1102,,1,43,GENESIS TECHNOLOGY ARCHITECTURE GOLDER BAQA BAKER'S ROW LONDON
1103,,1,44,GENESIS TECHNOLOGY ARCHITECTURE LIMITED
1104,,1,45,1 BAKER'S ROW LONDON EC1R 3DB
1105,,1,46,"ABLINX LIMITED 7TH FLOOR, 16 ST. MARTIN'S LE GRAND LONDON EC1A 4EE"
1106,,1,47,ABLINX LIMITED 16 STREET MARTIN'S LE GRAND LONDON EC1A 4EE
1107,,1,48,ABLINX LIMITED 16 ST. MARTIN'S LE GRAND
1108,,1,49,"ABLINX LIMITED 7TH FLOOR, 16 ST. MARTIN'S LE GRAND"
1109,,1,50,ABLINX LIMITED 7TH FLOOR
1110,,1,51,ACTIVATED THINKING LIMITED KEMP HOUSE
1111,,1,52,ACTIVATED LIMITED KEMP HOUSE 152 CITY ROAD LONDON EC1V 2NX
1112,,1,53,ACTIVATED THINKING LIMITED KEMP HOUSE 152 CITY Street LONDON 
1113,,1,54,ACTIVATED THINKING LIMITED KEMP 152 CITY ROAD LONDON EC1V 2NX
1114,,1,55,ACTIVATED THINKING LIMITED KEMP HOUSE 30495803 CITY ROAD LONDON EC1V 2NX
1115,,1,56,ARTESAN STUDIOS LIMITED 57A FARRINGDON ROAD LONDON EC1M 3JB
1116,,1,57,ARTESAN STUDIOS 57 FARRINGDON ROAD LONDON EC1M 3JB
1117,,1,58,ARTESAN STUDIOS FARRINGDON ROAD LONDON
1118,,1,59,ARTESAN STUDIOS LIMITED LONDON EC1M 3JB
1119,,1,60,ARTESAN 57A FARRINGDON ROAD LONDON
